Claim_ID,Image_Name,Damage_Type,Image_Order
CLM000001,0001_jpeg_jpg.rf.KBqmG8M7yK1PtzEXP900.jpg,smash,Front
CLM000001,0001_jpeg_jpg.rf.NnW7iPoCmIxNbocab5LL.jpg,smash,Rear
CLM000001,0007_JPEG.rf.Lg5BPB6Cs6BVEGB85H2y.JPEG,scratch,Left
CLM000001,0009_JPEG.rf.gNmjFUmWNWezg6wktn4B.JPEG,glass_break,Right
CLM000002,0011_JPEG.rf.dn4bkt6mKkspfeFyZcSd.JPEG,scratch,Front
CLM000002,0013_JPEG.rf.h50sWhKPt9x79R2fleSV.JPEG,dent,Rear
CLM000002,0015_JPEG.rf.Tvb42XDIsVyNKAEoUvc8.JPEG,dent,Left
CLM000003,0016_JPEG.rf.0YLGZR5vHHKOpnXtGnBy.JPEG,smash,Front
CLM000003,0017_JPEG.rf.U0TjfBz3swubvqfsyHnj.JPEG,smash,Rear
CLM000003,0018_JPEG.rf.9mgellCpTxLiduunJRdo.JPEG,glass_break,Left
CLM000003,0019_JPEG.rf.NAvqTtnDNdunHVm9wa7J.JPEG,scratch,Right
CLM000004,0021_JPEG.rf.pxcXWXOwsq5Kf5gdgirr.JPEG,smash,Front
CLM000004,0023_JPEG.rf.HfoCB6kvrUAl4Jx1xxRo.JPEG,dent,Rear
CLM000005,0024_JPEG.rf.eyjF32vVkazpG9lvAvkk.JPEG,glass_break,Front
CLM000005,0025_JPEG.rf.pmTqs5slzrSUVV0EAxKZ.JPEG,scratch,Rear
CLM000006,0026_JPEG.rf.gscZWHFzQFYzIdYXwjLI.JPEG,smash,Front
CLM000006,0030_JPEG.rf.j7URHZNfl4eTu8j1MIrg.JPEG,glass_break,Rear
CLM000007,0033_JPEG.rf.qHW2ErI3gwWdMlQzUdc0.JPEG,smash,Front
CLM000007,0035_JPEG.rf.jrKscJFm7jS4EvBccP71.JPEG,glass_break,Rear
CLM000007,0038_JPEG_jpg.rf.mST28VuyDJu9CwpU0fNa.jpg,smash,Left
CLM000007,0038_JPEG_jpg.rf.NJAHly27xugv6GJC57QY.jpg,smash,Right
CLM000008,0038_JPEG_jpg.rf.OZuBnL8bEBz4vUDXk7W2.jpg,smash,Front
CLM000008,0039_JPEG.rf.gcE8C64WQkVWBcsQOzGZ.JPEG,smash,Rear
CLM000009,0040_JPEG.rf.TIctAGsRiEJ525XnOGuJ.JPEG,dent,Front
CLM000009,0040_JPEG_jpg.rf.LUgHEqQAeEjHjad7KgVU.jpg,dent,Rear
CLM000009,0040_JPEG_jpg.rf.XsA91rqPXumikZlBC7D5.jpg,dent,Left
CLM000010,0041_JPEG.rf.qNyiLeRXtvQzTJIicf9D.JPEG,glass_break,Front
CLM000010,0046_JPEG.rf.WYFTTUGOd5TG5Vzgtz53.JPEG,glass_break,Rear
CLM000011,0051_JPEG.rf.JnGXKttPbuJHujMQpn7N.JPEG,dent,Front
CLM000011,0052_JPEG.rf.EkCkliigtMgtnby96Lza.JPEG,smash,Rear
CLM000011,0053_JPEG.rf.Z198j5l3uT99ukxMVEep.JPEG,scratch,Left
CLM000011,0054_JPEG.rf.fSPjasdwuzBNNM5H1iQj.JPEG,smash,Right
CLM000012,0055_JPEG_jpg.rf.hnnN5HwdcDW0F41V5rTs.jpg,smash,Front
CLM000012,0055_JPEG_jpg.rf.Wg881qcI8LMMqoS8gpa1.jpg,smash,Rear
CLM000012,0060_JPEG.rf.hEnlcm47m9szVgIFncK2.JPEG,glass_break,Left
CLM000012,0061_JPEG.rf.MAgCj1FkA6k5zdaWXtMO.JPEG,glass_break,Right
CLM000013,0066_JPEG.rf.N2Z8MCJNjPSHAkJqMMOs.JPEG,smash,Front
CLM000013,0074_JPEG.rf.efOypHEsVZm5NJCSwP6L.JPEG,glass_break,Rear
CLM000014,0078_JPEG.rf.eQlXwzDaDI5DSveu9j5w.JPEG,glass_break,Front
CLM000014,0083_JPEG.rf.u78FIspBYzYJ0yF5Tqjy.JPEG,smash,Rear
CLM000015,0085_JPEG.rf.YhayJmLzNSsi3d9DXnTq.JPEG,glass_break,Front
CLM000015,0088_JPEG.rf.spLbHq7UIRsfDCtUawwd.JPEG,smash,Rear
CLM000016,0093_JPEG.rf.2cHdnIQ01KcaUBRfxriH.JPEG,glass_break,Front
CLM000016,0094_JPEG.rf.gsVnAS0INxKqYCg2pafu.JPEG,smash,Rear
CLM000016,0097_JPEG.rf.4DUrpsRAK3uJ7Cl3zKt5.JPEG,smash,Left
CLM000017,0108_JPEG_jpg.rf.1sazlAJuLtVdLLUZDPJs.jpg,smash,Front
CLM000017,0108_JPEG_jpg.rf.6pcE8SO32aOpMWokc0fZ.jpg,smash,Rear
CLM000018,0108_JPEG_jpg.rf.7gNLa54U7fpaIx4dMsTP.jpg,smash,Front
CLM000018,0111_JPEG.rf.Td3FCjUw9vqEbAVjLsDQ.JPEG,dent,Rear
CLM000018,0113_JPEG.rf.enyHxe64ixV7t0EcZRY9.JPEG,dent,Left
CLM000018,0115_JPEG.rf.vhMqw0CnFLSHnjYHh5RG.JPEG,scratch,Right
CLM000019,0119_JPEG.rf.H5kQ6TBTZrcsT7QdvQno.JPEG,dent,Front
CLM000019,0122_JPEG.rf.BcovQ1EoFcZo5ceOhcDp.JPEG,smash,Rear
CLM000019,0122_JPEG_jpg.rf.DHfUAxjYDRGCzbfkOisV.jpg,smash,Left
CLM000020,0122_JPEG_jpg.rf.enVc82kK1qm1VEi5PRvE.jpg,smash,Front
CLM000020,0124_JPEG.rf.L7x2HnKpWYDxq6rKPLz7.JPEG,dent,Rear
CLM000020,0125_JPEG.rf.lr9befklHYVLl6mMHp1C.JPEG,dent,Left
CLM000020,0126_JPEG.rf.zNojzK1nCsDB8jDj3ZVO.JPEG,dent,Right
CLM000021,0135_JPEG.rf.VEZU9YlJTcpikt8rfoLO.JPEG,smash,Front
CLM000021,0136_JPEG.rf.EpbKZbwmVSXWkuGLeBEy.JPEG,dent,Rear
CLM000021,0140_JPEG.rf.V0f2MufyUWunrLcuphxZ.JPEG,smash,Left
CLM000021,0143_jpeg.rf.0qMv5KbpnBK2qBQLK867.jpeg,dent,Right
CLM000022,0144_JPEG.rf.GCI1xMwBqvDurkBB2utC.JPEG,smash,Front
CLM000022,0146_JPEG.rf.BEWzBnhKrAHUYKyHMWM3.JPEG,dent,Rear
CLM000022,0151_JPEG.rf.SFYLOXAKmPtJ31OYhZk7.JPEG,smash,Left
CLM000023,0154_JPEG.rf.JAS0pslT48K0Eq5GwMIC.JPEG,scratch,Front
CLM000023,0157_jpeg.rf.nhXp4jvOXgfL7X8wiVXE.jpeg,dent,Rear
CLM000024,0162_jpeg.rf.7AOP141GxmKFn8AR9fwo.jpeg,smash,Front
CLM000024,0163_JPEG.rf.zIELGha7s9hzEKEJooet.JPEG,smash,Rear
CLM000024,0163_JPEG_jpg.rf.eiLZ2KpnuMLgqznhvkqX.jpg,glass_break,Left
CLM000024,0163_JPEG_jpg.rf.FCxfYGWw8Iu3IU91ygo8.jpg,glass_break,Right
CLM000025,0164_JPEG.rf.mslqQpKhmQ892YN0nqFt.JPEG,smash,Front
CLM000025,0165_JPEG_jpg.rf.qjhQVCk1Zr5um6dJ226D.jpg,smash,Rear
CLM000025,0166_JPEG.rf.u0VYwQAP4rbjU6ewkhnX.JPEG,smash,Left
CLM000025,0168_JPEG.rf.rmlP5CZEFe8nrW3eFo4K.JPEG,smash,Right
CLM000026,0170_JPEG.rf.ily2DgayAvIniNjkQIZd.JPEG,smash,Front
CLM000026,0171_JPEG.rf.e3muaQjsJa2AzEmXN14k.JPEG,smash,Rear
CLM000026,0172_jpeg.rf.v6XoyEXLcIaIi2OpROEJ.jpeg,smash,Left
CLM000026,0174_JPEG.rf.xWUbJp3wpR07HLR4PvA1.JPEG,smash,Right
CLM000027,0175_JPEG_jpg.rf.ZB5AaQj4RPQXXhFGAprM.jpg,glass_break,Front
CLM000027,0179_JPEG_jpg.rf.xcfqdBkS4poxyfdWxt6w.jpg,glass_break,Rear
CLM000027,0179_JPEG_jpg.rf.YvSHY4bypvWBY3UPJvu9.jpg,glass_break,Left
CLM000027,0181_JPEG.rf.uZcJY8fG17xWU6sfajif.JPEG,smash,Right
CLM000028,0186_JPEG.rf.YaLnEAzgKpNVqiu3NBci.JPEG,smash,Front
CLM000028,0188_jpeg.rf.zzVDagxc1PUuFhqtlPGo.jpeg,smash,Rear
CLM000028,0191_JPEG.rf.SFUKbHVg6WNezUPW5ZHO.JPEG,smash,Left
CLM000028,0192_JPEG.rf.uVq2TY5aQ7gKsllQQ4PL.JPEG,smash,Right
CLM000029,0195_JPEG.rf.lb0879EUDtKvq8mS71Ur.JPEG,smash,Front
CLM000029,0196_JPEG.rf.QrRSvzYcrtq5vLbqlIvV.JPEG,dent,Rear
CLM000029,0197_JPEG.rf.KforzVRNwIiQQ4CGXsRP.JPEG,smash,Left
CLM000029,0198_JPEG.rf.bUYQN3jAKK3dIwo9ICKi.JPEG,dent,Right
CLM000030,0199_jpeg.rf.WmOOUb3efnd2wnkh39ai.jpeg,smash,Front
CLM000030,0204_JPEG.rf.xDngSV7c8MjNMlAbFaBI.JPEG,smash,Rear
CLM000031,0205_JPEG.rf.zBFAhcpvwRelcqrUKvAv.JPEG,smash,Front
CLM000031,0208_JPEG.rf.eqIsr12RYX6uFXru0KHx.JPEG,smash,Rear
CLM000032,0209_jpeg.rf.pDrG3hSsKFwuPCBHsuh6.jpeg,smash,Front
CLM000032,0210_JPEG.rf.HiG6hlmIN5krrN4VTcRg.JPEG,smash,Rear
CLM000033,0210_JPEG_jpg.rf.5XPSCNaFLxk780JTVNBf.jpg,glass_break,Front
CLM000033,0212_JPEG.rf.MCVjnXPKYODIEC0nnmj8.JPEG,smash,Rear
CLM000034,0213_JPEG.rf.Z8A83vJyOpDIwqxH9vLE.JPEG,smash,Front
CLM000034,0214_JPEG.rf.GAnYi0WYgunNUb6OYYZL.JPEG,smash,Rear
CLM000035,0216_JPEG.rf.Edt7QYk8a5KTGeJoS7RI.JPEG,scratch,Front
CLM000035,0219_JPEG.rf.sz5OB24DpfDAfsltJLzf.JPEG,smash,Rear
CLM000035,0220_JPEG.rf.M6JYgNH3KIxcCLNBzjjO.JPEG,smash,Left
CLM000035,0223_JPEG.rf.a9lq8Gc9llIAxq5LorRz.JPEG,smash,Right
CLM000036,0226_JPEG.rf.P6WyTH1irXeTCLr7GE82.JPEG,smash,Front
CLM000036,0227_JPEG.rf.gvrsgLPnI7KKUMH7bMeN.JPEG,smash,Rear
CLM000036,0228_JPEG.rf.lV8hwLkUUz48Z6YhH8e6.JPEG,smash,Left
CLM000036,0230_JPEG.rf.4fMzZpQPEP2xZCtAXT5X.JPEG,smash,Right
CLM000037,0231_JPEG.rf.E0Qy82ymsN7SIvBQEwxT.JPEG,smash,Front
CLM000037,0233_JPEG.rf.Ejeqe9xtzoGSsjUVPHb0.JPEG,smash,Rear
CLM000037,0235_JPEG.rf.zuzqsQVsxQh8F3zWI22F.JPEG,smash,Left
CLM000037,0236_JPEG.rf.hR35JCCsqGmaQiUlGGNG.JPEG,dent,Right
CLM000038,0238_JPEG_jpg.rf.9BTD4Y9zyqiuq6aIczR9.jpg,smash,Front
CLM000038,0242_JPEG.rf.Goz1tceA47i7jQ53Nh6x.JPEG,smash,Rear
CLM000039,0243_JPEG.rf.l5DpKe6FIphFHZXA10Ks.JPEG,smash,Front
CLM000039,0244_JPEG.rf.MyEAqfNEWr43BgDi783J.JPEG,smash,Rear
CLM000040,0245_JPEG.rf.pfdgzvbHXQsS5tveeyYi.JPEG,smash,Front
CLM000040,0247_JPEG.rf.TimOeoD00DZs8d21KkA6.JPEG,smash,Rear
CLM000040,0252_JPEG.rf.URfWiBQW8Eh9zVmUdkYh.JPEG,smash,Left
CLM000041,0253_JPEG.rf.T2krBNRjVMEbCKJ08bDn.JPEG,smash,Front
CLM000041,0260_JPEG.rf.4FkrNwVl1RdgSX7NO3yv.JPEG,smash,Rear
CLM000041,0261_JPEG.rf.NQr1WGkv1zPeai26AYrg.JPEG,smash,Left
CLM000042,0262_JPEG.rf.VTEsi7vzIil7VC9ugsP9.JPEG,smash,Front
CLM000042,0262_JPEG_jpg.rf.fxa6qnkK4xqOGC8VrHKh.jpg,smash,Rear
CLM000042,0262_JPEG_jpg.rf.vc6lh44lvpzgbifKFzuH.jpg,smash,Left
CLM000043,0263_JPEG.rf.BnLZKVqaONup7qZ45W59.JPEG,dent,Front
CLM000043,0264_JPEG.rf.tYKiOeBj0fRSa4t1aYUr.JPEG,smash,Rear
CLM000043,0265_JPEG.rf.jvzDgJd89Z40Qekh3Gc3.JPEG,smash,Left
CLM000043,0267_JPEG.rf.tabgarKav5irEPzTQJvS.JPEG,smash,Right
CLM000044,0271_JPEG.rf.eerqVwf2TTweupPZpG4K.JPEG,smash,Front
CLM000044,0273_JPEG.rf.u43S3pgmoDAW8lMF3O7G.JPEG,smash,Rear
CLM000044,0277_JPEG.rf.Zh9LKPOlEWzFeaJF82wc.JPEG,smash,Left
CLM000044,0278_JPEG.rf.E0vduFITrclNv5UmV56a.JPEG,smash,Right
CLM000045,0279_JPEG.rf.eZlWN4giS3I4fQtDMlrU.JPEG,dent,Front
CLM000045,0282_JPEG.rf.NmrAR5gAp0wwQFKoPBaB.JPEG,smash,Rear
CLM000046,0285_JPEG.rf.63FTYeL1pkOCdeeOkruS.JPEG,smash,Front
CLM000046,0286_JPEG.rf.gjMNU3d0qRD6JDOwuyDP.JPEG,smash,Rear
CLM000046,0287_JPEG.rf.3vKF6MLVZTmwzpTzDpmQ.JPEG,smash,Left
CLM000046,0288_JPEG.rf.ZKe4gWTKl7Jg4XSCPNEF.JPEG,smash,Right
CLM000047,0293_JPEG.rf.enqH96vNgxPp6yf0zw0A.JPEG,smash,Front
CLM000047,0294_JPEG.rf.StVprIhDLxBPORlNUfA6.JPEG,smash,Rear
CLM000047,0296_JPEG.rf.b8IIAE65tWuOEYfDm8h0.JPEG,dent,Left
CLM000047,0298_JPEG.rf.qadikh5PT5wRFAkAPHTd.JPEG,smash,Right
CLM000048,0299_JPEG.rf.zIWGWhDmOe9V619ryHCz.JPEG,smash,Front
CLM000048,0301_JPEG_jpg.rf.FNTcbrU7WHPJDOcQlYWc.jpg,dent,Rear
CLM000048,0301_JPEG_jpg.rf.M2DICfvAinPjCehRWe12.jpg,dent,Left
CLM000049,0302_JPEG.rf.IZvpPk5HM1mla1OtRc1N.JPEG,smash,Front
CLM000049,0303_JPEG.rf.hqOIr7bxsxCI0wpwuCIm.JPEG,smash,Rear
CLM000049,0307_JPEG.rf.sGKUki3NCkXBS1F5yGdE.JPEG,smash,Left
CLM000049,0308_JPEG.rf.iPHgEusCwvZ82Hsv2lKd.JPEG,smash,Right
CLM000050,0310_JPEG.rf.6YN80INEwiHivzIet34T.JPEG,smash,Front
CLM000050,0311_JPEG.rf.9C7GTedGHGvlS4sztIZL.JPEG,smash,Rear
CLM000051,0312_JPEG.rf.6cT8X4DSZhKV6dpBtTZ7.JPEG,smash,Front
CLM000051,0318_JPEG.rf.MHvKEIKrYkG4rPW2EiIQ.JPEG,scratch,Rear
CLM000051,0320_jpeg.rf.rOW8njKQM5pYuMmB0RrM.jpeg,smash,Left
CLM000051,0324_JPEG.rf.WDicFWveHANp1A347vOP.JPEG,smash,Right
CLM000052,0328_JPEG.rf.u19UkZ0xM6XI3e4Rt36L.JPEG,smash,Front
CLM000052,0331_JPEG.rf.j62bfpqZ4XfWQOchaVjY.JPEG,scratch,Rear
CLM000052,0334_JPEG.rf.ydzKWMNzOHkK1IqLfEtL.JPEG,smash,Left
CLM000052,0336_JPEG.rf.4UtL8Jh2QWGum0U6MIFb.JPEG,smash,Right
CLM000053,0339_JPEG.rf.yvoGl03Dm9UGSn3bAR87.JPEG,smash,Front
CLM000053,0340_JPEG.rf.ODK8HsvNLElqHydpxdEr.JPEG,smash,Rear
CLM000053,0342_JPEG.rf.G1VPNi0ziYAXZuO7WDIv.JPEG,smash,Left
CLM000054,0345_JPEG.rf.pVUJ0pepSRZuHeHbROdq.JPEG,smash,Front
CLM000054,0346_JPEG.rf.zcM2200VsUAvtMsF2YAx.JPEG,smash,Rear
CLM000055,0347_JPEG.rf.u78x5i0Vxo7CSvHBRMFr.JPEG,smash,Front
CLM000055,0348_JPEG.rf.LOWoTY8T1GR65llBpSUO.JPEG,smash,Rear
CLM000055,0349_jpeg.rf.vQXK5vgKrlPVFY4SXKsz.jpeg,smash,Left
CLM000056,0351_JPEG.rf.ZjEGfJ2LPjBqhzWO2jKc.JPEG,scratch,Front
CLM000056,0352_JPEG.rf.Gbc5e2Uc4moc15nMPo3d.JPEG,dent,Rear
CLM000056,0358_JPEG.rf.0p8OLdeuaSlZv1cugM7b.JPEG,smash,Left
CLM000056,0360_JPEG.rf.zIpoVIMYcsIumTYfxr0v.JPEG,smash,Right
CLM000057,0361_JPEG.rf.fCv6pV3BkX8FVUKpWEI6.JPEG,dent,Front
CLM000057,0362_JPEG.rf.xV9fdKta8NEyHkLjMwAH.JPEG,glass_break,Rear
CLM000057,0366_JPEG.rf.alZIS6Wz6hH8IIAQtzQ4.JPEG,smash,Left
CLM000058,0367_JPEG.rf.28TXT7lyerIYWFtEXDQ6.JPEG,smash,Front
CLM000058,0369_JPEG.rf.buHFfTpMWP8lpAUessNW.JPEG,smash,Rear
CLM000058,0370_JPEG.rf.SDa45LLlwmanXx6yC2ek.JPEG,dent,Left
CLM000059,0372_JPEG.rf.zF7OlQrLEXZ5mVTDpYQ5.JPEG,smash,Front
CLM000059,0374_JPEG.rf.mjk2Sm1AhCUzySstF51M.JPEG,smash,Rear
CLM000059,0376_JPEG.rf.9htxN2zuAYgGL37Yyjsi.JPEG,smash,Left
CLM000060,0383_jpeg.rf.dxOLE6GA6E1p2Ne7DKmk.jpeg,smash,Front
CLM000060,0385_JPEG.rf.LNiOfvFnK9Uf4delX4kY.JPEG,smash,Rear
CLM000061,0386_JPEG.rf.U6DzHQE8lA5AjZIBkqKl.JPEG,dent,Front
CLM000061,0390_JPEG.rf.21MzCSOPqn8nMHHw3ML4.JPEG,smash,Rear
CLM000061,0392_JPEG.rf.5TdyBQSodtaKLlgL8pIm.JPEG,smash,Left
CLM000061,0393_JPEG.rf.XOWgT42w9MRvZY0ZyQ26.JPEG,smash,Right
CLM000062,0395_JPEG.rf.QCyz58L8aqxIRxDu5Yhs.JPEG,dent,Front
CLM000062,0397_JPEG.rf.JrVtsQrlaWPcmxxS0eue.JPEG,smash,Rear
CLM000063,0398_JPEG.rf.8zZFNMQPG8gsaKqFs2XV.JPEG,smash,Front
CLM000063,0399_JPEG.rf.6t5elp2xyCQYzOlaAWaS.JPEG,smash,Rear
CLM000064,0400_JPEG.rf.cFMRMqYLkmoGllIQ6ZzK.JPEG,smash,Front
CLM000064,0401_JPEG.rf.DI27AKDyjIkDw9bu7RXU.JPEG,dent,Rear
CLM000064,0409_JPEG.rf.xNESKmgy0UB7TCohteCi.JPEG,smash,Left
CLM000064,0410_JPEG.rf.svS4d0cpQrieW0EdOhIW.JPEG,smash,Right
CLM000065,0412_jpeg.rf.55quWfF1DyLqrkxjAWE9.jpeg,smash,Front
CLM000065,0413_JPEG.rf.sIQDYAy1VgsAixF7ZkVF.JPEG,smash,Rear
CLM000065,0418_JPEG.rf.sKGkwkKkBBsw3TTAVugA.JPEG,smash,Left
CLM000066,0419_JPEG.rf.Z0i7Jg0GFqxoN27lvXws.JPEG,smash,Front
CLM000066,0422_JPEG.rf.LY0b5MZT52DwCUD4xIwD.JPEG,smash,Rear
CLM000066,0424_JPEG.rf.o01OcmdVE0PZz4Mmycz5.JPEG,smash,Left
CLM000066,0427_JPEG.rf.MAtfavuUFPJ8eOBu8sbP.JPEG,smash,Right
CLM000067,0429_JPEG.rf.K0UOr7eCrzzIuU9X4AHt.JPEG,smash,Front
CLM000067,0430_JPEG.rf.x3P0eDQdGQZwWvB12daJ.JPEG,smash,Rear
CLM000068,0431_JPEG.rf.juNfdvyseLaXL2eP7tMi.JPEG,smash,Front
CLM000068,0432_JPEG.rf.8STdv8fGRCikwWDMxQXt.JPEG,smash,Rear
CLM000069,0433_JPEG.rf.LktYBSDavJVJ5GbHmRmR.JPEG,smash,Front
CLM000069,0436_JPEG.rf.ZypfE9IY6dnzAi4cQafT.JPEG,smash,Rear
CLM000069,0437_JPEG.rf.IDAJMxuZD8yghkl43qxM.JPEG,smash,Left
CLM000069,0438_JPEG.rf.wxRjdYYGNEg1DbxP8bpU.JPEG,smash,Right
CLM000070,0440_JPEG.rf.pdNvc5U1hyTvdUJKBcXg.JPEG,smash,Front
CLM000070,0443_JPEG.rf.Mkt63hV9NBIEyvaWpQE0.JPEG,smash,Rear
CLM000070,0444_JPEG.rf.TB4vwKcsZDyaX4U76dxQ.JPEG,smash,Left
CLM000071,0445_JPEG.rf.SreQ7zEGXCzsHi9QbVSA.JPEG,smash,Front
CLM000071,0448_JPEG.rf.4vOkQMj27NwDXkRRrILP.JPEG,dent,Rear
CLM000071,0449_JPEG.rf.8QkKBi5xsfNoLv2H7eDM.JPEG,smash,Left
CLM000072,0450_JPEG.rf.XK0g36GyGVLs2tnul5Dc.JPEG,smash,Front
CLM000072,0451_jpeg.rf.lbp2qthcT5zPB4SRf2sz.jpeg,smash,Rear
CLM000073,0452_JPEG.rf.C0aS1X5R0hCPmq7FAJb3.JPEG,smash,Front
CLM000073,0457_JPEG.rf.PiRwcuXl2psB5UoEBj4W.JPEG,scratch,Rear
CLM000074,0465_JPEG.rf.iv3iF2tHFFwG3tvo6RPU.JPEG,smash,Front
CLM000074,0468_JPEG.rf.MdUmUXBOB8dhv88Rqzbz.JPEG,dent,Rear
CLM000074,0469_JPEG.rf.SZ8hDDwteGgrQDq8QLVV.JPEG,smash,Left
CLM000075,0474_JPEG.rf.VYAwzgBjJdC8kqWAArg3.JPEG,scratch,Front
CLM000075,0475_jpeg.rf.3hmJCcf6wD52XhdmzJ41.jpeg,smash,Rear
CLM000075,0476_JPEG.rf.i8tFXv2ba5aMAmlPJLDz.JPEG,scratch,Left
CLM000076,0482_JPEG.rf.T99Zb9lAjHaYXYuWFdjS.JPEG,smash,Front
CLM000076,0484_jpeg.rf.Ou6tUPQFKKaY4Ptf6lGh.jpeg,smash,Rear
CLM000076,0487_JPEG.rf.W9mf3fiWKrtBLCBh3qBN.JPEG,smash,Left
CLM000077,0489_jpeg.rf.7mrUWRb7VfyEebR7JSus.jpeg,smash,Front
CLM000077,0491_JPEG.rf.Tb4b9a4eJuqx5npfopma.JPEG,dent,Rear
CLM000078,0494_JPEG.rf.Mn4jhkWmThxNb2Fc2BDv.JPEG,smash,Front
CLM000078,0498_JPEG.rf.CcUTDX6dJaycAXbq4gFM.JPEG,smash,Rear
CLM000078,0503_JPEG.rf.EkMrPHDGrEmVd58OhewR.JPEG,dent,Left
CLM000078,0505_JPEG.rf.Vmn3WtUmWnF9Jgc5w0n7.JPEG,smash,Right
CLM000079,0506_JPEG.rf.IMLAKlatvul8au57OW59.JPEG,dent,Front
CLM000079,0509_JPEG.rf.UWBfw0G9T0FRAioNGnr2.JPEG,smash,Rear
CLM000080,0513_JPEG.rf.aX7jEvqWkN6oY6CxUU8q.JPEG,smash,Front
CLM000080,0516_JPEG.rf.Wl1dgjy3fGIq6w7vzCPo.JPEG,smash,Rear
CLM000081,0517_JPEG.rf.GYWKLBHbl70Y55Us0DFh.JPEG,smash,Front
CLM000081,0520_JPEG.rf.jw56fVRk8Y9a2PISdQSC.JPEG,glass_break,Rear
CLM000081,0521_JPEG.rf.r22OmEEy0jLlEiOE1H0W.JPEG,smash,Left
CLM000081,0522_JPEG.rf.65WOpOhWubl2Irijb9hM.JPEG,smash,Right
CLM000082,0526_JPEG.rf.vwJLXprlk3oGe4RRtsrE.JPEG,smash,Front
CLM000082,0527_jpeg.rf.lZeQqUkjawaOihy43lty.jpeg,smash,Rear
CLM000082,0528_JPEG.rf.YcOXRaEhKPNFDdxn9LUz.JPEG,smash,Left
CLM000083,0529_JPEG.rf.He436eISzVTFerq7Cm0x.JPEG,smash,Front
CLM000083,0530_JPEG.rf.WxvLy7jZXYANKfmaCS04.JPEG,dent,Rear
CLM000084,0532_JPEG.rf.nIEaOOrGIIX0eS6DzZ5R.JPEG,smash,Front
CLM000084,0534_JPEG.rf.L1P37EAoJ5W8S30p59eK.JPEG,dent,Rear
CLM000084,05350eb93f_jpg.rf.AKBllkhhr9LEWIxXhovU.jpg,glass_break,Left
CLM000084,05350eb93f_jpg.rf.HDnZmUNptQvJ2vKMziCi.jpg,glass_break,Right
CLM000085,05350eb93f_jpg.rf.t6rVtPXx6Sfc8M4IV7A0.jpg,glass_break,Front
CLM000085,0535_JPEG.rf.5WGzyoq3hoYxVI6aiiGJ.JPEG,smash,Rear
CLM000085,0536_JPEG.rf.OPMyrINv9ninj0LB1goi.JPEG,smash,Left
CLM000086,0538_JPEG.rf.xIhp2pbm0F5bysahe1Ut.JPEG,smash,Front
CLM000086,0540_JPEG.rf.FRblsu2CLUCJu4Nk2z7j.JPEG,smash,Rear
CLM000086,0541_JPEG.rf.ljdG7aiwJBeohswIgyIx.JPEG,smash,Left
CLM000087,0542_JPEG.rf.u34ticrkaDWmvmmw1bm8.JPEG,smash,Front
CLM000087,0545_JPEG.rf.7hJTP656isI3lvy2sxMp.JPEG,smash,Rear
CLM000087,0547_JPEG.rf.U7FgFwERl2BJKDefMcxC.JPEG,smash,Left
CLM000087,0548_JPEG.rf.bWmIQ2sAL33n8Wlxncq0.JPEG,smash,Right
CLM000088,0549_JPEG.rf.zRpbzvi8lUdhQcZHUChv.JPEG,smash,Front
CLM000088,0550_JPEG.rf.7XaUshOqJ0jqlGXweANL.JPEG,smash,Rear
CLM000088,0551_JPEG.rf.beeUEIpn8jWeKRvdns2K.JPEG,dent,Left
CLM000089,0553_JPEG.rf.r9QqABPlu4ekbW4ajgNH.JPEG,smash,Front
CLM000089,0554_JPEG.rf.f3UyR3Av77YyNMpUddTX.JPEG,smash,Rear
CLM000089,0557_JPEG.rf.ed40xlFrHDNuD9reAXVU.JPEG,smash,Left
CLM000090,0558_JPEG.rf.O6uyJVlbCwPwUAFkhk7d.JPEG,smash,Front
CLM000090,0561_JPEG.rf.z2YcIQOTFqK0pfaUujRw.JPEG,smash,Rear
CLM000090,0568_JPEG.rf.KD4ukXpPFzcMagXQVHMs.JPEG,smash,Left
CLM000090,0570_JPEG.rf.fwZEdJM7LQxHu0fkGPh5.JPEG,smash,Right
CLM000091,0577_JPEG.rf.uvJtEfSTMzMC4uM0WPwM.JPEG,smash,Front
CLM000091,0580_JPEG.rf.nmbIWW3RvQEbXlCeRO0x.JPEG,smash,Rear
CLM000092,0581_JPEG.rf.8wpPH5WskW2Fp2cPDkTO.JPEG,smash,Front
CLM000092,0582_JPEG.rf.ENTkvIVkHADJNx2hPT7K.JPEG,glass_break,Rear
CLM000093,0586_JPEG.rf.T0ikda66OIG1vrowmXcR.JPEG,smash,Front
CLM000093,0590_JPEG.rf.cb4JsvLnF2764PGEbXSB.JPEG,smash,Rear
CLM000093,0594_JPEG.rf.Je7kYlyBFqmXmC2h64Mq.JPEG,scratch,Left
CLM000093,0595_JPEG.rf.zruhH8XvOM7RL6NT6uUe.JPEG,smash,Right
CLM000094,0598_JPEG.rf.NiarqYjcqGxa5bcm1Z9q.JPEG,smash,Front
CLM000094,0600_JPEG.rf.i5P9eG4Cb1fN0ZlIeqwE.JPEG,smash,Rear
CLM000094,0601_JPEG.rf.2stUbT3CS3IKNAHHE8uJ.JPEG,smash,Left
CLM000095,0613_JPEG.rf.hNF9RdNZKiXbFCLE1KOg.JPEG,smash,Front
CLM000095,0614_JPEG.rf.d7GIeMD7NA7UZTanBWpE.JPEG,smash,Rear
CLM000095,0616_JPEG.rf.95JBT6PqqBZSKbrDZ5Ux.JPEG,smash,Left
CLM000095,0617_JPEG.rf.sHeXVlRjVnYDc8oqOovH.JPEG,smash,Right
CLM000096,0618_JPEG.rf.1ilMQGGofnO2eguzoJYZ.JPEG,smash,Front
CLM000096,0619_jpeg.rf.X1nAJzzHldmLgiJ2Mq9o.jpeg,smash,Rear
CLM000096,0620_JPEG.rf.ayxVzK6eJaywKWraudw5.JPEG,smash,Left
CLM000097,0621_JPEG.rf.ZGk1Jce5HVWEd0ZyV1gl.JPEG,smash,Front
CLM000097,0622_JPEG.rf.VH8WIXhnzQlN35X8ETmm.JPEG,smash,Rear
CLM000098,0624_JPEG.rf.FOcLKwqEEugKvkYHkWEX.JPEG,smash,Front
CLM000098,0625_JPEG.rf.2fKbTpkxkKMc7s7DrWIv.JPEG,dent,Rear
CLM000098,0626_JPEG.rf.dAfDsvOZVmrt7VekBrQm.JPEG,smash,Left
CLM000099,0627_JPEG.rf.yAxbPxbkA084sfyWGtZD.JPEG,smash,Front
CLM000099,0630_JPEG.rf.xvUl4qMk0sRP5XXeqW6j.JPEG,smash,Rear
CLM000099,0631_JPEG.rf.0koGtj77tIpaiPOVrYnK.JPEG,smash,Left
CLM000099,0632_JPEG.rf.8UjKd5aWMskYHnNccC2L.JPEG,smash,Right
CLM000100,0637_JPEG.rf.lMb3XWx4BFNpOZMrrN9C.JPEG,smash,Front
CLM000100,0643_JPEG.rf.BOeiwj9AZsX65Soc6rvD.JPEG,smash,Rear
CLM000100,0645_JPEG.rf.LiIwUBQ51OIOPNtFyGxX.JPEG,smash,Left
CLM000101,0648_JPEG.rf.hl1WksGMeJXZhcpUQLZK.JPEG,smash,Front
CLM000101,0652_JPEG.rf.HVLyhMxQLwMUw6mgMHEb.JPEG,dent,Rear
CLM000101,0653_JPEG.rf.uFi4SVtM9ik1x8aNKTE0.JPEG,smash,Left
CLM000101,0654_JPEG.rf.pr1IqDpT1aJOWFYV5EYj.JPEG,smash,Right
CLM000102,0663_JPEG.rf.jrqGE2hu4pm9qgKRj1ao.JPEG,smash,Front
CLM000102,0664_JPEG.rf.DEeDPhOKuPDlfjrJ1Au9.JPEG,smash,Rear
CLM000103,0666_JPEG.rf.6oxsgCNv6Y6dMdZRnhV4.JPEG,smash,Front
CLM000103,0668_JPEG.rf.oZOXWUMqJ05sICKn8J6J.JPEG,smash,Rear
CLM000103,0672_JPEG.rf.5MlgENlb3kKDvhmvsTF8.JPEG,smash,Left
CLM000103,0676_JPEG.rf.htyjXrqZ90jXJq5Nuraw.JPEG,smash,Right
CLM000104,0677_JPEG.rf.t8TBeviB3VKHrBDvXJyF.JPEG,dent,Front
CLM000104,0679_JPEG.rf.JUPdfHCKWrZg8sTZrZkg.JPEG,smash,Rear
CLM000104,0682_JPEG.rf.lVcvE3lYV0D8movG1Rp0.JPEG,smash,Left
CLM000105,0683_JPEG.rf.mgjZdRQMgIBWCatJbaqb.JPEG,smash,Front
CLM000105,0684_JPEG.rf.UwlneJHdtAKlKWbqSefF.JPEG,smash,Rear
CLM000105,0685_JPEG.rf.KlDNVn017gsRfp025XPX.JPEG,smash,Left
CLM000106,0686_JPEG.rf.6q5ppcUfoL5AFPVQmjTd.JPEG,smash,Front
CLM000106,0687_JPEG.rf.I5rSL2eG8SFv93JaSKIn.JPEG,glass_break,Rear
CLM000107,0689_JPEG.rf.5xLuc8sn35OoXg6o9CQ7.JPEG,smash,Front
CLM000107,0690_JPEG.rf.Ele1yRlKW2yoIG0u6ghh.JPEG,smash,Rear
CLM000107,0692_JPEG.rf.YxpOQ9uOSQWfyOAn0xeH.JPEG,smash,Left
CLM000107,0693_JPEG.rf.NrER7EpmWEwU6y3ZqEat.JPEG,dent,Right
CLM000108,0696_JPEG.rf.UPjauPKMX7ZdF5XSohDB.JPEG,smash,Front
CLM000108,0698_JPEG.rf.OsykfjbcXmMdqDTmiWZR.JPEG,smash,Rear
CLM000108,0699_JPEG.rf.HHAPrklyRs9Co8T0f7Sv.JPEG,smash,Left
CLM000108,0701_jpeg.rf.jmiPo9UFMoenJe1QYQma.jpeg,smash,Right
CLM000109,0702_JPEG.rf.ACKhIfTno7nsbuDoF92P.JPEG,smash,Front
CLM000109,0704_JPEG.rf.gygU2f5RgEejmbes6QBv.JPEG,smash,Rear
CLM000110,0710_jpeg.rf.5DGxS0og7uoQEuz8u9ZN.jpeg,smash,Front
CLM000110,0712_JPEG.rf.Gh2nigSnA9jeyAkQ1jpa.JPEG,smash,Rear
CLM000110,0713_JPEG.rf.gkibRlJjoIq8i1AG1cId.JPEG,smash,Left
CLM000110,0715_JPEG.rf.QnQiWpcfBGXQioHr9eH7.JPEG,smash,Right
CLM000111,0717_JPEG.rf.JpKvSVKxLiMJ04vsWIUv.JPEG,smash,Front
CLM000111,0721_JPEG.rf.c0LmHroAbZBGMB29KUiH.JPEG,dent,Rear
CLM000111,0722_JPEG.rf.EAuDikTYuI8BYCtXvEG9.JPEG,smash,Left
CLM000111,0723_jpeg.rf.Op5w3FSkv83ulOGfqRwB.jpeg,smash,Right
CLM000112,0724_JPEG.rf.Pt2xSxCFilkKqZh0zoOR.JPEG,smash,Front
CLM000112,0725_JPEG.rf.gQOkZQFs2HZ9YhI3Wx8Y.JPEG,smash,Rear
CLM000112,0731_JPEG.rf.54JnSRktSbqNH72LMyvf.JPEG,smash,Left
CLM000113,0732_jpeg.rf.6PA4PcxmcE4wjzT19JlW.jpeg,smash,Front
CLM000113,0734_JPEG.rf.jzFHYjDPh3K2SPThVBxo.JPEG,dent,Rear
CLM000113,0736_JPEG.rf.V7jEjvLPSKjueVhx5G3t.JPEG,smash,Left
CLM000113,0737_JPEG.rf.kUulGEJf76p2E11s9XM3.JPEG,glass_break,Right
CLM000114,0738_jpeg.rf.31vWCtRr8PGK1lzIZXWP.jpeg,smash,Front
CLM000114,0740_JPEG.rf.oZJ80AvnsPIpgk41y8Pf.JPEG,smash,Rear
CLM000115,0745_JPEG.rf.7ZewiAjeUAwZwli9ZA3t.JPEG,dent,Front
CLM000115,0747_JPEG.rf.vBSmiu4ii7JoQuILf8dW.JPEG,dent,Rear
CLM000116,0750_JPEG.rf.YoEUYdfbAcpkeu7iHTkK.JPEG,smash,Front
CLM000116,0751_JPEG.rf.e9SYmD6DEWT3i29vhSzh.JPEG,smash,Rear
CLM000116,0757_JPEG.rf.uSIx0neLyUPzH0IR5Hjn.JPEG,scratch,Left
CLM000117,0759_JPEG.rf.n7Nw0755zmVCMABWevbM.JPEG,smash,Front
CLM000117,0763_JPEG.rf.BxLxPQFR0KHHHjD2ACN3.JPEG,dent,Rear
CLM000117,0765_JPEG.rf.UkfpQY44dGrlmu3ovuXS.JPEG,smash,Left
CLM000117,0767_JPEG.rf.1jLjyQcx6IZJGmpT958r.JPEG,smash,Right
CLM000118,0768_JPEG.rf.l23jYCs6NTH51IXxlNYd.JPEG,smash,Front
CLM000118,0769_JPEG.rf.F58pFXnqoM7nKkVeIert.JPEG,smash,Rear
CLM000118,0771_JPEG.rf.z4XG9PNuXS6nHuJKDnYx.JPEG,smash,Left
CLM000119,0775_JPEG.rf.Fmuhfbt9JOG8aD76vL5T.JPEG,smash,Front
CLM000119,0781_JPEG.rf.JUGYYdhiHC4LvBCHGEGw.JPEG,smash,Rear
CLM000119,0783_JPEG.rf.tzCfqvoQzb7NsAaFd15n.JPEG,dent,Left
CLM000120,0784_JPEG.rf.su8QueY6Vo1o4p52zkSZ.JPEG,smash,Front
CLM000120,0787_JPEG.rf.FkRaU3ZkugJfcMQTZ3ch.JPEG,smash,Rear
CLM000120,0788_JPEG.rf.fuhOrHlwJSBA9YK15uLC.JPEG,scratch,Left
CLM000121,0791_JPEG.rf.nz5mXbRqGBKy9QjecbZ8.JPEG,smash,Front
CLM000121,0792_JPEG.rf.V2N4nN14b07K9wXAkLsE.JPEG,smash,Rear
CLM000121,0794_JPEG.rf.nx0PGCDNI3rzNgxezfCK.JPEG,smash,Left
CLM000122,0798_JPEG.rf.W1CG1F4LvLS2EjTTl4XH.JPEG,dent,Front
CLM000122,0799_JPEG.rf.GPV2RfEqFmnNz0LKBiH1.JPEG,smash,Rear
CLM000122,0800_JPEG.rf.52ecC6cYg3XXwT4CFhRj.JPEG,smash,Left
CLM000123,0801_JPEG.rf.oqevVJYMIHl7D98Wmi4I.JPEG,smash,Front
CLM000123,0802_JPEG.rf.NBJJA3A125GeU9flEDbQ.JPEG,scratch,Rear
CLM000124,0805_JPEG.rf.HeDkYLoQX46L2VUYuKNH.JPEG,scratch,Front
CLM000124,0808_JPEG.rf.4k2mvFWHP8LorBUCQJDH.JPEG,smash,Rear
CLM000124,0812_JPEG.rf.rCVkLe0q7WJZUtpfjUr7.JPEG,smash,Left
CLM000124,0813_JPEG.rf.9Ulik8hCYHgiMRDG8Xnp.JPEG,smash,Right
CLM000125,0816_jpeg.rf.Cm6a4U9g7Vh369NBf2Qb.jpeg,dent,Front
CLM000125,0817_JPEG.rf.gaUls3Oxn5WN30r5no2l.JPEG,smash,Rear
CLM000125,0818_JPEG.rf.B6S9O65YxNC3RufXm14j.JPEG,smash,Left
CLM000125,0820_JPEG.rf.ksOMURAOSixSpeyeUmQM.JPEG,smash,Right
CLM000126,0822_JPEG.rf.cBULXHP1OCeeQCYJx55t.JPEG,smash,Front
CLM000126,0827_JPEG.rf.V94B48xv2NLeWtC61zfV.JPEG,smash,Rear
CLM000127,0828_JPEG.rf.JrVLer4PtCnpmpr9XiP8.JPEG,smash,Front
CLM000127,0831_JPEG.rf.3wQPH52avIBz9DsVoQd3.JPEG,smash,Rear
CLM000128,0834_JPEG.rf.l1GbaImzOPgrRUHkqy4K.JPEG,smash,Front
CLM000128,0835_JPEG.rf.b8vSQRkK18ENfbwTkgZJ.JPEG,scratch,Rear
CLM000128,0837_JPEG.rf.kzsLIz4znrDFomZmZgsR.JPEG,smash,Left
CLM000129,0839_JPEG.rf.miUe4pDzwQrIm3yxNoq7.JPEG,smash,Front
CLM000129,0840_JPEG.rf.oAvjLcnitS5SZ9w145ds.JPEG,scratch,Rear
CLM000130,0849_JPEG.rf.nNwifvvh0KHvWrYfVppH.JPEG,smash,Front
CLM000130,0851_JPEG.rf.4c0ygIqJlvGVfnUWAzkg.JPEG,smash,Rear
CLM000130,0852_JPEG.rf.EpEiEaGDYRoX4HHahYmH.JPEG,dent,Left
CLM000130,0853_JPEG.rf.rcesEMmybZmHGBkJTZE7.JPEG,smash,Right
CLM000131,0857_JPEG.rf.I49wyaRFmSc3f1DqC97X.JPEG,smash,Front
CLM000131,0858_JPEG.rf.LcauUVpiac2BjVIbjDet.JPEG,smash,Rear
CLM000131,0865_JPEG.rf.7dyFGQPm3rueV1oZtwWf.JPEG,smash,Left
CLM000131,0866_JPEG.rf.kzcV2Bov2nlSgZc6c9hY.JPEG,smash,Right
CLM000132,0869_JPEG.rf.GQz7d76v1zDSOf91tOYW.JPEG,smash,Front
CLM000132,0871_JPEG.rf.pcOnMRKciNu6vY4CBPAP.JPEG,dent,Rear
CLM000132,0873_JPEG.rf.2V3b5PpeoD8fe37HDOha.JPEG,smash,Left
CLM000132,0875_JPEG.rf.YFFHOAEhQVGb611NZenM.JPEG,dent,Right
CLM000133,0876_JPEG.rf.PqAGOsrSJZbpT2VFaJS2.JPEG,smash,Front
CLM000133,0877_JPEG.rf.lGBNjvIdj04PY14u7CjU.JPEG,dent,Rear
CLM000134,0880_JPEG.rf.Vdivt4r6kf5EKNsgaTTu.JPEG,smash,Front
CLM000134,0881_JPEG.rf.rUA7NQWucRj8jODxxo3y.JPEG,dent,Rear
CLM000134,0883_JPEG.rf.s4v2A1oyOHHeod85zkb5.JPEG,smash,Left
CLM000134,0884_JPEG.rf.5LIlBtf7m7Jhx3gPqj5L.JPEG,smash,Right
CLM000135,0891_jpeg.rf.4w1mBSDG6diJEl3qAHb5.jpeg,scratch,Front
CLM000135,0894_JPEG.rf.x06GB6qBpuxesrS15Xvy.JPEG,dent,Rear
CLM000136,0895_JPEG.rf.hdQMSaWal0ZRBv7joFTi.JPEG,scratch,Front
CLM000136,0896_JPEG.rf.nemyo7DnU5O9pcoIAusC.JPEG,scratch,Rear
CLM000137,0902_JPEG.rf.rdtJxqzmkttG9nbFsNul.JPEG,dent,Front
CLM000137,0907_JPEG.rf.foF6gQbsc8TF1QXK24XE.JPEG,smash,Rear
CLM000137,0910_JPEG.rf.5f4uAZDbCLhWQMYsulkQ.JPEG,smash,Left
CLM000137,0917_jpeg.rf.KNR9Gi7NbZA8WwIILgp7.jpeg,dent,Right
CLM000138,0918_JPEG.rf.TOgKqExnuGeSmJPOeKGs.JPEG,smash,Front
CLM000138,1007_jpeg_jpg.rf.KXyReptHfWZfR67YLZLM.jpg,glass_break,Rear
CLM000138,1007_jpeg_jpg.rf.oKYuaovPWR5l3Ou4cbd9.jpg,glass_break,Left
CLM000138,1015_jpeg_jpg.rf.2DKiJ9J200RyYbb1Mow6.jpg,dent,Right
CLM000139,1015_jpeg_jpg.rf.eZTZu3fntUVtmUvF9jyi.jpg,dent,Front
CLM000139,1015_jpeg_jpg.rf.ZRdSg8zYRfKAyKuAdOBP.jpg,dent,Rear
CLM000139,1017_jpeg_jpg.rf.ImIfPsnMNHvVO3ZUZgGd.jpg,dent,Left
CLM000139,1028_jpeg_jpg.rf.b0NE8D51MjNmNE6vheMC.jpg,glass_break,Right
CLM000140,1039_jpeg_jpg.rf.Dmg0KUI4J8hPSZF87VwU.jpg,dent,Front
CLM000140,1070_jpeg_jpg.rf.590W6SVrgvqBQ0MNW3QH.jpg,glass_break,Rear
CLM000141,1070_jpeg_jpg.rf.M0Bn87ay9Mbw76jAd9Wp.jpg,glass_break,Front
CLM000141,1082_jpeg_jpg.rf.CLlyVJcjbH9XgmdcjDrJ.jpg,scratch,Rear
CLM000141,1082_jpeg_jpg.rf.zEZlUv03SK3GigFYz96d.jpg,scratch,Left
CLM000141,1097_jpeg_jpg.rf.6Yk8P6MEWh6fNpybRp6M.jpg,glass_break,Right
CLM000142,1097_jpeg_jpg.rf.No4e7x4wo8p2uAdAofAv.jpg,glass_break,Front
CLM000142,1097_jpeg_jpg.rf.oOL2iPz297ftJ1mzrCRv.jpg,glass_break,Rear
CLM000142,10_jpg.rf.Ulaa5tCb3ZjZLfNhG3mP.jpg,smash,Left
CLM000142,1103_jpeg_jpg.rf.1kmKzuKCpVO9N5d0Ij2C.jpg,smash,Right
CLM000143,1111_jpeg_jpg.rf.lBtiD4zA52qrxSlYty8t.jpg,glass_break,Front
CLM000143,1111_jpeg_jpg.rf.vBmdFS1IwRqyOn8pIOuR.jpg,glass_break,Rear
CLM000143,1122_jpeg_jpg.rf.fUDbXlHBWRuUa6Xs8WlK.jpg,smash,Left
CLM000144,1122_jpeg_jpg.rf.hCPCNybnamikFFBEEwsa.jpg,smash,Front
CLM000144,1122_jpeg_jpg.rf.vhkO5srQiGLBEdpiaA4F.jpg,smash,Rear
CLM000144,1189_jpeg_jpg.rf.ALNDOk6uBG7S7HVminJl.jpg,glass_break,Left
CLM000144,1189_jpeg_jpg.rf.NaQKJge2BEeKRuYDyLWv.jpg,glass_break,Right
CLM000145,118_jpg.rf.3nB4XKDx0blv9HZzx8TG.jpg,smash,Front
CLM000145,118_jpg.rf.IMOn6wr7lMnf4qdKWwzT.jpg,smash,Rear
CLM000145,118_jpg.rf.XhcXsechPNY08ojIzS7g.jpg,smash,Left
CLM000146,1195_jpeg_jpg.rf.KBZIYbWO7t7T9PfkeDbp.jpg,glass_break,Front
CLM000146,1196_jpeg_jpg.rf.DdsYCDU338TlZBytawfO.jpg,glass_break,Rear
CLM000147,1196_jpeg_jpg.rf.i0mo8DC5bBGIyugqD3TW.jpg,glass_break,Front
CLM000147,1196_jpeg_jpg.rf.vqMZks9u4tUsMMg0VMCi.jpg,glass_break,Rear
CLM000147,1201_jpeg_jpg.rf.1XEXip97sl34xTvybR6A.jpg,scratch,Left
CLM000148,1201_jpeg_jpg.rf.dfrEqR0ObPj3UZbtDSvc.jpg,scratch,Front
CLM000148,1201_jpeg_jpg.rf.Z45vP1LWxqMywMkdksvL.jpg,scratch,Rear
CLM000148,1220_jpeg_jpg.rf.ldz2PTvu06qjJYjCA1Wg.jpg,dent,Left
CLM000149,1241_jpeg_jpg.rf.1Z5ZfSAZYemHF9zPhaA9.jpg,scratch,Front
CLM000149,1241_jpeg_jpg.rf.AnFEygYwyBLjGFwCn7ft.jpg,scratch,Rear
CLM000149,1241_jpeg_jpg.rf.ri3GYMs7G47rW3zwSWen.jpg,scratch,Left
CLM000149,124_jpg.rf.Fl6R3cbg6vfom0Q3od4t.jpg,scratch,Right
CLM000150,124_jpg.rf.nEuqvaoFWmcTPLipJzIJ.jpg,scratch,Front
CLM000150,129aa7df42_jpg.rf.bxYJdZcgHSuc4nX6lMjp.jpg,glass_break,Rear
CLM000150,129aa7df42_jpg.rf.J04pux9XLa6kAF7RvhIV.jpg,glass_break,Left
CLM000150,129aa7df42_jpg.rf.JEaqJjUJdNG3VDxlmm9v.jpg,glass_break,Right
CLM000151,131_jpg.rf.ogf94zIxFhN4a3a2xsdL.jpg,scratch,Front
CLM000151,131_jpg.rf.tTPK6fsX8zdquaFbDtN4.jpg,scratch,Rear
CLM000152,1339_jpeg_jpg.rf.TpPg9ULiDzErGLnhYJmM.jpg,scratch,Front
CLM000152,1339_jpeg_jpg.rf.W43P0NmGF0nKczHJcGOt.jpg,scratch,Rear
CLM000153,137_jpeg_jpg.rf.ItY2xB6xcDtkbm1uIh8C.jpg,scratch,Front
CLM000153,137_jpeg_jpg.rf.w5zdTIysHC6fpujufSt6.jpg,scratch,Rear
CLM000154,137_jpg.rf.5HC9YDTii2NB7ADKszzp.jpg,smash,Front
CLM000154,137_jpg.rf.FiV9It0sn3vmuMF2J3xD.jpg,smash,Rear
CLM000154,137_jpg.rf.yVQ3HBgT79sWOIyY1VDs.jpg,smash,Left
CLM000155,1397_jpeg_jpg.rf.mSY3EMmS5x0LbdMgquaP.jpg,dent,Front
CLM000155,1397_jpeg_jpg.rf.qgL4xKxqjhKrV8D5w3qi.jpg,dent,Rear
CLM000155,1397_jpeg_jpg.rf.YbV5Oyis57wCSffguZsp.jpg,dent,Left
CLM000156,139_jpg.rf.ANBlWdwQfHN1mmQ9QKvB.jpg,glass_break,Front
CLM000156,139_jpg.rf.DxdZSPd2CVGURrvyCddQ.jpg,glass_break,Rear
CLM000156,139_jpg.rf.xhzgcoDBGcrQiZO8PPtV.jpg,glass_break,Left
CLM000156,13_jpg.rf.DqxmWJ6MJ9NbKkhwc1WP.jpg,dent,Right
CLM000157,13_jpg.rf.ot7PpFwQ4NVs7ZEuPLHJ.jpg,dent,Front
CLM000157,13_jpg.rf.whx56jxz04V0i9P9LAD5.jpg,dent,Rear
CLM000158,13_jpg.rf.YfrOVuP3cwa4lwjp5dyT.jpg,dent,Front
CLM000158,1415_jpeg_jpg.rf.REd13c1K219nfowFA1I1.jpg,dent,Rear
CLM000158,1436_jpeg_jpg.rf.6qINBMOPThaSpdPYc58t.jpg,scratch,Left
CLM000158,1436_jpeg_jpg.rf.7e4GN9UeEhDzAhYpFRaW.jpg,scratch,Right
CLM000159,1437_jpeg_jpg.rf.9bFf818Kc21JWYRpX2yM.jpg,scratch,Front
CLM000159,1437_jpeg_jpg.rf.mYJEnmgwuUxrdUPErqa8.jpg,scratch,Rear
CLM000159,146_jpg.rf.6ZeQE9zk6cuim8kwpgNX.jpg,glass_break,Left
CLM000160,146_jpg.rf.hwoEX7Lpa4Bj34QyZnfn.jpg,glass_break,Front
CLM000160,146_jpg.rf.OuHrnvUSEKiQb6Ivw8sd.jpg,glass_break,Rear
CLM000161,14_jpg.rf.1VMOGnFAbb5VL2fLmMF9.jpg,dent,Front
CLM000161,14_jpg.rf.IpVggdAaiborZFal3QLv.jpg,dent,Rear
CLM000161,14_jpg.rf.iSbK0mTBEvyvWnSTusvd.jpg,dent,Left
CLM000161,14_jpg.rf.VBlUyxx2l8sjJFk8Skt8.jpg,dent,Right
CLM000162,1505ed74fd_jpg.rf.hFQSBPLIwL9LLIEsWlnL.jpg,scratch,Front
CLM000162,1505ed74fd_jpg.rf.mPqOD8xXoO2liArAWx3q.jpg,scratch,Rear
CLM000163,1505ed74fd_jpg.rf.ZtdWUH67Q696GbPXXwAq.jpg,scratch,Front
CLM000163,1508_jpeg_jpg.rf.J2xrkzt1Z29O0fElttLX.jpg,glass_break,Rear
CLM000163,1508_jpeg_jpg.rf.pGYb7schUsOx4W6yZz0Z.jpg,glass_break,Left
CLM000163,1508_jpeg_jpg.rf.Xpbchm5V21BKIlAgvmvv.jpg,glass_break,Right
CLM000164,1511_jpeg_jpg.rf.mzxEvaQmxjxvZkMSdWhH.jpg,glass_break,Front
CLM000164,1511_jpeg_jpg.rf.WMVBoFCBMsNFUhCGlmjS.jpg,glass_break,Rear
CLM000164,156_jpeg_jpg.rf.amNOHhkMXVuvDlkeqLvo.jpg,glass_break,Left
CLM000165,156_jpeg_jpg.rf.kfauDlTlzSNujTqF6Bdo.jpg,glass_break,Front
CLM000165,15_jpg.rf.bFkwnUcimMmP9JnNl1z0.jpg,dent,Rear
CLM000165,15_jpg.rf.MhAH5BJepGuWoUE3CIkt.jpg,dent,Left
CLM000165,15_jpg.rf.o4PoRm6yN8sopuqNKQJV.jpg,dent,Right
CLM000166,15_jpg.rf.REO8fPvIc8gbcoT20Vlh.jpg,dent,Front
CLM000166,15_jpg.rf.XZtdrz0lUCDuernPnoCq.jpg,dent,Rear
CLM000166,15_jpg.rf.yApLyS7agvCILE1rXvrV.jpg,dent,Left
CLM000166,17_jpg.rf.0LHJvdKOYagE1fFi8ElO.jpg,dent,Right
CLM000167,17_jpg.rf.6s6VEa5jpy0BqoC76Vjr.jpg,dent,Front
CLM000167,17_jpg.rf.9bMjP0xVWc11Bl5T5D0l.jpg,dent,Rear
CLM000167,17_jpg.rf.OVEDrfh6AHbHLVMpjVyL.jpg,dent,Left
CLM000167,18_jpg.rf.3Wu01zwocvdU2AZMCLAP.jpg,smash,Right
CLM000168,18_jpg.rf.6ENgGZUOxKneeQXv9p8h.jpg,dent,Front
CLM000168,18_jpg.rf.iQcmedQTsBwZwTQcpQGR.jpg,dent,Rear
CLM000168,18_jpg.rf.ls79BCpJ42NCwnbAvGQD.jpg,smash,Left
CLM000169,18_jpg.rf.M76rVSClodQZzrC7VkxY.jpg,dent,Front
CLM000169,18_jpg.rf.NQ2IzDaH6kp9xqRB8dfm.jpg,dent,Rear
CLM000169,18_jpg.rf.QYKRTxMlvisewt4AzJva.jpg,dent,Left
CLM000170,18_jpg.rf.ZznWrk58ar8w3Exixn1W.jpg,dent,Front
CLM000170,19_jpg.rf.7hoL9OLcCEUeEVT6zu9A.jpg,scratch,Rear
CLM000170,19_jpg.rf.CaNZYo6r1siRRqJKEEJ8.jpg,scratch,Left
CLM000171,19_jpg.rf.cSijCo0K0Tpm8SDJO6KX.jpg,scratch,Front
CLM000171,19_jpg.rf.DBP9IB8ycLCtooWgkKB1.jpg,scratch,Rear
CLM000172,19_jpg.rf.RPyVN27kzZlIUjpyoKwY.jpg,scratch,Front
CLM000172,19_jpg.rf.s6nkiMjDVDPdCFsPBnsY.jpg,scratch,Rear
CLM000173,1_jpg.rf.0TtiINjcno4iAedF2eVE.jpg,dent,Front
CLM000173,1_jpg.rf.62rNYpbuuTer2WspbYtS.jpg,dent,Rear
CLM000173,1_jpg.rf.b4qofeGdDL2GZ5YGaEhr.jpg,dent,Left
CLM000173,1_jpg.rf.GO6UHZwDSQ9HeoVcjPTJ.jpg,dent,Right
CLM000174,1_jpg.rf.J1VqzA4nGp9m2oP9vEZ7.jpg,dent,Front
CLM000174,1_jpg.rf.jVyctcedgNm3afBCWMkn.jpg,dent,Rear
CLM000175,1_jpg.rf.zJuigPDWPbOrBoW1sfRb.jpg,dent,Front
CLM000175,20_jpg.rf.1qcFIEFY3fBLYMzh8ypY.jpg,scratch,Rear
CLM000175,20_jpg.rf.9wnKWHCpynkpeXf9csHm.jpg,dent,Left
CLM000176,20_jpg.rf.bLEKP1ZUt4ZHO3TJE4ij.jpg,dent,Front
CLM000176,20_jpg.rf.JluV2tOPENMq5Dp2Kski.jpg,dent,Rear
CLM000177,20_jpg.rf.KZeMMGjbWoYPOPKPd5PP.jpg,dent,Front
CLM000177,20_jpg.rf.mg0jdGCeCDeq8hrOq95q.jpg,dent,Rear
CLM000177,20_jpg.rf.p1aLHPeFLDmXgC0zklDn.jpg,dent,Left
CLM000178,20_jpg.rf.RRAZSvwYvk5ywQ80OX3A.jpg,scratch,Front
CLM000178,20_jpg.rf.sCw43eDAtJeS8CpnAG21.jpg,dent,Rear
CLM000179,217_jpeg_jpg.rf.IgfjxIxVLyt0O9mM4Il4.jpg,scratch,Front
CLM000179,217_jpeg_jpg.rf.jz6xwnyeZFDQT6Cjlr3r.jpg,scratch,Rear
CLM000179,21_jpg.rf.9STMcaMJeDtSFqSszJJz.jpg,dent,Left
CLM000179,223_jpeg_jpg.rf.vHM3fxjjLm6ZL2UGC1aK.jpg,scratch,Right
CLM000180,22_jpg.rf.65zOwQ7SeHh9wujWaMlA.jpg,dent,Front
CLM000180,22_jpg.rf.8sP37q6t2UjhVD7GDN4S.jpg,dent,Rear
CLM000180,22_jpg.rf.aict4FNrNP1kDNbSUvyf.jpg,smash,Left
CLM000181,22_jpg.rf.DrJb0RLKddDlvjPD3cEl.jpg,dent,Front
CLM000181,22_jpg.rf.HyJS2AXxjZFEFBx9hAJI.jpg,dent,Rear
CLM000181,22_jpg.rf.OphOiii7ioox6wvzsujI.jpg,dent,Left
CLM000182,22_jpg.rf.VqOp5CLs70Imya1qZoIg.jpg,dent,Front
CLM000182,22_jpg.rf.wkxSzppNwxEsVIPksgtC.jpg,smash,Rear
CLM000182,22_jpg.rf.wnQi82Lh1znuYkwwm6LO.jpg,dent,Left
CLM000183,2371c43223_jpg.rf.4yPi1QXy77Tpzk7M6RwF.jpg,glass_break,Front
CLM000183,2371c43223_jpg.rf.OWuE0ThADPdJXBXMdOjY.jpg,glass_break,Rear
CLM000183,2371c43223_jpg.rf.PiWDVeqA4GBbQVcBH7km.jpg,glass_break,Left
CLM000183,23_jpg.rf.3dYk6zqVrjmrXrBuukI5.jpg,smash,Right
CLM000184,23_jpg.rf.41iUB9D4Fzz6Q0PBUdHG.jpg,smash,Front
CLM000184,23_jpg.rf.BBpRFWQrAExAtSBpsxeZ.jpg,smash,Rear
CLM000185,23_jpg.rf.PgIFKZgvIkgflubCRbHt.jpg,smash,Front
CLM000185,23_jpg.rf.qXdiopap9NvpC9m5b2vz.jpg,smash,Rear
CLM000186,23_jpg.rf.sfF9u5G5SAV4dOtlKngR.jpg,smash,Front
CLM000186,23_jpg.rf.TZLp7vn6HnXP3FqGdQLa.jpg,smash,Rear
CLM000186,23_jpg.rf.uxDBq4MphrPl1eychp6o.jpg,smash,Left
CLM000187,23_jpg.rf.YyJEY7dnCF3GySxzABki.jpg,smash,Front
CLM000187,24_jpeg_jpg.rf.d3jwMieV6G60AoSxnbXW.jpg,dent,Rear
CLM000187,24_jpeg_jpg.rf.SyBVfx97mZUcqOGd3sRo.jpg,dent,Left
CLM000188,24_jpg.rf.CIFQ1TjGF7RAuqbB9D78.jpg,smash,Front
CLM000188,259_jpeg_jpg.rf.kRoc6Npj2pckZhAc9LTa.jpg,dent,Rear
CLM000189,259_jpeg_jpg.rf.nLyRLtcdy7dXyB4cYcG9.jpg,dent,Front
CLM000189,25_jpg.rf.8MNWQ72IidFcmOm8qgzh.jpg,smash,Rear
CLM000189,25_jpg.rf.IlsmQYd8ErPCU0VUwdQY.jpg,smash,Left
CLM000189,25_jpg.rf.jaFaPff6DYFfv3izYAEX.jpg,smash,Right
CLM000190,25_jpg.rf.pHHCXoyNKdvFV9ZaYyNJ.jpg,smash,Front
CLM000190,267fa74a3b_jpg.rf.GghORsidQ800SGjMlrBo.jpg,dent,Rear
CLM000190,267fa74a3b_jpg.rf.JSfa5pZ3o5xPEz3rBAk7.jpg,dent,Left
CLM000191,267fa74a3b_jpg.rf.lP0m2m581JZSI8fOwfaG.jpg,dent,Front
CLM000191,26_jpeg_jpg.rf.dy1WW7PYynutHNtJeUqB.jpg,glass_break,Rear
CLM000191,26_jpeg_jpg.rf.oSwPZzLNv0I0PrSaGIac.jpg,glass_break,Left
CLM000192,26_jpeg_jpg.rf.xFaGlCAejedxTK65zQui.jpg,glass_break,Front
CLM000192,26_jpg.rf.0V2SNmuKX5NCPAKu7RHV.jpg,smash,Rear
CLM000193,26_jpg.rf.5cuOY3nxV6nvokxFsp2S.jpg,smash,Front
CLM000193,26_jpg.rf.5wAmkGn0UxgFXwdzhDW7.jpg,smash,Rear
CLM000193,26_jpg.rf.7HVxUzObkdJsZtuHY32J.jpg,smash,Left
CLM000193,26_jpg.rf.a8rS5EIQ7IIUsceZFmtZ.jpg,smash,Right
CLM000194,26_jpg.rf.OPQnDOTEWLayY1AfuROk.jpg,smash,Front
CLM000194,271_jpeg_jpg.rf.fYTu17HF9e4TLNG5xbO5.jpg,smash,Rear
CLM000194,271_jpeg_jpg.rf.jxOkut0lc22oBggTvvyB.jpg,smash,Left
CLM000195,271_jpeg_jpg.rf.tI42UPRUoeLwLhqD9l0U.jpg,smash,Front
CLM000195,27_jpg.rf.as1mGncD5oLywMyl2SfI.jpg,smash,Rear
CLM000195,27_jpg.rf.EplHWIXRLKjKTMSUppzl.jpg,smash,Left
CLM000195,27_jpg.rf.GJ39PCmSjiOGZrCfDD9a.jpg,smash,Right
CLM000196,27_jpg.rf.hDHv4eGmXC5Kl3sdTCbW.jpg,smash,Front
CLM000196,27_jpg.rf.niea6RUhqGjDCrkPARYX.jpg,smash,Rear
CLM000196,27_jpg.rf.Nqnb8mUFvmbVaKAOVlo7.jpg,smash,Left
CLM000197,27_jpg.rf.p2M8kvFree3X2Ch521NQ.jpg,smash,Front
CLM000197,27_jpg.rf.PSR1JBxcQI6lXGAHGAdJ.jpg,smash,Rear
CLM000197,27d3418e92_jpg.rf.E2PCnVs5HrG5wXvJ4bC9.jpg,scratch,Left
CLM000198,27d3418e92_jpg.rf.OzSmeEa0c9r9Nbm2Fy0P.jpg,scratch,Front
CLM000198,282_jpeg_jpg.rf.957PepJP3ML1Frw2viLn.jpg,glass_break,Rear
CLM000199,282_jpeg_jpg.rf.LB2MDG5OoDWv4IOFzs5D.jpg,glass_break,Front
CLM000199,284_jpeg_jpg.rf.kI4FQk7FeworFWvfTxit.jpg,glass_break,Rear
CLM000200,284_jpeg_jpg.rf.KNDYk0nghuezTygXzjqg.jpg,glass_break,Front
CLM000200,284_jpeg_jpg.rf.lH6dVOcZ0l6iVhvMbBg9.jpg,glass_break,Rear
CLM000200,296_jpeg_jpg.rf.A0swop2ZsCzU8Q8melaF.jpg,scratch,Left
CLM000200,296_jpeg_jpg.rf.na3OcMqX9dKRocEEiDYf.jpg,scratch,Right
CLM000201,296_jpeg_jpg.rf.nsX1AcOs5ZpZX6x94TXY.jpg,scratch,Front
CLM000201,29_jpg.rf.ELkMSXcI3nzXi0RNVOt8.jpg,smash,Rear
CLM000202,29_jpg.rf.g90aGBJRcetIlU7ZCWKG.jpg,smash,Front
CLM000202,29_jpg.rf.i5nkIoFzzXAUMywBli3w.jpg,smash,Rear
CLM000202,29_jpg.rf.j138xJVU9U0N4Urtmg4C.jpg,smash,Left
CLM000203,29_jpg.rf.TxZgn3ydycbnljuUlGjl.jpg,smash,Front
CLM000203,29_jpg.rf.UA93ScBKzpMTCIOCIOh3.jpg,smash,Rear
CLM000204,2_jpg.rf.eYfqzUl7JkfrbRHAKGGe.jpg,dent,Front
CLM000204,2_jpg.rf.HmAJJuoPkyb3Lk9EsV49.jpg,dent,Rear
CLM000205,2_jpg.rf.LsK6BcfPlIbwRMJAyKU7.jpg,dent,Front
CLM000205,2_jpg.rf.Q6TC4FdZ9Ax8RkVUMbQ7.jpg,dent,Rear
CLM000206,2_jpg.rf.SEvdStrNjTBjIk6KfKkc.jpg,dent,Front
CLM000206,2_jpg.rf.Xt7VzYyhaGMDjuVslk9U.jpg,dent,Rear
CLM000206,2b5c576d47_jpg.rf.RcuYuqtanCa16neEODMK.jpg,glass_break,Left
CLM000207,2beb89fbc7_jpg.rf.cl919u6Xte3aYmMrmcVV.jpg,glass_break,Front
CLM000207,2beb89fbc7_jpg.rf.NPMeXmwiWNCSt7fxKEpp.jpg,glass_break,Rear
CLM000208,2beb89fbc7_jpg.rf.rEFdvTNbK5EGaxOvygBS.jpg,glass_break,Front
CLM000208,31_jpg.rf.BggOAKNN42MaQKJk0SEN.jpg,smash,Rear
CLM000208,31_jpg.rf.Et48Zc3dF9ktWZk4zvp1.jpg,smash,Left
CLM000209,31_jpg.rf.oGByoGGr7PG18MXwINOJ.jpg,smash,Front
CLM000209,31_jpg.rf.vEbDitKM3xPYWKn70VZP.jpg,smash,Rear
CLM000209,32_jpg.rf.12nlvbRCq2wGUuqdeT2z.jpg,smash,Left
CLM000210,32_jpg.rf.BQTfhdRyloXBIMMSE5lM.jpg,smash,Front
CLM000210,32_jpg.rf.g67oQf9W6bOYuiwDJ0m3.jpg,smash,Rear
CLM000211,32_jpg.rf.nTp3VPYzl3cTOcRQobxp.jpg,smash,Front
CLM000211,3390a07999_jpg.rf.JlDvrzsre6EQqvqAh8Pk.jpg,glass_break,Rear
CLM000211,33_jpg.rf.QNd12NYg5j4cqhOxtCMG.jpg,smash,Left
CLM000211,341_jpeg_jpg.rf.JsWwb30qIS4KhbpNkL5y.jpg,scratch,Right
CLM000212,34_jpg.rf.8ZuPuCo3ifQlOELFvxaP.jpg,smash,Front
CLM000212,34_jpg.rf.AksoeylWP770wYGJWmtR.jpg,smash,Rear
CLM000213,34_jpg.rf.D3MyZQphCJpkU18wO5Lq.jpg,smash,Front
CLM000213,34_jpg.rf.eY7GFFU0JtARRB51u5MI.jpg,smash,Rear
CLM000214,34_jpg.rf.FvRBbMTn9Iud7IdFZpve.jpg,smash,Front
CLM000214,34_jpg.rf.mDMNuwEGwghEBpSiKuOI.jpg,smash,Rear
CLM000215,34_jpg.rf.ORSy0s2mItJVRlNUq1mL.jpg,smash,Front
CLM000215,34_jpg.rf.pubx8YdQMoLS6eOgcSbB.jpg,smash,Rear
CLM000215,34_jpg.rf.qkepncx0n8GroQvNfqNM.jpg,smash,Left
CLM000215,34_jpg.rf.VVfmCUtUGSFe3pFWKd9r.jpg,smash,Right
CLM000216,350_jpeg_jpg.rf.Ein7CL6VEcfOzS9boFe0.jpg,glass_break,Front
CLM000216,350_jpeg_jpg.rf.Gpc0NQu9NDob4xrD7i7W.jpg,glass_break,Rear
CLM000217,350_jpeg_jpg.rf.ueCV0lZNedxMMnYd1voF.jpg,glass_break,Front
CLM000217,36_jpg.rf.7js0lfKotvn8gwLn8nnc.jpg,dent,Rear
CLM000217,36_jpg.rf.eYxU2XGi6cb4zhaxjGwL.jpg,dent,Left
CLM000218,36_jpg.rf.J9jGgvQQBWl1bpPe2wvg.jpg,dent,Front
CLM000218,36_jpg.rf.oZHe94eXvTVlCzTOOa8X.jpg,dent,Rear
CLM000219,37_jpg.rf.73mjzYdWkGQbl1ZYy1X0.jpg,scratch,Front
CLM000219,37_jpg.rf.E5tVhrVjQpz2GGo6Chu7.jpg,dent,Rear
CLM000220,37_jpg.rf.fHRKYNWuaWhJCqo2RWNu.jpg,scratch,Front
CLM000220,37_jpg.rf.hSRqYtcsa3LGIQ5dfE69.jpg,dent,Rear
CLM000220,37_jpg.rf.L27C75X7lvg3YHrwRo5K.jpg,dent,Left
CLM000220,37_jpg.rf.PG052CllPAS03ZxuBhr3.jpg,dent,Right
CLM000221,37_jpg.rf.SK8th55g7F2wa1ZW7oa5.jpg,scratch,Front
CLM000221,37_jpg.rf.xwIHFueVAGwFY3m7NIBW.jpg,dent,Rear
CLM000221,37_jpg.rf.ZdJf6JhNEqHHP6GrvIlE.jpg,dent,Left
CLM000221,388002aeee_jpg.rf.78XIaS9z8r4JhyA1GIay.jpg,glass_break,Right
CLM000222,388002aeee_jpg.rf.QMLs2pwpfBFGwvxL85H0.jpg,glass_break,Front
CLM000222,388002aeee_jpg.rf.tBnSEbvyEJ8rOKq2ZU4Z.jpg,glass_break,Rear
CLM000222,38_jpg.rf.dziN7eYS3qIUtyCJF9dW.jpg,dent,Left
CLM000223,38_jpg.rf.KEdKchfZCxwHWCgUdAh7.jpg,dent,Front
CLM000223,38_jpg.rf.oAmZTzahQ5O2RRs8x7eN.jpg,dent,Rear
CLM000223,38_jpg.rf.PZxQYrZU7zhRqlvCXPeb.jpg,dent,Left
CLM000223,38_jpg.rf.xkhSEvO59kx3UuBOZTWT.jpg,dent,Right
CLM000224,38_jpg.rf.yJQGRPlkr58Cdp6ol0oW.jpg,dent,Front
CLM000224,39_jpg.rf.c7jlsUUZbsA806KzYGUW.jpg,smash,Rear
CLM000225,39_jpg.rf.icBlwDxKPuYkLefc2grV.jpg,smash,Front
CLM000225,39_jpg.rf.jSC2Q2BLwrSaGoY5uwNc.jpg,smash,Rear
CLM000225,39_jpg.rf.KTskUzB2dMyZ0BUqKjE3.jpg,smash,Left
CLM000225,39_jpg.rf.lc6K7P47GL8FYpXjPRTr.jpg,smash,Right
CLM000226,39_jpg.rf.OB5qFfrf5e3hpCoSZ8Et.jpg,smash,Front
CLM000226,39_jpg.rf.rI0I9Yg4qg9j0tc78YMw.jpg,smash,Rear
CLM000226,39ced84b15_jpg.rf.ky80X6KblqCwXZrgu84K.jpg,dent,Left
CLM000226,39ced84b15_jpg.rf.WMY7npdf6F7OYiteNaJB.jpg,dent,Right
CLM000227,3_jpg.rf.4RAT8dhTNrAqIDA7yZZj.jpg,scratch,Front
CLM000227,3_jpg.rf.Es1dzoJRZJ6SuWiY9hD3.jpg,scratch,Rear
CLM000227,3_jpg.rf.Fbc4ZM8AlLqs18XajMIE.jpg,scratch,Left
CLM000227,3_jpg.rf.P6ch0NayifaEqR00OyYX.jpg,scratch,Right
CLM000228,3_jpg.rf.UVIDpyQqI3jjaTGHjigb.jpg,scratch,Front
CLM000228,40_jpg.rf.3430A9OvcDIH2Z0FiLrA.jpg,scratch,Rear
CLM000229,40_jpg.rf.8MdfMCFGrtr5SRtCPnQM.jpg,scratch,Front
CLM000229,40_jpg.rf.aK1xJ2bDPPWNqmBTcMj5.jpg,scratch,Rear
CLM000229,40_jpg.rf.ejrJHRJp2Jgxi8ltF8kQ.jpg,scratch,Left
CLM000230,40_jpg.rf.VKUuJzlGh9iC7PoO7ivj.jpg,scratch,Front
CLM000230,41_jpg.rf.CdzcACAklKweChidJoCi.jpg,smash,Rear
CLM000230,41_jpg.rf.cxhmKsVId0fxhtuYqxw0.jpg,smash,Left
CLM000231,41_jpg.rf.docXGvyKR0kjtWINRzCu.jpg,smash,Front
CLM000231,41_jpg.rf.gH7aNGnLXotHSB2yDPtg.jpg,smash,Rear
CLM000231,41_jpg.rf.xi9JqSielTA2mE1BkUN6.jpg,smash,Left
CLM000231,41_jpg.rf.ZfL8PAHhRYAjGqKGcMDg.jpg,smash,Right
CLM000232,42_jpg.rf.BfS4BBnEptSHGdpaUJu3.jpg,scratch,Front
CLM000232,42_jpg.rf.DrDKnw9JeyoWR21UkxEk.jpg,smash,Rear
CLM000233,42_jpg.rf.Pv4tKZZxoUoqSXmutEcF.jpg,dent,Front
CLM000233,42_jpg.rf.UoHFhNfxIQf9UNcPU7YO.jpg,smash,Rear
CLM000233,43_jpg.rf.0GLdK8qIPM8IPlyAAsvW.jpg,smash,Left
CLM000234,43_jpg.rf.2RrnEHlfBf00BstlqPdr.jpg,smash,Front
CLM000234,43_jpg.rf.8y0YdiGY33VXHM74Fdz5.jpg,scratch,Rear
CLM000234,43_jpg.rf.97VwVU2hmCMrTHHTvmnC.jpg,scratch,Left
CLM000234,43_jpg.rf.FlohGhSoGJoH5pB6K5B1.jpg,smash,Right
CLM000235,43_jpg.rf.IPSm30nWG2j31Sphlwn4.jpg,smash,Front
CLM000235,43_jpg.rf.WOTXIBX1gia9fg7ykQ4J.jpg,smash,Rear
CLM000235,44_jpg.rf.ajBRavlMH9oJ4HBbQnvf.jpg,dent,Left
CLM000235,44_jpg.rf.fqeDE4E2Rg6YPZhX966C.jpg,dent,Right
CLM000236,44_jpg.rf.m7d465YKj8L2Hfsasq5W.jpg,dent,Front
CLM000236,44_jpg.rf.nhMLs2f0pfM3s1SsULgP.jpg,dent,Rear
CLM000236,44_jpg.rf.x7daTy3SI4DCJLaaMzha.jpg,dent,Left
CLM000237,44_jpg.rf.Xchon8koBlUrWv5scn4e.jpg,dent,Front
CLM000237,4565bb5042_jpg.rf.lGxefOnhD23lBkgWSSyU.jpg,glass_break,Rear
CLM000237,4565bb5042_jpg.rf.oq21o7NTEVUSQBLOVCDy.jpg,glass_break,Left
CLM000237,4565bb5042_jpg.rf.unHiZRLAXvUHiXcKlUVw.jpg,glass_break,Right
CLM000238,46_jpg.rf.4M5IeLTdbvehv7TSqMYL.jpg,dent,Front
CLM000238,46_jpg.rf.d9YsH2Anvftos33eu5WW.jpg,dent,Rear
CLM000238,47_jpg.rf.6kfE2qxIBIVA53HcmuUj.jpg,smash,Left
CLM000238,47_jpg.rf.r3sxFerw5bt5IsBgV5sN.jpg,smash,Right
CLM000239,47_jpg.rf.TkceMOadTut3CJe8tnVB.jpg,smash,Front
CLM000239,47_jpg.rf.xAErVUGCEcS6cDbCOcEq.jpg,smash,Rear
CLM000240,49_jpeg_jpg.rf.eHqE3pxtreubVMy2Yx4B.jpg,scratch,Front
CLM000240,49_jpeg_jpg.rf.J3RL7kYGwbTeiygjzurJ.jpg,scratch,Rear
CLM000240,49_jpg.rf.MW18lKprHn3RBC8UIC8z.jpg,dent,Left
CLM000240,49_jpg.rf.xfL5NfhBer9FHzTbVV1r.jpg,dent,Right
CLM000241,49_jpg.rf.Zb1deBaAhGS2HXnZqVHz.jpg,dent,Front
CLM000241,4_jpg.rf.1u0UVqu5JmcasvpJ8Xs8.jpg,dent,Rear
CLM000242,4_jpg.rf.fgA1EBhrE07X0BoRqZrA.jpg,dent,Front
CLM000242,4_jpg.rf.Wizj80jPidYfYU9Hg5mw.jpg,dent,Rear
CLM000243,4c592470b1_jpg.rf.UogM6clrSkMCrdazJZOI.jpg,glass_break,Front
CLM000243,4f6d5150e4_jpg.rf.j9OTAnXjCeKXXUkzZ6JX.jpg,glass_break,Rear
CLM000243,4f6d5150e4_jpg.rf.WgpJqlu9RXQ8yFfDeF1y.jpg,glass_break,Left
CLM000244,50_jpg.rf.rx9iswztwybylyPkQyS4.jpg,smash,Front
CLM000244,50_jpg.rf.SHXnh1sdaruR1QnXs830.jpg,smash,Rear
CLM000244,51_jpeg_jpg.rf.GvzPvGX6x9xqqZRttiVb.jpg,scratch,Left
CLM000245,51_jpg.rf.QRkLaTQQIzwJpnDyrQIS.jpg,scratch,Front
CLM000245,52_jpg.rf.cX0C1lOt2qJYjJeBawQT.jpg,smash,Rear
CLM000245,52_jpg.rf.jMw4tOXjF3xnzGnumiHk.jpg,smash,Left
CLM000245,52_jpg.rf.POfcwAAARZONM5lxQQ6I.jpg,smash,Right
CLM000246,53_jpg.rf.7fY8npvHyLCbUqUMmLxY.jpg,smash,Front
CLM000246,53_jpg.rf.CnPQrfq6hwvGEeyrg2Jz.jpg,smash,Rear
CLM000246,53_jpg.rf.HJEjEOClS6e16280Qkk3.jpg,smash,Left
CLM000247,53_jpg.rf.vTXx07gly1sd9hKWmctF.jpg,smash,Front
CLM000247,53_jpg.rf.WGLS8KlFZLC7cXcjzki6.jpg,smash,Rear
CLM000247,548_jpeg_jpg.rf.7jKRx0jQ1uUeQvg62yPR.jpg,glass_break,Left
CLM000247,54_jpg.rf.0zGrsXiOPsP7PAxUqoYF.jpg,smash,Right
CLM000248,54_jpg.rf.I6W5mcWcmAhYlHWDUkGr.jpg,smash,Front
CLM000248,55_jpg.rf.hA3lVpKxKjjlGimpOqMI.jpg,smash,Rear
CLM000249,55_jpg.rf.yH1Dkc5JzvqdtPMUoLPp.jpg,smash,Front
CLM000249,56_jpg.rf.B33Gq8DwqPs0caiOojPo.jpg,smash,Rear
CLM000249,57_jpg.rf.9UpGACkGxPvi9oTynx3M.jpg,dent,Left
CLM000250,57_jpg.rf.dVS56NKqWNJveGQqCOzc.jpg,dent,Front
CLM000250,57_jpg.rf.e3hNj63FvrWD827NiZ7y.jpg,dent,Rear
CLM000251,57e3aa717d_jpg.rf.a2XCq0A3wXM4bhCI9Szq.jpg,scratch,Front
CLM000251,57e3aa717d_jpg.rf.GLKasfg6ko86tvz6H6LF.jpg,scratch,Rear
CLM000251,57e3aa717d_jpg.rf.tjQA6m6tdvsSZgWKLvWX.jpg,scratch,Left
CLM000252,58_jpg.rf.5aRO32QtRvwexELiQ1BM.jpg,smash,Front
CLM000252,592_jpeg_jpg.rf.4IxEa0Kp47AvsOpD69pd.jpg,scratch,Rear
CLM000253,592_jpeg_jpg.rf.rrHRAxbKtNkoeMdg1U2P.jpg,scratch,Front
CLM000253,592_jpeg_jpg.rf.TXqGuINqPi5YLb9yDQLw.jpg,scratch,Rear
CLM000254,59_jpg.rf.i6xJLCIrhvNZOhIiqio3.jpg,scratch,Front
CLM000254,59_jpg.rf.UDtE541ER0m3DYl8bXdG.jpg,scratch,Rear
CLM000255,59_jpg.rf.zpSg3sq4mg80y4oFZ7g3.jpg,scratch,Front
CLM000255,5_jpg.rf.6fUX0h5Ocq3OMHME17wF.jpg,dent,Rear
CLM000255,5_jpg.rf.GJudzHnuWPR3iGgmYgvT.jpg,dent,Left
CLM000255,5_jpg.rf.IboQarmxvKsshHxbBu1u.jpg,dent,Right
CLM000256,5_jpg.rf.rDbnEPlSsgGhsVxYwLy6.jpg,dent,Front
CLM000256,5_jpg.rf.WlWww6VH5P5zBE0WhhWL.jpg,dent,Rear
CLM000256,5_jpg.rf.YVDtvFF4NR04RgdqUkDT.jpg,dent,Left
CLM000256,5e087ca2e0_jpg.rf.Qpzj9GqdTdrdINZQFBxI.jpg,smash,Right
CLM000257,5e087ca2e0_jpg.rf.WQf6wahdKmRxWJbDEOVV.jpg,smash,Front
CLM000257,601_jpeg_jpg.rf.E8ioL3pnJCq6EVhPoXWR.jpg,dent,Rear
CLM000257,601_jpeg_jpg.rf.GvTcCKZW3ICCw2Itw4QS.jpg,dent,Left
CLM000257,601_jpeg_jpg.rf.nsrs58JLiUg2zVVoUBbG.jpg,dent,Right
CLM000258,61_jpg.rf.AOjxFWFBg4Z5Mq3e73Nv.jpg,scratch,Front
CLM000258,61_jpg.rf.KGq6AdIhQWrMxnpitEpC.jpg,scratch,Rear
CLM000258,61_jpg.rf.lwd1EvkP6MOOYguUvCEI.jpg,scratch,Left
CLM000259,62_jpg.rf.FolVZYEAuWCW0pB8cNFI.jpg,scratch,Front
CLM000259,62_jpg.rf.SqZFEU5Mr8ShN1CnXloz.jpg,scratch,Rear
CLM000260,62_jpg.rf.U0TXJWlvxmpjkgGuH1zp.jpg,scratch,Front
CLM000260,630_jpeg_jpg.rf.x4wPRARPqpl4GA8BQoXy.jpg,scratch,Rear
CLM000261,630_jpeg_jpg.rf.x6GPCaUfQlTLOcADdCWu.jpg,scratch,Front
CLM000261,63_jpg.rf.9lCLnHy4AtLzpPoZhZNP.jpg,dent,Rear
CLM000262,63_jpg.rf.fRMMAJwdelmGVk3u5BzS.jpg,dent,Front
CLM000262,63_jpg.rf.sMeQ3FPuLabQ49eJLP3S.jpg,dent,Rear
CLM000262,63_jpg.rf.UzvJMXC3ky5k2v0voFet.jpg,dent,Left
CLM000263,63_jpg.rf.x8s4t5lx5AZi3o5dm3OM.jpg,dent,Front
CLM000263,640_jpeg_jpg.rf.4jMBkJfBag7iacKMEhpr.jpg,scratch,Rear
CLM000264,640_jpeg_jpg.rf.eCPWolR4gtlgP80JsKbZ.jpg,scratch,Front
CLM000264,640_jpeg_jpg.rf.GjfwULcDoIBiPfeuwBa6.jpg,scratch,Rear
CLM000265,647_jpeg_jpg.rf.AOW86SLEqc95mTtN3Kx3.jpg,glass_break,Front
CLM000265,647_jpeg_jpg.rf.RZDl9cyeMAjZfJGiHFxo.jpg,glass_break,Rear
CLM000266,64_jpeg_jpg.rf.T2bftxjlklSa2uleDxF7.jpg,glass_break,Front
CLM000266,64_jpg.rf.1g1YOZfZ1iZfNxPxmF2U.jpg,scratch,Rear
CLM000266,64_jpg.rf.gVmqM5RjSltxdYkpARGZ.jpg,scratch,Left
CLM000266,64_jpg.rf.ZS4D7r2MlF6WLsh4xVJ5.jpg,scratch,Right
CLM000267,66_jpeg_jpg.rf.f1lIaki9LFDh1kQ727iF.jpg,glass_break,Front
CLM000267,66_jpeg_jpg.rf.lKVyjdWI7qxzQG7BE9mc.jpg,glass_break,Rear
CLM000267,67_jpeg_jpg.rf.3L8T962S28NmmkORYALq.jpg,glass_break,Left
CLM000268,68_jpg.rf.APhU1JasavY0oqc7s39X.jpg,dent,Front
CLM000268,68_jpg.rf.mQbz2TCrnb52Cx5XaEYN.jpg,dent,Rear
CLM000269,68_jpg.rf.XR8H0tBYcpKiiwaLpbyO.jpg,dent,Front
CLM000269,69_jpg.rf.Kd3feAlItcEI6OE3Hw6K.jpg,dent,Rear
CLM000270,69_jpg.rf.YGUEormY4WZMgbuvq4Sz.jpg,dent,Front
CLM000270,6_jpg.rf.BuFcD5nL2vWkGkMAbsbJ.jpg,dent,Rear
CLM000270,6_jpg.rf.QTzAluqKoJRsdjRlpANW.jpg,dent,Left
CLM000270,6_jpg.rf.xfMbusJamCoBVJNdG8Id.jpg,dent,Right
CLM000271,70_jpg.rf.AUBrvvE8LUG97nEMkFuJ.jpg,dent,Front
CLM000271,70_jpg.rf.x0wV1AEP4SaZKuexqWet.jpg,dent,Rear
CLM000271,71_jpg.rf.gR7nGeyOSHLhiOq3l1Kf.jpg,scratch,Left
CLM000272,71_jpg.rf.kNyHjFJlfqsvDYwnk3ez.jpg,scratch,Front
CLM000272,71_jpg.rf.ZQuRVD06Jc6LjZccXESg.jpg,scratch,Rear
CLM000272,73_jpg.rf.s52UrrRN6BTtOxErxRxv.jpg,dent,Left
CLM000272,73_jpg.rf.Y1mba9NRMH3P0Xm9HteI.jpg,dent,Right
CLM000273,73_jpg.rf.Y6ZSFiCXWTesCFdTiYbS.jpg,dent,Front
CLM000273,74_jpg.rf.4vAUOLzYZ8d0kE1gs5bc.jpg,scratch,Rear
CLM000273,74_jpg.rf.694ZlPZdMUePAlljJome.jpg,smash,Left
CLM000274,74_jpg.rf.nfntav1urJ7QQdxdgCoT.jpg,scratch,Front
CLM000274,74_jpg.rf.ppQLWxlClRe3GHD38WL4.jpg,scratch,Rear
CLM000275,75_jpg.rf.BTq9Wdphhsy0fvgoiKqd.jpg,dent,Front
CLM000275,75_jpg.rf.pRUNi0Z8BcvgPgt6vswc.jpg,dent,Rear
CLM000275,76_jpg.rf.DkeLwvPGmSb3s54LqBO3.jpg,scratch,Left
CLM000275,76_jpg.rf.KHl36Ut1MRsYSLDlC71N.jpg,scratch,Right
CLM000276,77_jpg.rf.11PePLKFGUSnkOO6XU8Q.jpg,scratch,Front
CLM000276,77_jpg.rf.3g7FriU7mgeOKdVPIWxn.jpg,scratch,Rear
CLM000276,77_jpg.rf.O8u17iucNxB5LSYCsnBQ.jpg,scratch,Left
CLM000277,77_jpg.rf.Y8UNcBrasjIfhzpJReGG.jpg,scratch,Front
CLM000277,78_jpg.rf.KenxHAA0cD1c1DVHl423.jpg,dent,Rear
CLM000277,78_jpg.rf.yGQ21efbiqxUdnMyHmFN.jpg,dent,Left
CLM000278,794_jpeg_jpg.rf.7UHBiVPszPZ1L4cPF36w.jpg,smash,Front
CLM000278,794_jpeg_jpg.rf.mQQwAkvLuSnLpqoBgliE.jpg,smash,Rear
CLM000278,79_jpg.rf.63Jhg6ZIXj19MVq8TRoC.jpg,scratch,Left
CLM000278,79_jpg.rf.RpTeLRucZ8drxqPEu7oY.jpg,scratch,Right
CLM000279,79_jpg.rf.ujXVI1gATyDNsXibaGbB.jpg,scratch,Front
CLM000279,7_jpg.rf.Ad2c3jzlz64XfgnUnBIv.jpg,scratch,Rear
CLM000279,7_jpg.rf.Fzf01PtdLeCjgMl1asbN.jpg,scratch,Left
CLM000279,7_jpg.rf.hvK72fUAfASrCnAYlBXm.jpg,scratch,Right
CLM000280,7_jpg.rf.x8gVdMgWjIHSsTWCVoG4.jpg,scratch,Front
CLM000280,7_jpg.rf.ZEHl1h4BoSNOP5NIRwK9.jpg,scratch,Rear
CLM000280,7a794ed189_jpg.rf.BLtdC9Sl6hylJma3Boz3.jpg,glass_break,Left
CLM000280,7a794ed189_jpg.rf.imXk2khwe8OHDUL4d5zg.jpg,glass_break,Right
CLM000281,80_jpg.rf.jVU7ps34qHwl57F4dqYA.jpg,scratch,Front
CLM000281,80_jpg.rf.ogpsc9bhAdk5b3T1tJ7X.jpg,scratch,Rear
CLM000282,80_jpg.rf.zCP0yyykV6p5W8L1SClV.jpg,scratch,Front
CLM000282,81_jpg.rf.cB79dTyYx9On8aSV6Sln.jpg,scratch,Rear
CLM000282,81_jpg.rf.IoBJ0wj5zY1ADBkyVYU2.jpg,scratch,Left
CLM000283,81_jpg.rf.JC5X3rbK2jhcIhgQeA3r.jpg,scratch,Front
CLM000283,820_jpeg_jpg.rf.bgeVRCsuHbiMvvZquCI3.jpg,smash,Rear
CLM000283,820_jpeg_jpg.rf.l0rI9miIMWAp9EtZhSGq.jpg,smash,Left
CLM000284,820_jpeg_jpg.rf.oYVsLu8pWsBJm0xE5pis.jpg,smash,Front
CLM000284,829_jpeg_jpg.rf.czdSqJKUKMO601uFlu5W.jpg,scratch,Rear
CLM000284,829_jpeg_jpg.rf.PhqCvMnexdOLfmLZmfXH.jpg,scratch,Left
CLM000284,829_jpeg_jpg.rf.sbV3JQ2maYOoPzn2HANH.jpg,scratch,Right
CLM000285,873_jpeg_jpg.rf.aSkb7KNdSmkaigRhxaiX.jpg,scratch,Front
CLM000285,873_jpeg_jpg.rf.vRMwRGx2n9xDXGXkCXIe.jpg,scratch,Rear
CLM000285,88d69f9fe4_jpg.rf.0SylQjuOP8Az1LYdQ63O.jpg,glass_break,Left
CLM000285,8_jpg.rf.AmJQVOl5effyByAqv4Ku.jpg,smash,Right
CLM000286,8_jpg.rf.I094C3y1oSvpYvOCzbuc.jpg,dent,Front
CLM000286,8_jpg.rf.JuOGdbegdXFIx4vF6P4q.jpg,smash,Rear
CLM000286,8_jpg.rf.m93oJIcXGvm2eRn3detz.jpg,dent,Left
CLM000287,900_jpeg_jpg.rf.PrWtLISBwsNke31bR1h6.jpg,dent,Front
CLM000287,900_jpeg_jpg.rf.tSh214DUHb6tntuqKsy4.jpg,dent,Rear
CLM000288,900_jpeg_jpg.rf.X0huyDQzCzJg29kp7Xkp.jpg,dent,Front
CLM000288,91_jpg.rf.3TAnjrfTEIZMNcRshtGj.jpg,scratch,Rear
CLM000288,93a5707f20_jpg.rf.9TUkl8TuhgoyzENw2uly.jpg,glass_break,Left
CLM000289,93a5707f20_jpg.rf.C2xNekwfHo4EuftEZhYf.jpg,glass_break,Front
CLM000289,95_jpeg_jpg.rf.fzxKKkIqUqhcWs17CONy.jpg,glass_break,Rear
CLM000290,95_jpeg_jpg.rf.ZctuxTIyGVTC6RfUII7I.jpg,glass_break,Front
CLM000290,991_jpeg_jpg.rf.2ZbR26VcRafEJSyfHbCc.jpg,dent,Rear
CLM000290,991_jpeg_jpg.rf.MmJcMiZXRrJN3Ql0zi9f.jpg,dent,Left
CLM000290,991_jpeg_jpg.rf.OTLnpqjrZcudOyEXIEQf.jpg,dent,Right
CLM000291,9_jpg.rf.LxKv348ttkWW49jIzIO4.jpg,scratch,Front
CLM000291,9baa89d1bd_jpg.rf.CRQKobMPZmdAywmG0PTm.jpg,scratch,Rear
CLM000291,9baa89d1bd_jpg.rf.E42sV7rsrYd7etbo2Q4J.jpg,scratch,Left
CLM000292,9baa89d1bd_jpg.rf.Q2dfpTaU2j8XCRPkaUfC.jpg,scratch,Front
CLM000292,akhand_b43_106_jpg.rf.0YNM13sjs6KMe9xugS6k.jpg,scratch,Rear
CLM000292,akhand_b43_106_jpg.rf.wlEnFQJk9ujEh2zFHbim.jpg,scratch,Left
CLM000292,akhand_b43_148_jpg.rf.TyewQSS1KLzIMi4dJRdV.jpg,glass_break,Right
CLM000293,akhand_b43_148_jpg.rf.wBJUDssMyNXJHjoIPJl2.jpg,glass_break,Front
CLM000293,akhand_b43_149_jpg.rf.iEgYJt56vdReR8GbbaBc.jpg,glass_break,Rear
CLM000293,akhand_b43_149_jpg.rf.T0gELChGDw2MdUog9irY.jpg,glass_break,Left
CLM000294,akhand_b43_158_jpg.rf.JUO78ZiOCJlVfvNv6gYk.jpg,smash,Front
CLM000294,akhand_b43_158_jpg.rf.OKC0Yk6I34FSdPJGQfdq.jpg,smash,Rear
CLM000295,akhand_b43_185_jpg.rf.yHVfhMtyLwSX3wmVTN2m.jpg,glass_break,Front
CLM000295,akhand_b43_213_jpg.rf.nmi3taAMYfRJ2Q9Gi49P.jpg,glass_break,Rear
CLM000296,akhand_b43_255_jpg.rf.JQVsXMxKtTVR4VuNG6xy.jpg,glass_break,Front
CLM000296,akhand_b43_255_jpg.rf.L7zxDZgHFW8Gm9F158LW.jpg,glass_break,Rear
CLM000296,akhand_b43_27_jpg.rf.fE89JvMa5WtoXBWVZrHO.jpg,smash,Left
CLM000297,akhand_b43_27_jpg.rf.KAtsmoaYDfYM3t4SdZYw.jpg,smash,Front
CLM000297,akhand_b43_27_jpg.rf.YEALOKB899ijiVsuHuKu.jpg,smash,Rear
CLM000297,akhand_b43_307_jpg.rf.tvbtGIRB4ShpZKpieMBe.jpg,scratch,Left
CLM000298,akhand_b43_308_jpg.rf.CfFrqQT0GHT5uTMEuZAx.jpg,dent,Front
CLM000298,akhand_b43_308_jpg.rf.SWOMR2OIWxNribvGumsL.jpg,dent,Rear
CLM000298,akhand_b43_318_jpg.rf.uPGUmXJHMO7TeEukaGsf.jpg,glass_break,Left
CLM000298,akhand_b43_334_jpg.rf.r3JPEE7ZymKSw9HVI4tw.jpg,scratch,Right
CLM000299,akhand_b43_334_jpg.rf.WDFVANiZRsiFvikdfB1y.jpg,scratch,Front
CLM000299,akhand_b43_336_jpg.rf.iw8OyEg0XWGQPoy08AlY.jpg,scratch,Rear
CLM000299,akhand_b43_336_jpg.rf.ms2EN2SPH4Nt4KV8L8yf.jpg,scratch,Left
CLM000299,akhand_b43_34_jpg.rf.flM2yaUbrKkCzMpGfDmC.jpg,glass_break,Right
CLM000300,akhand_b43_34_jpg.rf.hD0gIMAWzkl32NjL1nOt.jpg,glass_break,Front
CLM000300,akhand_b43_404_jpg.rf.FVrsdIDzeEPEYtaAyLOg.jpg,smash,Rear
CLM000301,akhand_b43_404_jpg.rf.w8HQwkgb8GmEYRFiCOcu.jpg,smash,Front
CLM000301,akhand_b43_447_jpg.rf.i4yqtEXMfTLJeMaAyDhS.jpg,smash,Rear
CLM000302,akhand_b43_447_jpg.rf.zPpvvEefbC6zMdICkI0A.jpg,smash,Front
CLM000302,akhand_b43_48_jpg.rf.80K3OGetYFhPXpwdBAUv.jpg,glass_break,Rear
CLM000302,akhand_b43_48_jpg.rf.asTnuoBalzq7gvazRnkY.jpg,glass_break,Left
CLM000303,akhand_b43_48_jpg.rf.auPuodgA8zhW8HF2iI5c.jpg,glass_break,Front
CLM000303,akhand_b43_496_jpg.rf.xcPtFGI0AhR24pVNcCsR.jpg,smash,Rear
CLM000303,akhand_b43_553_jpg.rf.kt0TvFykk7IDMMkEDD77.jpg,dent,Left
CLM000303,akhand_b43_588_jpg.rf.JkkILX7cdCkBHRtRJiiu.jpg,scratch,Right
CLM000304,akhand_b43_588_jpg.rf.qI0NWu3jabW9gIqZDp8O.jpg,scratch,Front
CLM000304,akhand_b43_588_jpg.rf.SSsq6Gu1YHFfd92Q3hVb.jpg,scratch,Rear
CLM000304,akhand_b43_84_jpg.rf.3CMyaVWRdCovI5vbtTlI.jpg,smash,Left
CLM000304,akhand_b43_84_jpg.rf.D9tiC62B65fKlUjzZ1PH.jpg,smash,Right
CLM000305,akhand_b43_84_jpg.rf.JxYd9FDXXxBRgHq8mJaq.jpg,smash,Front
CLM000305,akhand_b43_91_jpg.rf.cfRCFSTBiSjaCJcR9Our.jpg,glass_break,Rear
CLM000305,akhand_b43_91_jpg.rf.oT2A2Q0jImRz7ygUxUGj.jpg,glass_break,Left
CLM000306,akhand_b43_91_jpg.rf.RH5jom9OmIZDCgDO8E1P.jpg,glass_break,Front
CLM000306,akhand_b43_95_jpg.rf.c7m4WwoJYDYadIsD4hTM.jpg,scratch,Rear
CLM000306,akhand_b43_95_jpg.rf.kA8V6lcqYzdL16grgJUt.jpg,scratch,Left
CLM000307,audi-cars-scratches-bumper44_jpg.rf.64IxKIZjBZDObsWUCwDF.jpg,scratch,Front
CLM000307,audi-cars-scratches-bumper44_jpg.rf.yAUcwluLefa72qEtlxXK.jpg,scratch,Rear
CLM000307,back-bumper-side-scartches-on-car-hd-images62_jpg.rf.tTLLGA6Wg2qwu4wKNrY2.jpg,dent,Left
CLM000307,back_0066_jpg.rf.mVkfnze6LiD9HF7L06iv.jpg,glass_break,Right
CLM000308,back_0066_jpg.rf.zMkFeWsTpAY5RwhxOU25.jpg,glass_break,Front
CLM000308,back_0077_jpg.rf.Cvl8hDck8gqpDfbVnkWP.jpg,glass_break,Rear
CLM000308,back_0077_jpg.rf.pJbclR3p1a8OKo3LbdVD.jpg,glass_break,Left
CLM000308,back_0291_jpg.rf.AC1KeDpY8uW0WTErGMma.jpg,glass_break,Right
CLM000309,back_0291_jpg.rf.gv0oC5zYCGXhq4dOgywx.jpg,glass_break,Front
CLM000309,back_0308_jpg.rf.LnRHpGaBrPu9tf6U8GDm.jpg,glass_break,Rear
CLM000309,back_0308_jpg.rf.wLKEKfGlXSVLuZKhFRXj.jpg,glass_break,Left
CLM000310,back_0308_jpg.rf.ylicBKmbGKErJUGtNmHr.jpg,glass_break,Front
CLM000310,broken-dorr-glass-of-car-pic-hd10_jpg.rf.TzxLhWlxc9q4VwpXFZHy.jpg,glass_break,Rear
CLM000311,broken-dorr-glass-of-car-pic-hd1_jpg.rf.j30rG3TbmFFadHFwxhfU.jpg,glass_break,Front
CLM000311,broken-dorr-glass-of-car-pic-hd1_jpg.rf.TA2haSHGmKA0YIj4klh3.jpg,glass_break,Rear
CLM000311,broken-dorr-glass-of-car-pic-hd22_jpg.rf.sDHn8FCORhDbxaRXeukN.jpg,glass_break,Left
CLM000312,broken-Taillight-cars-photos-hd3_jpg.rf.CV5mz4VbUTGvFooLOXvX.jpg,glass_break,Front
CLM000312,broken-Taillight-cars-photos-hd3_jpg.rf.JawdUZjExCx2qxcCyPDu.jpg,glass_break,Rear
CLM000312,broken-Taillight-cars-photos-hd3_jpg.rf.la8Irf4nlNCeeSvBusgn.jpg,glass_break,Left
CLM000312,bumper-side-dent-images-hd-cars76_jpg.rf.470cw2ytdPfs7GVFEAYn.jpg,dent,Right
CLM000313,bumper-side-dent-images-hd-cars76_jpg.rf.kaoeoiVrCdeNV3Lq46ug.jpg,dent,Front
CLM000313,c36d6b6deb_jpg.rf.S9OPc7LIpCvuN6E9fr62.jpg,glass_break,Rear
CLM000313,c957fe4s-960_jpeg_jpg.rf.BQful2BxJMPUluB2Jnff.jpg,glass_break,Left
CLM000314,c957fe4s-960_jpeg_jpg.rf.DCGDWzAwESyaRfJqDgoo.jpg,glass_break,Front
CLM000314,c9dbb2eca8_jpg.rf.brS7GOHQy3uEUqTXIvG8.jpg,glass_break,Rear
CLM000314,c9dbb2eca8_jpg.rf.J7gJDDcyV0EQO1Frj1Hp.jpg,glass_break,Left
CLM000315,c9dbb2eca8_jpg.rf.moI7ULKnvLutPK0zq7Vg.jpg,glass_break,Front
CLM000315,car-dorr-glass-broken14_jpg.rf.4GkrF4ziLkcHWFHfy1vs.jpg,glass_break,Rear
CLM000316,car-dorr-glass-broken14_jpg.rf.Q4HMOdnQIKqgcvdpBklY.jpg,glass_break,Front
CLM000316,car-dorr-glass-broken14_jpg.rf.z2GchyESgCWYHHIN5zMY.jpg,glass_break,Rear
CLM000317,car-dorr-glass-broken38_jpg.rf.BQgfLhP9snQTEVIII9TM.jpg,glass_break,Front
CLM000317,car-dorr-glass-broken38_jpg.rf.Iwv84i5ULL7yNO7Z55NH.jpg,glass_break,Rear
CLM000317,car-front-glass-broken-pic27_jpg.rf.wxsRBEZCLYBrFbwxN18r.jpg,glass_break,Left
CLM000318,car-front-glass-broken-pic27_jpg.rf.Y4sALdD3ENO7W6cYBDYr.jpg,glass_break,Front
CLM000318,car-front-glass-broken-pic45_jpg.rf.BBOHxAi6cpWQ0ul9mTmO.jpg,glass_break,Rear
CLM000318,car-front-glass-broken-pic45_jpg.rf.SPw7y5Wad3HJtP9zzxhl.jpg,glass_break,Left
CLM000318,car-front-glass-broken-pic45_jpg.rf.upLIqfvrRNK0SdYVgayV.jpg,glass_break,Right
CLM000319,car-front-glass-broken-pic9_jpg.rf.qHUOmbzVVCdChM8xEskh.jpg,glass_break,Front
CLM000319,car-front-glass-broken-pic9_jpg.rf.XxYCtfV38r30PPT8dYfg.jpg,glass_break,Rear
CLM000319,corolla-1490543314_jpg.rf.ct2mCbK4FdIhhugMtpIP.jpg,smash,Left
CLM000319,corolla-1490543314_jpg.rf.oEYgc3xIneGS53VkMGqP.jpg,smash,Right
CLM000320,crashed148_JPEG_jpg.rf.PeZdu5y1q6FSadXffpah.jpg,smash,Front
CLM000320,crashed148_JPEG_jpg.rf.qlyx7b0CzGLvMPs7cu1J.jpg,smash,Rear
CLM000320,crashed148_JPEG_jpg.rf.R9nQS3ULiHKH0NhRxmjj.jpg,smash,Left
CLM000320,crashed154_JPEG_jpg.rf.OdOuxNC94oMpqVIawJwZ.jpg,smash,Right
CLM000321,crashed169_jpg.rf.E1lODyI1PU0wdPTvNH2t.jpg,smash,Front
CLM000321,crashed169_jpg.rf.xQ9bs9OO25ikZVvo09Pa.jpg,smash,Rear
CLM000321,crashed176_jpg.rf.LHLhU1yPCYilFfIRqiqQ.jpg,smash,Left
CLM000321,crashed178_jpg.rf.Zm2QmckIBqL5IEqDjtm0.jpg,smash,Right
CLM000322,crashed185_jpg.rf.69hMXdUUWTxcNjtWJDC1.jpg,smash,Front
CLM000322,crashed185_jpg.rf.6OswL0fUy4zxMAhfeSNm.jpg,smash,Rear
CLM000322,crashed185_jpg.rf.KWVyvIpAzC6kOhxQM4Gb.jpg,smash,Left
CLM000322,crashed194_jpg.rf.3UzXX45DlchRniCzYSWO.jpg,smash,Right
CLM000323,crashed194_jpg.rf.UGqiTPQEi7MQAVUeaXO3.jpg,smash,Front
CLM000323,crashed195_jpg.rf.4JH4GGhhD2qrGcEkPJKa.jpg,smash,Rear
CLM000324,crashed195_jpg.rf.6JOZSnSYs0iwhHB8ZCGt.jpg,smash,Front
CLM000324,crashed195_jpg.rf.VxwcG1adr9iLR6Lhl66a.jpg,smash,Rear
CLM000325,crashed203_jpg.rf.RAltBWWxdnpa0Fhw5LP5.jpg,smash,Front
CLM000325,crashed203_jpg.rf.sPr04hwyajgL815r51Nv.jpg,smash,Rear
CLM000325,crashed204_jpg.rf.7CT0hypaR4neMhLYwFUa.jpg,smash,Left
CLM000326,crashed204_jpg.rf.q7N2OE0Xq7DgWNboTn4t.jpg,smash,Front
CLM000326,crashed210_jpg.rf.NXrXF8QZQZ8r9Paac4hL.jpg,smash,Rear
CLM000327,crashed210_jpg.rf.P6alcfTQfz8QQzcYPqjS.jpg,smash,Front
CLM000327,crashed210_jpg.rf.PvnEMSTln1iuMpSPZjLg.jpg,smash,Rear
CLM000327,crashed217_JPG_jpg.rf.ggxZjIUT6cSpYH5b66m4.jpg,smash,Left
CLM000328,crashed222_jpg.rf.vBuOOEF0Ph830eEz3vvK.jpg,smash,Front
CLM000328,crashed225_jpg.rf.eqsSTMiF7ruqISTxcXlV.jpg,smash,Rear
CLM000328,crashed225_jpg.rf.MW2JWXFn6s4VqhAJu7IZ.jpg,smash,Left
CLM000329,crashed227_jpg.rf.2KqCmPukdoo16xE5JXTv.jpg,smash,Front
CLM000329,crashed227_jpg.rf.8bfdIfFAUBVRlPlNBM1r.jpg,smash,Rear
CLM000330,crashed227_jpg.rf.c4lhVxnw7s2aGrmiIl1y.jpg,smash,Front
CLM000330,crashed235_jpg.rf.CzkFi5BfJMa4sYNahkKg.jpg,smash,Rear
CLM000330,crashed236_jpg.rf.D8ScpAjuwvpxfyguUroP.jpg,smash,Left
CLM000330,crashed236_jpg.rf.VrGMoW5QodkGVfZu5dPc.jpg,smash,Right
CLM000331,crashed244_jpg.rf.gXLrnkbyixsQP3gmqaBu.jpg,smash,Front
CLM000331,crashed244_jpg.rf.mHdxr4uG0uLTX5abPNTw.jpg,smash,Rear
CLM000331,crashed248_jpg.rf.Ki9wDPt6nJf5K1uoprKk.jpg,dent,Left
CLM000332,crashed269_jpg.rf.LT00VhP9bQN8UX5MSFO2.jpg,smash,Front
CLM000332,crashed306_jpg.rf.fT8iXOyK3QpwNfB4A61I.jpg,smash,Rear
CLM000332,crashed306_jpg.rf.ZepgRqCSi2uUX0zi8iiM.jpg,smash,Left
CLM000333,crashed316_jpg.rf.kV8v3YhsOKL8tdBOktHK.jpg,smash,Front
CLM000333,crashed316_jpg.rf.QRbUif7mXRMql2dyZRGP.jpg,smash,Rear
CLM000334,crashed316_jpg.rf.T0pOAf3XTiOlcNDs6gfC.jpg,smash,Front
CLM000334,crashed331_jpg.rf.65lWkQkGp1keh5xodbrM.jpg,smash,Rear
CLM000335,crashed347_jpg.rf.xah2gts8UE5lcCSoiEGq.jpg,smash,Front
CLM000335,crashed352_jpg.rf.aqlYTqUGJghDgQpTjMOx.jpg,smash,Rear
CLM000336,crashed352_jpg.rf.ECR5MKZo2XcCo8Za4EYr.jpg,smash,Front
CLM000336,crashed352_jpg.rf.oy5pQDw7qZSgM3a2Cx4n.jpg,smash,Rear
CLM000336,crashed354_jpg.rf.a7NABX0P7c9XSwZkAAQ4.jpg,smash,Left
CLM000337,crashed354_jpg.rf.ic8YStbhjOO49nYBC48r.jpg,smash,Front
CLM000337,crashed354_jpg.rf.jyHOPGa7y9ptKL4GlKTz.jpg,smash,Rear
CLM000337,crashed359_jpg.rf.GQZkxdk5xvJs9Kr4g0aQ.jpg,smash,Left
CLM000337,crashed359_jpg.rf.MCRijWxfTHregtO8vQrc.jpg,smash,Right
CLM000338,crashed365_jpg.rf.KgS7ZgQqxGTGLXjOYeQp.jpg,smash,Front
CLM000338,crashed365_jpg.rf.tOr1ZYraZJfG2Q9nrz5d.jpg,smash,Rear
CLM000338,crashed374_jpg.rf.mvLwtl6H36LtSP4jaINz.jpg,smash,Left
CLM000339,crashed374_jpg.rf.NfAvDhAWwzns3wVeazlm.jpg,smash,Front
CLM000339,crashed376_jpg.rf.dSPc32zztfFxedk4nPxI.jpg,smash,Rear
CLM000339,crashed376_jpg.rf.kSXo71uiAkHbnJuP4RHl.jpg,smash,Left
CLM000339,crashed3_JPEG_jpg.rf.0jqQtNtDx4JQYyjEcY6k.jpg,smash,Right
CLM000340,crashed3_JPEG_jpg.rf.1LdnmcTUDhMxfD0qKkHQ.jpg,smash,Front
CLM000340,crashed405_jpg.rf.6hrHaCaa8Tn4TtCriywG.jpg,smash,Rear
CLM000340,crashed405_jpg.rf.NrYjPID4ICWZ5XROrHED.jpg,smash,Left
CLM000341,crashed405_jpg.rf.RjyT72YVu0clBA3WSsos.jpg,smash,Front
CLM000341,crashed406_jpg.rf.fCGYujfSCQ7BPiwlG811.jpg,smash,Rear
CLM000342,crashed406_jpg.rf.JRDSunsJpSq0pzpeEtya.jpg,smash,Front
CLM000342,crashed406_jpg.rf.SRJ4ZcsQXB6aXMh1i1IA.jpg,smash,Rear
CLM000343,crashed407_jpg.rf.AsBqZmtHKpNQPiWjrF7i.jpg,smash,Front
CLM000343,crashed407_jpg.rf.jjBtSUiDT4SWvkcKMke3.jpg,smash,Rear
CLM000343,crashed413_jpg.rf.0xLmpQ0pBhjyQXDgMikE.jpg,smash,Left
CLM000343,crashed413_jpg.rf.ELT4OczaRQQqZW3WuCRY.jpg,smash,Right
CLM000344,crashed413_jpg.rf.twTtWyOB1cV1enLuEYao.jpg,smash,Front
CLM000344,crashed417_jpg.rf.2LuI3yBg7NUgjQ0rYuDj.jpg,smash,Rear
CLM000344,crashed417_jpg.rf.JzEK4lRUtOlAmX7wrGDQ.jpg,smash,Left
CLM000344,crashed417_jpg.rf.Q9UTCKaiTaHOiorDXPxm.jpg,smash,Right
CLM000345,crashed423_jpg.rf.Bj0GwvPnyPl6bBHH4H6V.jpg,smash,Front
CLM000345,crashed423_jpg.rf.WItJ94sVuJdmQhmhPUSb.jpg,smash,Rear
CLM000346,crashed425_jpg.rf.B5fMS94nLisrfWv27iOE.jpg,glass_break,Front
CLM000346,crashed441_jpg.rf.7rrnnddKe7yMAD17skJr.jpg,smash,Rear
CLM000346,crashed441_jpg.rf.bIMvgn2CbSHa0JcXulZG.jpg,smash,Left
CLM000346,crashed441_jpg.rf.jA7YW7vpc5KFsgIKo5Az.jpg,smash,Right
CLM000347,crashed444_jpg.rf.qiBpxDcunsLOWDgyM0td.jpg,smash,Front
CLM000347,crashed444_jpg.rf.TQv9KQ2DinXUbLI8l03x.jpg,smash,Rear
CLM000347,crashed444_jpg.rf.WWDF6ScG1pJ2UXAQKhgl.jpg,smash,Left
CLM000348,crashed449_jpg.rf.8AIqx87q4xjhHlQV5I8q.jpg,smash,Front
CLM000348,crashed449_jpg.rf.LFaipmWDcYtzsPv7bl0P.jpg,smash,Rear
CLM000348,crashed456_jpg.rf.DU8N3r4U3BwarGAQVTJV.jpg,smash,Left
CLM000349,crashed456_jpg.rf.GOpJFsSlGiE9PEBPliXJ.jpg,smash,Front
CLM000349,crashed456_jpg.rf.mXpfVrh5exkV3LijO9yh.jpg,smash,Rear
CLM000349,crashed468_jpg.rf.nxyV4pmeEjA1JKLuFcVL.jpg,smash,Left
CLM000349,crashed468_jpg.rf.UqO8XlqJNZRMB3lvRa1j.jpg,smash,Right
CLM000350,crashed506_jpg.rf.QeEyXBqPymnXVEVQMHuB.jpg,smash,Front
CLM000350,crashed516_jpg.rf.EaloTbo25mtpJQwxPVmM.jpg,smash,Rear
CLM000351,crashed516_jpg.rf.v80qwRL8NyrIkJ97uys3.jpg,smash,Front
CLM000351,crashed531_jpg.rf.5wBZMrCYsshr4TQcdYkL.jpg,smash,Rear
CLM000352,crashed531_jpg.rf.PKAtUOMqqdSZEz0NoMk1.jpg,smash,Front
CLM000352,crashed531_jpg.rf.VlWfsjJuoJEjApVBIvZO.jpg,smash,Rear
CLM000352,crashed537_jpg.rf.rQJywWX611ck4EHV6yQM.jpg,smash,Left
CLM000352,crashed75_jpeg_jpg.rf.4LM8tUVTotIZR1mVhFNo.jpg,smash,Right
CLM000353,crashed75_jpeg_jpg.rf.4zcikPgwtNG5STUV5nOr.jpg,smash,Front
CLM000353,crashed75_jpeg_jpg.rf.aRG11pXw7efg373JJmwu.jpg,smash,Rear
CLM000353,damaged-taillight-cars-photos-hd34_jpg.rf.KBx0cXyG2ZGIIq4ekdwt.jpg,scratch,Left
CLM000353,damaged-taillight-cars-photos-hd34_jpg.rf.o8KSHC5IX3TT0VcH6tb0.jpg,scratch,Right
CLM000354,damaged-taillight-cars-photos-hd34_jpg.rf.wGRH2jspSeXYhfbsPiLD.jpg,scratch,Front
CLM000354,damaged-taillight-cars-photos-hd49_jpg.rf.cQdDS1DHllquYa6NxKZ6.jpg,dent,Rear
CLM000354,damaged-taillight-cars-photos-hd49_jpg.rf.T2GvuYZURPXHxiJjikgU.jpg,dent,Left
CLM000355,damaged-taillight-cars-photos-hd6_jpg.rf.TdRZCD5yIloC1iyR0fvP.jpg,glass_break,Front
CLM000355,dent-image-on-car-dorr-side-34_jpg.rf.f7530o1vRQIJzeR6EEPW.jpg,scratch,Rear
CLM000355,dent-image-on-car-dorr-side-34_jpg.rf.lVBtUk5tcfHVgevLczrp.jpg,scratch,Left
CLM000356,dent-image-on-car-dorr-side-34_jpg.rf.yacZkoSDodABPomgLzxl.jpg,scratch,Front
CLM000356,dent-image-on-car-dorr-side-37_jpg.rf.7a3M3rKrQaDpXNfm1tNU.jpg,smash,Rear
CLM000357,dent-image-on-car-dorr-side-37_jpg.rf.prlBqRD1fAO7DUO7KOlU.jpg,smash,Front
CLM000357,dent-on-car-back-side-iamges-hd-51_jpg.rf.4btdwobx2NWdyP6KnDlx.jpg,dent,Rear
CLM000357,dent-on-car-back-side-iamges-hd-51_jpg.rf.V8Fq2dPT1fWVcmyonHdE.jpg,dent,Left
CLM000357,dent-on-car-back-side-iamges-hd-71_jpg.rf.pDlszfdK74EB62ZgZkFv.jpg,glass_break,Right
CLM000358,dent-on-car-back-side-iamges-hd-71_jpg.rf.Se0uRVXbQ9Xz4owfRPFk.jpg,glass_break,Front
CLM000358,dent-on-car-back-side-iamges-hd-71_jpg.rf.zqoK2kh6GIr3H4Q9AFmV.jpg,glass_break,Rear
CLM000359,dent1015_jpg.rf.GYPr1zmXif0Ck0D1laYK.jpg,dent,Front
CLM000359,dent1015_jpg.rf.MldvrQ3s5pRYNrUjnVkG.jpg,dent,Rear
CLM000359,dent1171_jpg.rf.9vJaJfXGUq1jnpEzgoMz.jpg,smash,Left
CLM000360,dent1171_jpg.rf.qdOGE8IBgzhyBIFTJmwB.jpg,smash,Front
CLM000360,dent1175_jpg.rf.048P2pq4piAINqcyiEk0.jpg,smash,Rear
CLM000360,dent1187_jpg.rf.CIK4baEEEQVk30CCsE1c.jpg,dent,Left
CLM000360,dent1187_jpg.rf.ZLTQZNhelnjblAn6H2ny.jpg,dent,Right
CLM000361,dent121_jpg.rf.6zUltCLxqwomgOZcdfl8.jpg,dent,Front
CLM000361,dent121_jpg.rf.It5ARAvF6jJsez2hsbCx.jpg,dent,Rear
CLM000361,dent1300_jpg.rf.aQplzQGADWWv8wPn4jzI.jpg,dent,Left
CLM000362,dent1300_jpg.rf.un7DVioGwTt6BSmzr1vj.jpg,dent,Front
CLM000362,dent1306_jpg.rf.Amo0sMMzpR6IQ1KxPztE.jpg,dent,Rear
CLM000362,dent1314_png_jpg.rf.cwFkYZED8ces1MkwvZV5.jpg,smash,Left
CLM000363,dent1314_png_jpg.rf.vqXYSO1Xlm47SX94SCk7.jpg,smash,Front
CLM000363,dent1323_jpg.rf.7mZAfRrba2QUnYIMPMx6.jpg,scratch,Rear
CLM000363,dent1323_jpg.rf.irfYBwV8cnKTa8ljXUmm.jpg,scratch,Left
CLM000363,dent155_jpg.rf.CkAQGvKAf1cAQTDrbHJL.jpg,smash,Right
CLM000364,dent155_jpg.rf.eqJ65b4uDRayDel4XIYE.jpg,smash,Front
CLM000364,dent155_jpg.rf.q8YSnFsyXmkLfhXB1eik.jpg,smash,Rear
CLM000364,dent156_jpg.rf.fpT3A42nvuonpFUAbrbU.jpg,scratch,Left
CLM000365,dent156_jpg.rf.JLSK0RvmiV423wAhYjLk.jpg,scratch,Front
CLM000365,dent156_jpg.rf.XkdaFHTtwpMF11cuXojg.jpg,scratch,Rear
CLM000365,dent162_jpg.rf.gzZxIvH7YzMfdIdhAxuc.jpg,scratch,Left
CLM000366,dent162_jpg.rf.s9lcxhQJcBHAkqDa4puU.jpg,scratch,Front
CLM000366,dent162_jpg.rf.w9VKVE91KbRtHnxzFwUt.jpg,scratch,Rear
CLM000366,dent163_jpg.rf.h7mGG5H2XMwF6pmpTcjf.jpg,dent,Left
CLM000367,dent163_jpg.rf.vK4THytjRhOQeMiWg4Og.jpg,dent,Front
CLM000367,dent164_jpg.rf.3rxrWIzQjyGw6Tv62BnH.jpg,scratch,Rear
CLM000368,dent164_jpg.rf.jD8LXOSB19sescp0wbAo.jpg,scratch,Front
CLM000368,dent164_jpg.rf.LvWzm9et2TIfMvgkBBaU.jpg,scratch,Rear
CLM000368,dent169_jpg.rf.IeMsUPyqeZqVl5LH8aMI.jpg,scratch,Left
CLM000369,dent169_jpg.rf.rsJwTwiPoRueypMRjBuB.jpg,scratch,Front
CLM000369,dent169_jpg.rf.zDxLWh7Z3u3IO7AR2w1K.jpg,scratch,Rear
CLM000370,dent19_jpg.rf.2Bwigey8sa1etDW1HzWs.jpg,dent,Front
CLM000370,dent19_jpg.rf.Ei4czUmwSuVdMGNkBnfQ.jpg,dent,Rear
CLM000370,dent19_jpg.rf.ZMT7V7srOiXxpaXurwzj.jpg,dent,Left
CLM000370,dent217_jpg.rf.GYdv3yGtjrQdgU7U6BsP.jpg,scratch,Right
CLM000371,dent217_jpg.rf.llckpJ1Nxs1PIbEMC1do.jpg,scratch,Front
CLM000371,dent217_jpg.rf.vFM1pPI6ATs7TYPeTgg0.jpg,scratch,Rear
CLM000372,dent222_jpg.rf.lxzMjDpiNrJFicbC8MrQ.jpg,smash,Front
CLM000372,dent222_jpg.rf.T8tbIFxQj1WXJcJJpvLF.jpg,smash,Rear
CLM000372,dent231_jpg.rf.NUUWTgSke9Nv93SYNZ5E.jpg,smash,Left
CLM000373,dent231_jpg.rf.VXa8O2DzvqChQ0wyLNGO.jpg,smash,Front
CLM000373,dent235_jpg.rf.12LP5h4uzEQXWb18f4w1.jpg,dent,Rear
CLM000373,dent235_jpg.rf.nF3huTjcDG1hTQahWkBB.jpg,dent,Left
CLM000374,dent23_jpg.rf.EOm71NQdBKg2fJuS36Cd.jpg,dent,Front
CLM000374,dent23_jpg.rf.KqUAV6cn2htkXMFiNtmy.jpg,dent,Rear
CLM000374,dent266_jpg.rf.4v0kxaf5VHv3Kz6QVL7Z.jpg,scratch,Left
CLM000374,dent266_jpg.rf.8WBD9UMXj5lOP1FLOZpu.jpg,scratch,Right
CLM000375,dent370_jpeg_jpg.rf.5jSjDuEtb4CxhZuMyLu7.jpg,dent,Front
CLM000375,dent370_jpeg_jpg.rf.TeaCGlTvNqsJ8mK7gXTe.jpg,dent,Rear
CLM000375,dent406_jpg.rf.i3hSNBaF4AWufddAZYgY.jpg,smash,Left
CLM000375,dent406_jpg.rf.LMYmrBcEBeTvwv3yhPor.jpg,smash,Right
CLM000376,dent406_jpg.rf.XMuqGCuPWraW5Qjawwbd.jpg,smash,Front
CLM000376,dent414_jpg.rf.8QGDnESBQLsPwJJcJnOC.jpg,dent,Rear
CLM000376,dent414_jpg.rf.SQv7U1zgwi4CDYLLXrAi.jpg,dent,Left
CLM000376,dent439_jpeg_jpg.rf.MFKJMBpbLfK1aUlKAEsX.jpg,dent,Right
CLM000377,dent439_jpeg_jpg.rf.ppeOWEJPJTDRJi4xvtl6.jpg,dent,Front
CLM000377,dent445_jpg.rf.43nGlSLCHE6S6jld6oih.jpg,dent,Rear
CLM000378,dent445_jpg.rf.QVPq9n91XxjiFE07rDIP.jpg,dent,Front
CLM000378,dent466_jpg.rf.bCzWRp19fFsnhTKASU5f.jpg,dent,Rear
CLM000378,dent466_jpg.rf.KvWv919qxVnCmhbm3MeO.jpg,dent,Left
CLM000378,dent466_jpg.rf.UNdO7LUKW9BbQRP5pwwE.jpg,dent,Right
CLM000379,dent483_jpg.rf.72l4Fli3DXFx9mXmOSfD.jpg,smash,Front
CLM000379,dent483_jpg.rf.m8LqDpGkJJEZmTcNv2On.jpg,smash,Rear
CLM000380,dent483_jpg.rf.qXxioMQjCbaufTrwIUJq.jpg,smash,Front
CLM000380,dent484_jpg.rf.dEOzey0SntfTNTB0iaoK.jpg,dent,Rear
CLM000380,dent484_jpg.rf.XZZMklEcZmx2hPPvngW2.jpg,dent,Left
CLM000381,dent495_jpg.rf.Dq6lERbFG1xLSWsH23ay.jpg,scratch,Front
CLM000381,dent495_jpg.rf.NiQMgZmn3f7tMQCCoRYk.jpg,scratch,Rear
CLM000381,dent501_jpg.rf.2rZ0QDMEu46az7JCsl7t.jpg,dent,Left
CLM000381,dent501_jpg.rf.8PugJ0IFPLKTNO7FNRb0.jpg,dent,Right
CLM000382,dent501_jpg.rf.MjrRk1KTip5utowaRD2x.jpg,dent,Front
CLM000382,dent520_jpg.rf.QnJ1IPzbkkqsU90TmIiJ.jpg,dent,Rear
CLM000382,dent520_jpg.rf.tNLMGgBW3ZaoB82REMtx.jpg,dent,Left
CLM000382,dent557_jpg.rf.KBErFBmYks8rFsAuR5pw.jpg,dent,Right
CLM000383,dent561_jpg.rf.09hMSt04WFF8Xq6ggaUs.jpg,dent,Front
CLM000383,dent561_jpg.rf.j8dIe2hhkTUBSXpE1EOm.jpg,dent,Rear
CLM000383,dent561_jpg.rf.mXAb8iSDVs1r7iLFzFPl.jpg,dent,Left
CLM000383,dent585_jpg.rf.3LqddWac4tc1mJldKtS4.jpg,dent,Right
CLM000384,dent585_jpg.rf.Akr5YcXwCt5WboB3rzaT.jpg,dent,Front
CLM000384,dent585_jpg.rf.AyojqZrmetdp989aWWzv.jpg,dent,Rear
CLM000385,dent5_jpg.rf.E8ROcrLjefnUxgzSc2AB.jpg,dent,Front
CLM000385,dent5_jpg.rf.EMIAMclJC8Dfe28Kwdwu.jpg,dent,Rear
CLM000385,dent5_jpg.rf.l92oWLkTkfviWuGUudmA.jpg,dent,Left
CLM000386,dent623_jpg.rf.BUv5VEeIhwLNKMskZmIP.jpg,dent,Front
CLM000386,dent623_jpg.rf.oLpiowsj5LQpgYAk0v2B.jpg,dent,Rear
CLM000387,dent650_jpg.rf.5waXGcZRxxGxoc86j0B9.jpg,dent,Front
CLM000387,dent650_jpg.rf.yGsqg87gQ5N8dS6wfpVL.jpg,dent,Rear
CLM000387,dent657_jpg.rf.e6HQ3DeXdCBelJVzrCqw.jpg,dent,Left
CLM000387,dent657_jpg.rf.e7Gg8PwgXWcQi54qyEwK.jpg,dent,Right
CLM000388,dent657_jpg.rf.PDfhbsu3byvNoUkeSpPp.jpg,dent,Front
CLM000388,dent674_jpg.rf.IC1aGv0L5sRsoSMSGLjt.jpg,dent,Rear
CLM000388,dent674_jpg.rf.nQFIFqKzrJnXkqRg3Pv2.jpg,dent,Left
CLM000389,dent682_jpg.rf.8QeaOkYWr10LXiFGsO59.jpg,dent,Front
CLM000389,dent682_jpg.rf.CmGE4IKw8To4JJKnPfM3.jpg,dent,Rear
CLM000389,dent687_jpg.rf.51fR6xAJxMxrOVf2CnD3.jpg,dent,Left
CLM000390,dent687_jpg.rf.aBAS9fCnq14fEiGgzTxp.jpg,dent,Front
CLM000390,dent696_jpg.rf.XkunZvHcDqbqqR2xvN1C.jpg,dent,Rear
CLM000390,dent701_jpg.rf.qCdMJUkOyWoH4KnEbzgh.jpg,smash,Left
CLM000390,dent701_jpg.rf.wsNGEgCiMSnTRBpdqSMs.jpg,smash,Right
CLM000391,dent732_jpg.rf.OSHkoA8VoBR6R653M6xk.jpg,dent,Front
CLM000391,dent732_jpg.rf.qOW1sqKPRNIXJM2ou7xV.jpg,dent,Rear
CLM000391,dent73_jpg.rf.sHxwbA8i3Mgky5eQZs8O.jpg,dent,Left
CLM000392,dent73_jpg.rf.TD1bQL6ivWP7y3jSyYDH.jpg,dent,Front
CLM000392,dent73_jpg.rf.uziRvE2mhHR2VEaIGpOf.jpg,dent,Rear
CLM000392,dent754_jpg.rf.GSa9W25RKNCd4DxzJVYn.jpg,glass_break,Left
CLM000392,dent754_jpg.rf.luV81wfWKq5PheteMpTu.jpg,glass_break,Right
CLM000393,dent754_jpg.rf.qLPYqCzKmWGvTrCD2hVi.jpg,glass_break,Front
CLM000393,dent760_jpg.rf.8ed1713DyYUKWwm2ChdZ.jpg,dent,Rear
CLM000394,dent760_jpg.rf.VNC4TgKm6CBkjWI0KX0G.jpg,dent,Front
CLM000394,dent760_jpg.rf.WpYqAGYQk2uJJV73VodA.jpg,dent,Rear
CLM000395,dent777_jpg.rf.xQLV9yZAMRtXQ7F5soQc.jpg,dent,Front
CLM000395,dent778_jpg.rf.BZB3LsEiYHpzXwlqJKwf.jpg,dent,Rear
CLM000396,dent778_jpg.rf.DjbxCLbjKCrDQs3FP3fq.jpg,dent,Front
CLM000396,dent788_jpg.rf.JkIEejcuXIBXkat0HRSU.jpg,smash,Rear
CLM000397,dent788_jpg.rf.lJMbZTwmSJArq1b5Ij1R.jpg,smash,Front
CLM000397,dent788_jpg.rf.RWZvj0TTACsg1FgpSAtK.jpg,smash,Rear
CLM000397,dent810_jpg.rf.OAU89BIgLazUSaFGykYY.jpg,dent,Left
CLM000398,dent876_jpg.rf.hvvEAMjVb9kOKzuLmFcA.jpg,dent,Front
CLM000398,dent876_jpg.rf.j2JTV0JooBr8OctHpK2L.jpg,dent,Rear
CLM000398,dent905_jpg.rf.BI2DhgvbPQosqwEehUDp.jpg,dent,Left
CLM000399,dent905_jpg.rf.pyApDdvCBcjS205y4bvM.jpg,dent,Front
CLM000399,dent93_jpg.rf.INX3PztBbZHMrJvmtKh3.jpg,dent,Rear
CLM000399,dent93_jpg.rf.y0F6lqUUBdbUV8Mi6HK5.jpg,dent,Left
CLM000400,e29b9bf3aa_jpg.rf.9yVHGrnY1Mryi4o9MlNx.jpg,smash,Front
CLM000400,e29b9bf3aa_jpg.rf.zvT5EfpwXNXkmrBKIl9c.jpg,smash,Rear
CLM000401,e72f53f695_jpg.rf.BjmCF2EONOvTfCkRgOHK.jpg,smash,Front
CLM000401,e72f53f695_jpg.rf.NJNs3JeI81U6tWJCg0A1.jpg,smash,Rear
CLM000402,e72f53f695_jpg.rf.w6wYfI34dHzQyLmeyq4G.jpg,smash,Front
CLM000402,eb4fbf747a_jpg.rf.8jJSbwz5uqjYUOpp0bfC.jpg,glass_break,Rear
CLM000402,eb4fbf747a_jpg.rf.AkIOuSQOjxN4oElIjGq0.jpg,glass_break,Left
CLM000403,eb4fbf747a_jpg.rf.JSBYRPcWtfbWLTXkWOcN.jpg,glass_break,Front
CLM000403,front-broken-glass-of-car-photos-hd16_jpg.rf.8Cvv8zYm8dkPNZDkz3u7.jpg,glass_break,Rear
CLM000403,front-broken-glass-of-car-photos-hd16_jpg.rf.EHKbz62yJd2NjlDEHENX.jpg,glass_break,Left
CLM000404,front-broken-glass-of-car-photos-hd16_jpg.rf.gDXuwc5Tcv75GRF1CHse.jpg,glass_break,Front
CLM000404,front-broken-glass-of-car-photos-hd22_jpg.rf.69mW7bWrLQeIkhiddmrw.jpg,glass_break,Rear
CLM000404,front-broken-glass-of-car-photos-hd22_jpg.rf.akDWBl6r9KonAYxD7jHK.jpg,glass_break,Left
CLM000405,front-broken-glass-of-car-photos-hd22_jpg.rf.QJHeMqbQmWUZeR2VwHQQ.jpg,glass_break,Front
CLM000405,front-broken-glass-of-car-photos-hd37_jpg.rf.pdBbktyrUGd7fiibaOt2.jpg,glass_break,Rear
CLM000405,front-broken-glass-of-car-photos-hd50_jpg.rf.fDet88oIPeTbtg1FDzAs.jpg,smash,Left
CLM000406,front-broken-glass-of-car-photos-hd55_jpg.rf.TVziiGgsfD4nz7kvHVqv.jpg,glass_break,Front
CLM000406,front-broken-glass-of-car-photos-hd8_jpg.rf.cBOSjXdrJJZem2Aq7dfH.jpg,glass_break,Rear
CLM000406,front-broken-glass-of-car-photos-hd8_jpg.rf.IUxU9KK61hkAjBALLCFu.jpg,glass_break,Left
CLM000406,front-broken-glass-of-car-photos-hd8_jpg.rf.tLIZ57KKJ7ZUmKAs7Chq.jpg,glass_break,Right
CLM000407,Front-driver-side-door-panel-damage_jpg.rf.6P09PLGuh136XLd1OVgL.jpg,dent,Front
CLM000407,Front-driver-side-door-panel-damage_jpg.rf.vh9DMVgAdQh2tAEaqxUJ.jpg,dent,Rear
CLM000407,glass108_jpg.rf.2xkuG1YfFqicrQupHwUE.jpg,glass_break,Left
CLM000407,glass108_jpg.rf.8e1o8uCb3dMzhVua0oRg.jpg,glass_break,Right
CLM000408,glass122_jpg.rf.Mk15HpdftXErbiilp12s.jpg,glass_break,Front
CLM000408,glass122_jpg.rf.vJ0G6iFxZW5vsfFw5o1O.jpg,glass_break,Rear
CLM000409,glass13_jpg.rf.6IYLsJIbH3I5fTL5Vp02.jpg,glass_break,Front
CLM000409,glass13_jpg.rf.nJfI9TRBec0yF2Te9phv.jpg,glass_break,Rear
CLM000409,glass163_jpg.rf.dJjl1flTJD3VIZWcEJGE.jpg,glass_break,Left
CLM000409,glass163_jpg.rf.eaK5Omf7MlAPfHCLz65M.jpg,glass_break,Right
CLM000410,glass163_jpg.rf.w3oWjPMJyt96IYJAjtWm.jpg,glass_break,Front
CLM000410,glass164_jpg.rf.bgnFg1RIEJlorNOtZAFS.jpg,glass_break,Rear
CLM000411,glass164_jpg.rf.KXKglvAtxDKR3fLn7Le3.jpg,glass_break,Front
CLM000411,glass185_jpg.rf.jHJs7siqbytZGVbGXk8v.jpg,glass_break,Rear
CLM000411,glass185_jpg.rf.TNeAMQ4EDTcB48QR67sH.jpg,glass_break,Left
CLM000411,glass189_jpg.rf.f2GL7oxvRLRCTm3wnK4I.jpg,glass_break,Right
CLM000412,glass189_jpg.rf.WIJIMixQ38AnF5ypXftj.jpg,glass_break,Front
CLM000412,glass190_jpg.rf.NgT7QYlDpep2VQL1Tf7H.jpg,glass_break,Rear
CLM000412,glass190_jpg.rf.YrAzvlKBT3OuQsGsZKZL.jpg,glass_break,Left
CLM000412,glass224_jpg.rf.QmUkfzpdOPW214XQTVUf.jpg,glass_break,Right
CLM000413,glass226_jpg.rf.ekGGvr2VPZ4MTrF1KVHu.jpg,glass_break,Front
CLM000413,glass251_jpg.rf.I1ewUujTACGVOhKG3ivs.jpg,glass_break,Rear
CLM000414,glass251_jpg.rf.Kpt5OwyZcwGaoufK1rKo.jpg,glass_break,Front
CLM000414,glass251_jpg.rf.XxwFaBTCh4kivZgO19MM.jpg,glass_break,Rear
CLM000414,glass268_jpg.rf.J53KAJngVuCEMFhbabwB.jpg,glass_break,Left
CLM000415,glass279_jpg.rf.5y0LrVSqULUlaH1tyuYm.jpg,glass_break,Front
CLM000415,glass279_jpg.rf.7bS63dQrq2iJ3cTIyebv.jpg,glass_break,Rear
CLM000416,glass279_jpg.rf.y0ooWrXcrYjl1pyzeEZI.jpg,glass_break,Front
CLM000416,glass295_jpg.rf.bJzlyI1Lo6KzZeE0SckP.jpg,glass_break,Rear
CLM000417,glass310_jpg.rf.if8Vtc0YY926Szw4tDp0.jpg,glass_break,Front
CLM000417,glass320_jpg.rf.xb9WsD1fh7tkTtrmmnZV.jpg,glass_break,Rear
CLM000417,glass331_jpg.rf.GxSIBVCh73SloNCtyr4u.jpg,glass_break,Left
CLM000418,glass331_jpg.rf.rRIzYmXwPsbK1uSmHbPA.jpg,glass_break,Front
CLM000418,glass331_jpg.rf.XyJ6WjyHnX51AKWn0PK8.jpg,glass_break,Rear
CLM000419,glass337_jpg.rf.3qbXm9VcdUHjuvQZVff1.jpg,glass_break,Front
CLM000419,glass362_jpg.rf.Kwq4ve7mOXyZei4Qtnv4.jpg,glass_break,Rear
CLM000419,glass362_jpg.rf.ME1dNIVCKzh1khl05CUi.jpg,glass_break,Left
CLM000420,glass36_jpg.rf.832owSNYzfb67zB8t7GS.jpg,glass_break,Front
CLM000420,glass36_jpg.rf.N8VJRb7OK62oYYua770G.jpg,glass_break,Rear
CLM000420,glass374_jpg.rf.fbwmUXdj0KCa5PD8Dv1n.jpg,glass_break,Left
CLM000420,glass374_jpg.rf.wEyLUbbkMYqOkmvyYN9b.jpg,glass_break,Right
CLM000421,glass37_jpg.rf.8yTYSXpafmByOz79mJl2.jpg,glass_break,Front
CLM000421,glass37_jpg.rf.9dtGdvbebOR6usKYqRTL.jpg,glass_break,Rear
CLM000421,glass37_jpg.rf.jkkVfzXMyTxNZKXKnpXV.jpg,glass_break,Left
CLM000421,glass39_jpg.rf.pjO5uD11NxsyclU4zOwT.jpg,glass_break,Right
CLM000422,glass3_jpg.rf.MUhaDo4Gi0vntzzDOrLa.jpg,glass_break,Front
CLM000422,glass3_jpg.rf.uVZA7XEZyL8P5RgVGhLt.jpg,glass_break,Rear
CLM000422,glass3_jpg.rf.Z6R9zWzixZNnaJbxQ8N1.jpg,glass_break,Left
CLM000423,glass441_jpg.rf.BoMGyv5GCTFHQvIuiw3d.jpg,glass_break,Front
CLM000423,glass441_jpg.rf.SawYiYI0Cm5ny8gbRNNv.jpg,glass_break,Rear
CLM000424,glass441_jpg.rf.YMWuNLt10V8nw9rgnYVF.jpg,glass_break,Front
CLM000424,glass450_jpg.rf.6J5hdv0A259HpADyxQHM.jpg,glass_break,Rear
CLM000425,glass450_jpg.rf.eMbK3CzN73X3ZlQpd6g2.jpg,glass_break,Front
CLM000425,glass456_jpg.rf.09MmgdqRK1iH9F1pLQCx.jpg,glass_break,Rear
CLM000425,glass460_jpg.rf.5Ah1AJCaOeTk2BLk1r6F.jpg,glass_break,Left
CLM000425,glass471_jpg.rf.WTGakM1iEBY8RvDSDqKG.jpg,glass_break,Right
CLM000426,glass471_jpg.rf.YfUUxM83bzFjVybI8pK9.jpg,glass_break,Front
CLM000426,glass471_jpg.rf.YKxqT2bJEtJV2M3TvCiu.jpg,glass_break,Rear
CLM000426,glass503_jpg.rf.6awPdmQbOoGx6XSPJ7be.jpg,glass_break,Left
CLM000426,glass503_jpg.rf.78enduQ1FYOzVcUpHayT.jpg,glass_break,Right
CLM000427,glass503_jpg.rf.yRQm0Kdbo3M5vdLWu2MI.jpg,glass_break,Front
CLM000427,glass52_jpg.rf.2GGUrzeoOGF1PFCPJ7sD.jpg,glass_break,Rear
CLM000428,glass52_jpg.rf.kLV5U7rgpdPzwdr3lvzJ.jpg,glass_break,Front
CLM000428,glass52_jpg.rf.X7CY0AVdnJHfM4zcALbN.jpg,glass_break,Rear
CLM000428,glass535_jpg.rf.LAkIdXtUYWHdwsp8PmIw.jpg,glass_break,Left
CLM000428,glass535_jpg.rf.QcXl1VElfMxyuz6TxBgv.jpg,glass_break,Right
CLM000429,glass536_jpg.rf.wCBDUrovfizLBaOmMFIw.jpg,glass_break,Front
CLM000429,glass54_jpg.rf.7DQ5LfVsYIrL4Kei23fU.jpg,glass_break,Rear
CLM000429,glass54_jpg.rf.eO2j2VSTTm940ohvTdQa.jpg,glass_break,Left
CLM000429,glass567_jpg.rf.3WUBAGXG5BWo1uUmkirt.jpg,glass_break,Right
CLM000430,glass567_jpg.rf.EN1VjQgvL78veSTOMqRx.jpg,glass_break,Front
CLM000430,glass567_jpg.rf.OVt673Ngrysu0c193dXM.jpg,glass_break,Rear
CLM000431,glass580_jpg.rf.3dxz1PeRIMVl3RN77ZVt.jpg,dent,Front
CLM000431,glass580_jpg.rf.HrWauP31E2TVoQlejxF1.jpg,dent,Rear
CLM000431,glass596_jpg.rf.9mwvtFmWRPzN4yT0O2ea.jpg,glass_break,Left
CLM000431,glass596_jpg.rf.dBe6tpnjsEyLyKrmDN0S.jpg,glass_break,Right
CLM000432,glass596_jpg.rf.tNUAiSRPqhn7CAq2upFT.jpg,glass_break,Front
CLM000432,glass64_jpg.rf.4tyNW92Y8zzRWb2PCEqo.jpg,glass_break,Rear
CLM000432,glass64_jpg.rf.W7E3dFZiGtp8s7lHgxLQ.jpg,glass_break,Left
CLM000432,glass651_jpeg_jpg.rf.IiyNwdTbOrDmV3BcpFj3.jpg,glass_break,Right
CLM000433,glass651_jpeg_jpg.rf.mGOCxaJMF4ucH7FeTbQN.jpg,glass_break,Front
CLM000433,glass651_jpeg_jpg.rf.ZCubvdZUUk8fwN8SbyPO.jpg,glass_break,Rear
CLM000434,glass672_jpg.rf.3x4zX96oh6F8Knrgnr9a.jpg,glass_break,Front
CLM000434,glass672_jpg.rf.UTxxpy2fGkthUWQj3tXi.jpg,glass_break,Rear
CLM000434,glass689_jpg.rf.qaJkAlaczqivs4JXzzxA.jpg,glass_break,Left
CLM000435,glass689_jpg.rf.XTrEkoZj3T5SvCy8DibT.jpg,glass_break,Front
CLM000435,glass68_jpg.rf.RB9rnhyutoIoCeCqRy76.jpg,glass_break,Rear
CLM000435,glass692_jpg.rf.T3oZ2zDfRyBPx3BQbVlU.jpg,glass_break,Left
CLM000435,glass692_jpg.rf.zkSPrmCI32kH3Y5eWzSw.jpg,glass_break,Right
CLM000436,glass693_jpg.rf.1BCRlNy9YwIHJe6juITi.jpg,glass_break,Front
CLM000436,glass693_jpg.rf.mrRUNTNQrwAqLBb4h5Np.jpg,glass_break,Rear
CLM000436,glass693_jpg.rf.QJ4cpzXmqyENnCafF0ho.jpg,glass_break,Left
CLM000436,glass702_jpg.rf.2gkOxoIEnyiXeGcZ32x9.jpg,glass_break,Right
CLM000437,glass702_jpg.rf.qzRhUtHg1mXeF5jfzqE7.jpg,glass_break,Front
CLM000437,glass702_jpg.rf.uP0u7A8J5oDnTpLAZPML.jpg,glass_break,Rear
CLM000437,glass704_jpg.rf.Ewl2frEyRO77qsU3sYZK.jpg,glass_break,Left
CLM000437,glass704_jpg.rf.Xg6TomU0K1nS40WwJO50.jpg,glass_break,Right
CLM000438,glass704_jpg.rf.YMIEwIKyJJYonpRPLvsc.jpg,glass_break,Front
CLM000438,glass708_jpg.rf.45o4zIfZI6TKEOb5xAS4.jpg,glass_break,Rear
CLM000438,glass708_jpg.rf.QOdfyulGlmLmy0IvO37G.jpg,glass_break,Left
CLM000438,glass708_jpg.rf.uiSGlpk81E8cokBIqi01.jpg,glass_break,Right
CLM000439,glass716_jpg.rf.0FeTO1pxUNQkf46Qzu1o.jpg,glass_break,Front
CLM000439,glass716_jpg.rf.0txe4MINxHl5vFdxc1O1.jpg,glass_break,Rear
CLM000439,glass716_jpg.rf.Evv8BOR6H1CU8EHuAP7V.jpg,glass_break,Left
CLM000440,glass72_jpg.rf.04a5d1obC27s5pdGcx0f.jpg,glass_break,Front
CLM000440,glass72_jpg.rf.pyhfXEwapOrMccgx6qmu.jpg,glass_break,Rear
CLM000441,glass72_jpg.rf.TGWy7Klk77s5z5ul9yuX.jpg,glass_break,Front
CLM000441,glass735_jpg.rf.YyyShT29qlobWQd0xPtz.jpg,glass_break,Rear
CLM000441,glass73_jpg.rf.KE2Ehb0312tFAC6kiDQS.jpg,smash,Left
CLM000441,glass73_jpg.rf.UOkxlsku96MN9fHHHFkZ.jpg,smash,Right
CLM000442,glass741_jpg.rf.AfBmHceX7s2LKFzSO8Md.jpg,glass_break,Front
CLM000442,glass741_jpg.rf.TtzUsbles4zTX1DXqv3v.jpg,glass_break,Rear
CLM000443,glass75_jpg.rf.3qNR5oupPnaPWnbX066r.jpg,glass_break,Front
CLM000443,glass75_jpg.rf.KLccTwTZYs7ZxEviZL9a.jpg,glass_break,Rear
CLM000444,glass766_jpg.rf.ig7mPAKBmVv7Kfqtp8M0.jpg,glass_break,Front
CLM000444,glass777_jpg.rf.LKjTNIkuYFobPkXtDfUT.jpg,glass_break,Rear
CLM000444,glass777_jpg.rf.louy5vzBtqQGbO8FGwd2.jpg,glass_break,Left
CLM000444,glass789_jpeg_jpg.rf.K1jfG9hSrJ3jYg6c67o9.jpg,glass_break,Right
CLM000445,glass803_jpg.rf.qGQgUdma7TTjGGkV8eY0.jpg,dent,Front
CLM000445,glass803_jpg.rf.QHik6Xu3POltEOW86OxM.jpg,dent,Rear
CLM000445,glass804_jpg.rf.peEdS6UmD8WjplnJUhf7.jpg,glass_break,Left
CLM000446,glass804_jpg.rf.PVeFXAPXzQUb7zGgavtq.jpg,glass_break,Front
CLM000446,glass804_jpg.rf.rTY2XMC3vDuFctF6X5Mc.jpg,glass_break,Rear
CLM000446,glass808_jpg.rf.F49hfUcAWLrGjt1WTzes.jpg,glass_break,Left
CLM000446,glass808_jpg.rf.IB2l5jrRdLNsyfTHK3Tj.jpg,glass_break,Right
CLM000447,glass816_jpg.rf.F0F1DwffscNhJ28ae156.jpg,glass_break,Front
CLM000447,glass836_jpg.rf.jN1F0VUwYsKbj7kCEKfG.jpg,glass_break,Rear
CLM000447,glass836_jpg.rf.Kft02xHICJiEtZThIKgQ.jpg,glass_break,Left
CLM000447,glass852_jpg.rf.ZfppGVy7Lb1s6QF2SMis.jpg,glass_break,Right
CLM000448,glass854_jpg.rf.925CVER2vtjayUCkcegv.jpg,glass_break,Front
CLM000448,glass854_jpg.rf.P77kSqrW0xrpm3QRGO3g.jpg,glass_break,Rear
CLM000449,glass854_jpg.rf.TQBU0dYtFblz0p7kae8X.jpg,glass_break,Front
CLM000449,glass855_jpg.rf.Jww7olBXEY8MTo7UtwH4.jpg,glass_break,Rear
CLM000450,glass855_jpg.rf.rU4PXxbIJU4SkNxlH915.jpg,glass_break,Front
CLM000450,glass855_jpg.rf.ZApdM1HPpujU3RQTxFY8.jpg,glass_break,Rear
CLM000451,glass869_jpg.rf.HiHJLPIIORnqZCo3nSQa.jpg,glass_break,Front
CLM000451,glass869_jpg.rf.WjLCderHwnsdkJ08Y5HI.jpg,glass_break,Rear
CLM000452,glass870_jpg.rf.ArZfvgL3KGnV9mfLvXRx.jpg,glass_break,Front
CLM000452,glass908_jpg.rf.RBpfi2aYdyJN8Qfe8sLY.jpg,glass_break,Rear
CLM000453,glass90_jpg.rf.HqXoJTTUeRWBVifGwkOU.jpg,glass_break,Front
CLM000453,glass90_jpg.rf.XHPi8K7onwfkinnQNc10.jpg,glass_break,Rear
CLM000454,glass917_jpg.rf.hiwLzOekuUoUoVkxkR40.jpg,glass_break,Front
CLM000454,glass917_jpg.rf.JBhHx4CDpi0hurDIdDuV.jpg,glass_break,Rear
CLM000454,glass917_jpg.rf.PGjLknlPB2uH0CfKZ3VS.jpg,glass_break,Left
CLM000455,glass942_jpg.rf.eWKpwloKTskQ8oNeAY5J.jpg,glass_break,Front
CLM000455,glass944_jpg.rf.UXeWgiJUfA0RSBn6JCTD.jpg,glass_break,Rear
CLM000455,glass958_jpg.rf.MqKHdgJIZL2hYAjVVk8x.jpg,glass_break,Left
CLM000456,glass986_jpg.rf.vIRYGmXxlMGIsKvpFHEe.jpg,glass_break,Front
CLM000456,Img0_jpg.rf.TCzlXckiXQO0hipK55km.jpg,smash,Rear
CLM000456,Img100_jpg.rf.Et0q192cBHdXQ6x9bpcQ.jpg,dent,Left
CLM000457,Img100_jpg.rf.tGlFIEQBlp7NTLjgVmoL.jpg,dent,Front
CLM000457,Img101_jpg.rf.H0qkULLtSMK2rbqXxM2p.jpg,dent,Rear
CLM000458,Img103_jpg.rf.tuUTKIV3fVDDoTn1FDX6.jpg,smash,Front
CLM000458,Img104_jpg.rf.5D88I3r6lx9LTJdVXnk6.jpg,smash,Rear
CLM000458,Img104_jpg.rf.B95jlLqNfU4fuSO1VvNU.jpg,smash,Left
CLM000458,Img105_jpg.rf.aDPztx5v8NzwPYNV6nJK.jpg,smash,Right
CLM000459,Img105_jpg.rf.nWxVdN68aSLpzdmNADpZ.jpg,smash,Front
CLM000459,Img106_jpg.rf.eueD94u5TTp72cXxsRMH.jpg,smash,Rear
CLM000459,Img106_jpg.rf.oM5P28VgyobNepyDRwVY.jpg,smash,Left
CLM000459,Img107_jpg.rf.4LeHNs4VjujuGfDeyXfd.jpg,smash,Right
CLM000460,Img107_jpg.rf.MnTSqulAoE0rc5mgatK2.jpg,smash,Front
CLM000460,Img108_jpg.rf.ATVfe7gGZUpEeCv84U6x.jpg,scratch,Rear
CLM000461,Img108_jpg.rf.Ru58XYfqdf4UjUKvRQN8.jpg,scratch,Front
CLM000461,Img108_jpg.rf.wQKRbMib0RBAoIwlHSe9.jpg,scratch,Rear
CLM000461,Img109_jpg.rf.fogZUXwwAXJ6Xu53dOUL.jpg,smash,Left
CLM000461,Img109_jpg.rf.odZxZgG2vo0P9zAlre5Z.jpg,smash,Right
CLM000462,Img10_jpg.rf.6c5f55FDUhqo46gnZqfZ.jpg,scratch,Front
CLM000462,Img110_jpg.rf.aqujrS63gidv2zKIdS8g.jpg,dent,Rear
CLM000462,Img111_jpg.rf.0zVAGatp0o6lRhfQQRBL.jpg,smash,Left
CLM000462,Img111_jpg.rf.9XKKglsVgzsjizYInWrP.jpg,smash,Right
CLM000463,Img111_jpg.rf.jlswUn4LZtiqxFjY6zXR.jpg,smash,Front
CLM000463,Img112_jpg.rf.EbDpuj3qDCXNEMx2dqTY.jpg,dent,Rear
CLM000463,Img112_jpg.rf.ivlls7XEXCR8N5ilXivn.jpg,dent,Left
CLM000464,Img113_jpg.rf.nAYDdpl1szWTqhMKXs0Q.jpg,smash,Front
CLM000464,Img113_jpg.rf.qs8K3R6yS8SjXl9xb6qf.jpg,smash,Rear
CLM000464,Img113_jpg.rf.y7c0pUlf0JuJQ71sHAO7.jpg,smash,Left
CLM000464,Img115_jpg.rf.zmdZsMokVXu2yIASZkmp.jpg,scratch,Right
CLM000465,Img116_jpg.rf.sIaqKJ1FSIEK5P4JcfnE.jpg,smash,Front
CLM000465,Img117_jpg.rf.hwMmv5BrJU5QTWVCBJ6C.jpg,smash,Rear
CLM000465,Img117_jpg.rf.pXXnX0AtDUCQba27jEZY.jpg,smash,Left
CLM000466,Img121_jpg.rf.nIp609zhLIzyV2EqAFCj.jpg,smash,Front
CLM000466,Img121_jpg.rf.VJvyc6DgAomKvIS5o9Ro.jpg,smash,Rear
CLM000466,Img122_jpg.rf.5pOB6FAiiXTVIr05sRZW.jpg,dent,Left
CLM000466,Img122_jpg.rf.tR7xzLvQUQ1d5Q8Pt8XL.jpg,dent,Right
CLM000467,Img123_jpg.rf.dTQEnZgWW5cgqefFEYGU.jpg,dent,Front
CLM000467,Img124_jpg.rf.3TSzptr5FiKiMXFn15ny.jpg,smash,Rear
CLM000467,Img124_jpg.rf.zykgNWUHagR0E7EM8WAn.jpg,smash,Left
CLM000467,Img125_jpg.rf.OyzJBwVGd7hOaIxz19oq.jpg,dent,Right
CLM000468,Img125_jpg.rf.UzYGqOmVKMyTTV5yOjKF.jpg,dent,Front
CLM000468,Img126_jpg.rf.47jLJSuuW13urtuSGih9.jpg,smash,Rear
CLM000469,Img127_jpg.rf.yOA9J9iSm1IjuM0PBobt.jpg,smash,Front
CLM000469,Img14_jpg.rf.AuiWYB9ALgOypUxVpAry.jpg,scratch,Rear
CLM000470,Img155_jpg.rf.NakWamoinfVPt4iMYWso.jpg,scratch,Front
CLM000470,Img155_jpg.rf.nK2jTmVVvmuUD33UleI6.jpg,scratch,Rear
CLM000471,Img178_jpg.rf.HOLVgsq0XbhlJj1Vde5w.jpg,smash,Front
CLM000471,Img178_jpg.rf.I6YGIdTJR9yyN2KJvQq5.jpg,smash,Rear
CLM000471,Img179_jpg.rf.h81sAlMZTJWLCybizdN7.jpg,dent,Left
CLM000472,Img181_jpg.rf.dxm6fpHTKxh77M0v6DPO.jpg,scratch,Front
CLM000472,Img181_jpg.rf.MYJpZnEsEuOv3Sf5cAWe.jpg,scratch,Rear
CLM000472,Img181_jpg.rf.qmsCXNZdjWDvh0UVbNZj.jpg,scratch,Left
CLM000472,Img182_jpg.rf.AoWrIQPt7R7qfJ9LULuQ.jpg,smash,Right
CLM000473,Img182_jpg.rf.g7yudsHheF1egsoTGoin.jpg,smash,Front
CLM000473,Img182_jpg.rf.k2RrDGJ1CenuzgyuZsSj.jpg,smash,Rear
CLM000473,Img183_jpg.rf.ElMW3jP5DBOHmNvd0cQp.jpg,scratch,Left
CLM000474,Img183_jpg.rf.mT3d6qX7JkTV01dNmljU.jpg,scratch,Front
CLM000474,Img185_jpg.rf.cQESvkrbPsmd0hVzldQS.jpg,glass_break,Rear
CLM000474,Img185_jpg.rf.Iq5OFMjgIlLQy7zEBdx3.jpg,glass_break,Left
CLM000475,Img185_jpg.rf.OpQNt5xhbzRAwdNkFgIy.jpg,glass_break,Front
CLM000475,Img186_jpg.rf.8ANDqlazWwa14n998Hjs.jpg,smash,Rear
CLM000475,Img186_jpg.rf.rR6IYhiVi3ETDOcfirvR.jpg,smash,Left
CLM000475,Img186_jpg.rf.T2JKtiiOYpE1ThX4RpbV.jpg,smash,Right
CLM000476,Img188_jpg.rf.1JsjruDkQ9kE1Um5TRRV.jpg,smash,Front
CLM000476,Img188_jpg.rf.oVpkKi8ppi39wjrREUjl.jpg,smash,Rear
CLM000476,Img189_jpg.rf.7MJQkXCktNhHp9LkVdQj.jpg,smash,Left
CLM000476,Img189_jpg.rf.i4x7aYPLHiICOrSIbHRm.jpg,smash,Right
CLM000477,Img190_jpg.rf.mRRtEep5zCVxO772kRmP.jpg,smash,Front
CLM000477,Img190_jpg.rf.qynfZCv4ZsK0Qxxnbkpr.jpg,smash,Rear
CLM000478,Img191_jpg.rf.fo1Z2XIOHeDBabgZWJ9J.jpg,smash,Front
CLM000478,Img191_jpg.rf.ltlQpjrWyqTOMSwaUiU1.jpg,smash,Rear
CLM000478,Img192_jpg.rf.5Hs9Qe2I31rYrPZoetPS.jpg,smash,Left
CLM000478,Img194_jpg.rf.Mo2FM1aNaIhb3qgoMSwF.jpg,smash,Right
CLM000479,Img194_jpg.rf.tsTqrTHm89AH7N0Qreag.jpg,smash,Front
CLM000479,Img195_jpg.rf.8KHzZZPxvg1OIzHiIuI5.jpg,smash,Rear
CLM000479,Img196_jpg.rf.fRoh1XrkUA6UbYKyN7jP.jpg,scratch,Left
CLM000480,Img196_jpg.rf.RqtzJmD5uK9ojg7Sg7Tc.jpg,scratch,Front
CLM000480,Img197_jpg.rf.3VVEdWS29z7Kw7SRFF00.jpg,dent,Rear
CLM000481,Img197_jpg.rf.mIYwgdYkDSHBWk7tUiw1.jpg,dent,Front
CLM000481,Img197_jpg.rf.Zg4POJtlCVq8MxpfZwo4.jpg,dent,Rear
CLM000481,Img198_jpg.rf.7KscCM5p8KHOWqehGr6j.jpg,smash,Left
CLM000481,Img198_jpg.rf.ExKhz65XY6hUvS4C5QXG.jpg,smash,Right
CLM000482,Img199_jpg.rf.hCZcXTyeqACtKEFRU4gw.jpg,glass_break,Front
CLM000482,Img200_jpg.rf.63FwjO0w7YhtZfqNXJYa.jpg,dent,Rear
CLM000482,Img200_jpg.rf.WWf0puknjEO2dsrQ2dFW.jpg,dent,Left
CLM000482,Img200_jpg.rf.XsweYtRSxbiif3sOrdPK.jpg,dent,Right
CLM000483,Img202_jpg.rf.e5jyveWzUGUrurm6Tuap.jpg,dent,Front
CLM000483,Img202_jpg.rf.Kzb490FIoajInzlgcXLj.jpg,dent,Rear
CLM000483,Img202_jpg.rf.ojrUaSGv6RfLwE2pDnkN.jpg,dent,Left
CLM000483,Img203_jpg.rf.nf4w7Es3bJ3f4VAVVMI8.jpg,dent,Right
CLM000484,Img204_jpg.rf.D7m5nHAM32ite4Xbgt2g.jpg,dent,Front
CLM000484,Img204_jpg.rf.kccNW9AodJ2X75sOnsRN.jpg,dent,Rear
CLM000484,Img204_jpg.rf.QWAAeLADcRaie78Q0euk.jpg,dent,Left
CLM000485,Img205_jpg.rf.1U8HglcwgTKxBZybhTgx.jpg,scratch,Front
CLM000485,Img205_jpg.rf.At5sC0rXzYCP7H6v2xLH.jpg,scratch,Rear
CLM000486,Img205_jpg.rf.hqL41EU1DUlDuLKgzjCa.jpg,scratch,Front
CLM000486,Img207_jpg.rf.6DVXZgmSRT7qpZpQPWW7.jpg,smash,Rear
CLM000486,Img208_jpg.rf.OaS84RanozwIpeOELE7S.jpg,smash,Left
CLM000487,Img208_jpg.rf.ttx4wYbWcMf4xUfIXd8f.jpg,smash,Front
CLM000487,Img209_jpg.rf.CwakHGPQqciW70kNshKj.jpg,smash,Rear
CLM000487,Img209_jpg.rf.o0YTLE2gcqOCIXKPFmIY.jpg,smash,Left
CLM000487,Img20_jpg.rf.08OHgBJMAYUNTgeXoaTp.jpg,scratch,Right
CLM000488,Img20_jpg.rf.neF3TKFHTdYWcmURu4vK.jpg,scratch,Front
CLM000488,Img211_jpg.rf.h6nSXeLp7LNMl5UFyvWO.jpg,scratch,Rear
CLM000488,Img211_jpg.rf.IAXmbcoBH3x5c8D5uMrf.jpg,scratch,Left
CLM000488,Img211_jpg.rf.M7esIqc33t2Z9h27Sjuu.jpg,scratch,Right
CLM000489,Img213_jpg.rf.7gzIw4lSUvyi6cBaiIWx.jpg,dent,Front
CLM000489,Img214_jpg.rf.Lb7iUQUUdpSQG6lnZS0L.jpg,smash,Rear
CLM000489,Img215_jpg.rf.GyU36S6ExbVKyNiNfJ9H.jpg,smash,Left
CLM000489,Img217_jpg.rf.hJUwNat03NKN1cvhkscz.jpg,smash,Right
CLM000490,Img218_jpg.rf.Wi3P4nJciTpygTYR2RE1.jpg,dent,Front
CLM000490,Img219_jpg.rf.B6iUxKKkFlv5YSNby3gd.jpg,smash,Rear
CLM000490,Img219_jpg.rf.BHuKy0QiXWGEqVoWr4sk.jpg,smash,Left
CLM000490,Img221_jpg.rf.XrcL2z2w1FqidI8ZZ7C9.jpg,smash,Right
CLM000491,Img222_jpg.rf.9GnTHGC0Wg3jFmNq8gzM.jpg,dent,Front
CLM000491,Img223_jpg.rf.ABbBAHIFW6bjjCBP3DrE.jpg,dent,Rear
CLM000491,Img223_jpg.rf.inKNmssp7Eqpk7RXKX66.jpg,dent,Left
CLM000492,Img223_jpg.rf.w6TjVIAm8v5SMa2SxSAy.jpg,dent,Front
CLM000492,Img225_jpg.rf.DCEkoHBksFjXclWWj9lZ.jpg,smash,Rear
CLM000492,Img225_jpg.rf.OUv2tkUUsSEnLSS04SF1.jpg,smash,Left
CLM000492,Img226_jpg.rf.c6vy7qRYn4Ip28325STT.jpg,dent,Right
CLM000493,Img226_jpg.rf.fdNacN1BVoYUVHzgll83.jpg,dent,Front
CLM000493,Img227_jpg.rf.eOrJN0OJfa6SvpLbKzFF.jpg,dent,Rear
CLM000493,Img227_jpg.rf.Q3lXOGkjwloxzGugraDW.jpg,dent,Left
CLM000493,Img229_jpg.rf.gLjxy5ZTrsk7djleraks.jpg,smash,Right
CLM000494,Img229_jpg.rf.juHxxiSLV2tTuedxounU.jpg,smash,Front
CLM000494,Img230_jpg.rf.uKInGNxPP9HXH3hPkpwm.jpg,scratch,Rear
CLM000495,Img230_jpg.rf.wl9lduElZ9R0X2hI66Q8.jpg,scratch,Front
CLM000495,Img231_jpg.rf.srB4OPqdTkeQkWOCFsJS.jpg,dent,Rear
CLM000495,Img232_jpg.rf.JitbvML5RnPD0Nlkhdhw.jpg,dent,Left
CLM000495,Img232_jpg.rf.KZRjWjTgghe0SBUP5VDs.jpg,dent,Right
CLM000496,Img232_jpg.rf.vX5QEvoLqVCXLtX3VmaD.jpg,dent,Front
CLM000496,Img234_jpg.rf.uq8GUIIhuFRYyErVRlDR.jpg,dent,Rear
CLM000497,Img235_jpg.rf.HsyqfqXdeVUpK8WVoF6n.jpg,dent,Front
CLM000497,Img236_jpg.rf.fuzaEgxZTHttgBaWfIip.jpg,scratch,Rear
CLM000497,Img236_jpg.rf.K93ht9E2sm4tM0eZlJfi.jpg,scratch,Left
CLM000497,Img236_jpg.rf.W2MOOEmx7lnDNT8s9val.jpg,scratch,Right
CLM000498,Img237_jpg.rf.1D01aDBoRQG1CUC9O0oq.jpg,scratch,Front
CLM000498,Img237_jpg.rf.gPB0K8cFf0ERYuP3CIhw.jpg,scratch,Rear
CLM000498,Img237_jpg.rf.v2SNUbjr5gpnlG6sdeZ3.jpg,scratch,Left
CLM000499,Img239_jpg.rf.n65A0IjFFaJtrtFKi5JF.jpg,dent,Front
CLM000499,Img239_jpg.rf.UOZ5mnXrpg7hTZh9Z13A.jpg,dent,Rear
CLM000500,Img240_jpg.rf.oNNB044x8OhLbzzOSIzA.jpg,dent,Front
CLM000500,Img240_jpg.rf.p2A580ik1afoLsrdHFQX.jpg,dent,Rear
CLM000500,Img241_jpg.rf.Enj9SmCV7hweqWuoQRGc.jpg,smash,Left
CLM000500,Img241_jpg.rf.JmS1fhDV37VeebNKkq1r.jpg,smash,Right
CLM000501,Img241_jpg.rf.Q2fiFd0RQT9lIO3Z0JQk.jpg,smash,Front
CLM000501,Img242_jpg.rf.RWB4M7iYefjN20qpDYXY.jpg,dent,Rear
CLM000501,Img243_jpg.rf.1cL1OJTI7IslBAHdEqCb.jpg,smash,Left
CLM000501,Img243_jpg.rf.rKQUhoKG0mQF2QI8HlYK.jpg,smash,Right
CLM000502,Img248_jpg.rf.mz94uadOkK9pA7W64qpQ.jpg,smash,Front
CLM000502,Img249_jpg.rf.YCll7z22x47k2D54exmV.jpg,dent,Rear
CLM000502,Img250_jpg.rf.sqo2NnkDh3j0uZH2dnHH.jpg,smash,Left
CLM000503,Img251_jpg.rf.oNMkiuEsrBmwyizgT7hA.jpg,smash,Front
CLM000503,Img252_jpg.rf.hKuElggx82sMEAP2y3AA.jpg,dent,Rear
CLM000503,Img252_jpg.rf.sRIwZZM1zfoFdr4gbmxd.jpg,dent,Left
CLM000504,Img257_jpg.rf.7oQEk5bjI3tt0OZpcrdv.jpg,smash,Front
CLM000504,Img257_jpg.rf.qe5zyksMeMlhZ1LvN4Ke.jpg,smash,Rear
CLM000504,Img258_jpg.rf.CLNEuZqEAuFIxHgtFSEN.jpg,smash,Left
CLM000504,Img258_jpg.rf.LZTRUoGK4MxEXYEkBeY9.jpg,smash,Right
CLM000505,Img261_jpg.rf.jxNTvRusgha1Rqg75H41.jpg,dent,Front
CLM000505,Img261_jpg.rf.r7rtsCqMRRJTcDRmWpIn.jpg,dent,Rear
CLM000506,Img262_jpg.rf.V4kzlMri4hozUem1vrit.jpg,smash,Front
CLM000506,Img263_jpg.rf.pAu087fTlVM70cJGSFKH.jpg,smash,Rear
CLM000506,Img263_jpg.rf.QCLoZoWNvHaC0MBGMYg0.jpg,smash,Left
CLM000507,Img263_jpg.rf.whWMFf6hEqSzBmHjCQSU.jpg,smash,Front
CLM000507,Img264_jpg.rf.qHQn3jsO81mCcvtkPBhS.jpg,smash,Rear
CLM000507,Img265_jpg.rf.5IVn3tugUCDp821UgTxW.jpg,smash,Left
CLM000508,Img265_jpg.rf.TY6JjOFom4pPPV4EwiJ3.jpg,smash,Front
CLM000508,Img266_jpg.rf.BLHznMBXL5uvog5e0vJI.jpg,scratch,Rear
CLM000508,Img266_jpg.rf.xjXrUoNEAEfBGzoOD1mq.jpg,scratch,Left
CLM000509,Img271_jpg.rf.74riKPZES0eGJ9IzM5ww.jpg,scratch,Front
CLM000509,Img271_jpg.rf.yYTC9i9D2QQV7oYcrvPE.jpg,scratch,Rear
CLM000509,Img274_jpg.rf.COpRsCQQNnLJeEl7NRHU.jpg,scratch,Left
CLM000509,Img274_jpg.rf.eDnv2FTV5qAV5wrp6VTt.jpg,scratch,Right
CLM000510,Img27_jpg.rf.CKdYWDyxT5hoPPxI4K6K.jpg,smash,Front
CLM000510,Img281_jpg.rf.19sWi2iqx7yltljedaLi.jpg,dent,Rear
CLM000511,Img28_jpg.rf.B6ZeZV9R3LPuNzxlQXHX.jpg,smash,Front
CLM000511,Img28_jpg.rf.PNLZOJxDpyV35SixuKfJ.jpg,smash,Rear
CLM000511,Img29_jpg.rf.5rB7QuX1mbiJiiTlkrrH.jpg,smash,Left
CLM000512,Img29_jpg.rf.GzFT0kuyajX8qn266wVP.jpg,smash,Front
CLM000512,Img29_jpg.rf.XZupEEeiaIlrfZ9Xp5sP.jpg,smash,Rear
CLM000512,Img2_jpg.rf.UkmFlOUPaXlWRuD77GSz.jpg,smash,Left
CLM000513,Img31_jpg.rf.3P0DNqwUZbgJGKlVYfst.jpg,smash,Front
CLM000513,Img31_jpg.rf.NOszZu9xWXDMP5QU8DEf.jpg,smash,Rear
CLM000513,Img33_jpg.rf.gDZGTx5bKLasEkVKaouT.jpg,dent,Left
CLM000513,Img35_jpg.rf.6IGfrjBJPfoQFmHixhLA.jpg,scratch,Right
CLM000514,Img35_jpg.rf.Vedec0aFP0zgOWPh5E7V.jpg,scratch,Front
CLM000514,Img35_jpg.rf.w43OmLXXr81xtdrOAMa5.jpg,scratch,Rear
CLM000514,Img372_jpg.rf.bY2BgSkLZXLiR8FCe5Lm.jpg,smash,Left
CLM000514,Img372_jpg.rf.cdT5k3vZc8M1hvyUm4LW.jpg,smash,Right
CLM000515,Img373_jpg.rf.28m1PSfu5oYKk4IgfTQp.jpg,smash,Front
CLM000515,Img373_jpg.rf.EFF5HuK9Ud0QbtBM7dwc.jpg,smash,Rear
CLM000516,Img373_jpg.rf.NVbDXtruX3SP0Ve4fpk8.jpg,smash,Front
CLM000516,Img374_jpg.rf.d9ircNx8abHmrxkYRERs.jpg,smash,Rear
CLM000516,Img374_jpg.rf.EUKz6kNBIqDCRxtjoDUj.jpg,smash,Left
CLM000516,Img374_jpg.rf.hzouH2iF8ovg56Hja58n.jpg,smash,Right
CLM000517,Img375_jpg.rf.1QV2yk3McYRhTGT886yV.jpg,smash,Front
CLM000517,Img375_jpg.rf.7O62yaELwptnq6E0IQIr.jpg,smash,Rear
CLM000518,Img375_jpg.rf.AUQhkszWqeDJMQ9kHxyK.jpg,smash,Front
CLM000518,Img376_jpg.rf.Q7RtnU6OYUGYhMwpkK5g.jpg,scratch,Rear
CLM000519,Img376_jpg.rf.uZUsd4QHfbxypRkdMsrx.jpg,scratch,Front
CLM000519,Img376_jpg.rf.VO9QsqHOkmnHtSV6Fn0E.jpg,scratch,Rear
CLM000519,Img377_jpg.rf.Mq0JEboxSkcSJBLZxlB0.jpg,smash,Left
CLM000519,Img377_jpg.rf.vl4UNtx6BLKl9JRaSqKE.jpg,smash,Right
CLM000520,Img378_jpg.rf.riQcpL02uEQ1kfG7O3KT.jpg,dent,Front
CLM000520,Img37_jpg.rf.j8QTMlGUt8jz5k9Vv9MU.jpg,scratch,Rear
CLM000521,Img381_jpg.rf.DS6X9nYueb7V07HW5JU1.jpg,smash,Front
CLM000521,Img382_jpg.rf.dxFJh4VnZCsEzC0hpOeh.jpg,dent,Rear
CLM000521,Img383_jpg.rf.IJyRgBO7jVVmpGPROeo4.jpg,smash,Left
CLM000521,Img383_jpg.rf.TsHOxWmWXWwtPIhJc5UT.jpg,smash,Right
CLM000522,Img384_jpg.rf.kXQW9DDkpGR6vMltBNXz.jpg,dent,Front
CLM000522,Img384_jpg.rf.mFW2QTeNczwgnSSXQjR3.jpg,dent,Rear
CLM000522,Img393_jpg.rf.ipuRz9sffVleLu73C9rx.jpg,smash,Left
CLM000522,Img396_jpg.rf.dLm52zGzWeyJKqTxmoaI.jpg,smash,Right
CLM000523,Img399_jpg.rf.qibLqfLsJ3DTQO9Wn914.jpg,dent,Front
CLM000523,Img39_jpg.rf.K2uiGzRYg559fK9EnDQV.jpg,dent,Rear
CLM000524,Img39_jpg.rf.ULdR9JD1RlR2iTbBcdEs.jpg,dent,Front
CLM000524,Img401_jpg.rf.BRObCzpor1UjnsDvBIfn.jpg,smash,Rear
CLM000524,Img401_jpg.rf.ZvC679dH5u9ClTO2wzM1.jpg,smash,Left
CLM000525,Img402_jpg.rf.lPtGS28sA5mbdy8yk3nZ.jpg,dent,Front
CLM000525,Img403_jpg.rf.nyXU1AHCKkCVoawnhUmC.jpg,dent,Rear
CLM000526,Img404_jpg.rf.uDkAGWQx18Q0CFpFxmau.jpg,dent,Front
CLM000526,Img405_jpg.rf.8h4D7LeekZhTWBhtF3B9.jpg,smash,Rear
CLM000526,Img405_jpg.rf.8NdTYLaXtenJyhQXUmK3.jpg,smash,Left
CLM000526,Img406_jpg.rf.FvsNaRs4oyAnigxOzltP.jpg,smash,Right
CLM000527,Img407_jpg.rf.fZpvAJsTri6Zjba84Ge3.jpg,dent,Front
CLM000527,Img412_jpg.rf.0gtDXrnhndOByBKURIM9.jpg,scratch,Rear
CLM000527,Img412_jpg.rf.57J7pFMYJNAEEgGbxfki.jpg,scratch,Left
CLM000528,Img412_jpg.rf.7LJWIWcp6HBejxjUUP5I.jpg,scratch,Front
CLM000528,Img414_jpg.rf.ehYU8uZbzJ8oZceFQhv9.jpg,dent,Rear
CLM000529,Img414_jpg.rf.oP8VVXmAyXirSaQlp77t.jpg,dent,Front
CLM000529,Img415_jpg.rf.847tPBmFSyvNW8viEe7s.jpg,dent,Rear
CLM000529,Img416_jpg.rf.50nbHPMpr7UmUjsU7tDt.jpg,smash,Left
CLM000529,Img416_jpg.rf.hcnBarcnvm2HdogtATyk.jpg,smash,Right
CLM000530,Img419_jpg.rf.2Ivnhg2otRJMEI3UrWa0.jpg,scratch,Front
CLM000530,Img419_jpg.rf.duzyLrYYE5whRgj8nVJN.jpg,scratch,Rear
CLM000530,Img420_jpg.rf.STibELNDZmiSVUFqTAx1.jpg,smash,Left
CLM000530,Img422_jpg.rf.0eZVPSaI2piC6bMq7tiA.jpg,dent,Right
CLM000531,Img422_jpg.rf.ebMiUVRE12E0z7fCI0aO.jpg,dent,Front
CLM000531,Img423_jpg.rf.1VmeNUfsd7qQUWVP5yV0.jpg,dent,Rear
CLM000532,Img436_jpg.rf.0w07fOpqiGOJjXnoV0Nx.jpg,dent,Front
CLM000532,Img436_jpg.rf.woiwVLqbliI965q1IHre.jpg,dent,Rear
CLM000533,Img438_jpg.rf.3Xi190PU8u1HXdqRzPmQ.jpg,dent,Front
CLM000533,Img440_jpg.rf.o8sJLFgG2ectEl0zMl4f.jpg,smash,Rear
CLM000533,Img440_jpg.rf.wW1iaKWNu61FiObmZCoZ.jpg,smash,Left
CLM000533,Img442_jpg.rf.F5OERcBXoHOtkIeejSbZ.jpg,dent,Right
CLM000534,Img442_jpg.rf.gobWv4NICyBahdAusstX.jpg,dent,Front
CLM000534,Img443_jpg.rf.fsCJNm0YKDLQhUaKJEBU.jpg,dent,Rear
CLM000534,Img443_jpg.rf.y9trQqMXGyvJV4kkRs8S.jpg,dent,Left
CLM000534,Img446_jpg.rf.dOBaIelTJt13ugOn6Yjf.jpg,dent,Right
CLM000535,Img448_jpg.rf.DUA7kSMuznVbulPh8p50.jpg,dent,Front
CLM000535,Img448_jpg.rf.jslh7QD1qHH01ZI7eoej.jpg,dent,Rear
CLM000536,Img449_jpg.rf.iNUR1y1WOMlhTqtiAIhi.jpg,smash,Front
CLM000536,Img449_jpg.rf.mfCPW4eqBsIKZhbRbF9d.jpg,smash,Rear
CLM000536,Img449_jpg.rf.VKYLTtASo4tfMJJHOKFG.jpg,smash,Left
CLM000537,Img450_jpg.rf.VSNFaEn7tfbMuew0XEa5.jpg,dent,Front
CLM000537,Img451_jpg.rf.Cs8CsTPKbbuwNMGTcq4p.jpg,scratch,Rear
CLM000538,Img451_jpg.rf.dYUPreZh56e0KSACJT2P.jpg,scratch,Front
CLM000538,Img451_jpg.rf.hvxjaxgeC0reGE3zvrEv.jpg,scratch,Rear
CLM000538,Img454_jpg.rf.1RXKFKutmljvtVKfhyt1.jpg,scratch,Left
CLM000539,Img454_jpg.rf.l87ucFjJ5e3bjViZD0wM.jpg,scratch,Front
CLM000539,Img454_jpg.rf.u2GnhgiJUJzgRtuHHjlc.jpg,scratch,Rear
CLM000539,Img456_jpg.rf.WBFiNbIl66yHhq5FhpIa.jpg,dent,Left
CLM000539,Img457_jpg.rf.aESVcPqPTreoYc5FWlh5.jpg,scratch,Right
CLM000540,Img457_jpg.rf.ikJdm9Rgltta2ZbUOeDP.jpg,scratch,Front
CLM000540,Img45_jpg.rf.Es30QQYLCPpqNnZXj8hX.jpg,dent,Rear
CLM000541,Img45_jpg.rf.EzJqTRVIqN75o2cmHODu.jpg,dent,Front
CLM000541,Img45_jpg.rf.f8vi5DXRL3PMuNYxBLlA.jpg,dent,Rear
CLM000541,Img460_jpg.rf.4Mi5fghDgCSfUCp40AYr.jpg,smash,Left
CLM000541,Img462_jpg.rf.nvk8nQDYmHP5TfSxyscy.jpg,dent,Right
CLM000542,Img493_jpg.rf.IASiyAmK5uxcmkgIH1tO.jpg,smash,Front
CLM000542,Img494_jpg.rf.07Fi7me4CnWdqnWSvXQT.jpg,smash,Rear
CLM000543,Img494_jpg.rf.vYc98SUelh4wgggiGdJD.jpg,smash,Front
CLM000543,Img4_jpg.rf.Ch1dCacssbT80asRrabq.jpg,smash,Rear
CLM000544,Img4_jpg.rf.qr0EDWPSYEoTOuQKDUxW.jpg,smash,Front
CLM000544,Img4_jpg.rf.ZvspWVIilzqWbgogiC3z.jpg,smash,Rear
CLM000544,Img502_jpg.rf.PCS4A29tVF5CKIZtit7F.jpg,smash,Left
CLM000545,Img505_jpg.rf.GA1Q3UdZk1LWRBJos3ix.jpg,dent,Front
CLM000545,Img505_jpg.rf.PY2n8dLQfXuFioUpuPtV.jpg,dent,Rear
CLM000546,Img505_jpg.rf.saNRleJsaON4vEugw4uz.jpg,dent,Front
CLM000546,Img506_jpg.rf.3K4uHgEtzzvPuLlj3eKy.jpg,dent,Rear
CLM000546,Img507_jpg.rf.6UuprcGcAXvpPKgwV8ot.jpg,smash,Left
CLM000546,Img507_jpg.rf.qNPnbrPB8k5cw5QDO7t9.jpg,smash,Right
CLM000547,Img508_jpg.rf.5ynVUnPSdwmLAtSSxRFD.jpg,smash,Front
CLM000547,Img508_jpg.rf.RurjkluHMiVYUbjajDvA.jpg,smash,Rear
CLM000548,Img509_jpg.rf.iI3bWILqISDjoeulyOOv.jpg,dent,Front
CLM000548,Img50_jpg.rf.zDMRFuL3c4MnQV0mkQp4.jpg,scratch,Rear
CLM000548,Img510_jpg.rf.nHCCFfW147eM2ZJHnmnS.jpg,dent,Left
CLM000549,Img510_jpg.rf.RdlDA59EPWhu0CmimVqz.jpg,dent,Front
CLM000549,Img511_jpg.rf.ZCpKvu1fPkaR0WAhDu6x.jpg,dent,Rear
CLM000549,Img512_jpg.rf.QSftHfzScWyjHtGOAp60.jpg,smash,Left
CLM000550,Img514_jpg.rf.JPmHkXKQhnyg4WOgUHXr.jpg,smash,Front
CLM000550,Img514_jpg.rf.MstilW1LQKhNceyrZtZ9.jpg,smash,Rear
CLM000550,Img517_jpg.rf.81WwvqptIFNUlWdGzdCI.jpg,smash,Left
CLM000550,Img517_jpg.rf.kCukI045TwloT3Gea9wJ.jpg,smash,Right
CLM000551,Img520_jpg.rf.yEjrFL9ov6kvims3WOf4.jpg,smash,Front
CLM000551,Img525_jpg.rf.9ymrcTtkPQUlwj0FIBVK.jpg,scratch,Rear
CLM000552,Img525_jpg.rf.aho18zR7pUs1BTMjiePY.jpg,scratch,Front
CLM000552,Img525_jpg.rf.Pga9NplA18f422VtVqCG.jpg,scratch,Rear
CLM000552,Img527_jpg.rf.Bd0cHaMkbRGHI3p402tL.jpg,dent,Left
CLM000552,Img527_jpg.rf.EHesZ5nm03WWTdy5LIHK.jpg,dent,Right
CLM000553,Img527_jpg.rf.jTsamQcQAMAxBwZ0hRnh.jpg,dent,Front
CLM000553,Img52_jpg.rf.aGtHvjhuAmYGv2LOpAkx.jpg,scratch,Rear
CLM000553,Img52_jpg.rf.uSm923hFtLxlzbZAWOyX.jpg,scratch,Left
CLM000554,Img542_jpg.rf.rvP57wek5b9OlLoKnYTL.jpg,smash,Front
CLM000554,Img542_jpg.rf.sEsmFt9pTwSG4fNAOv5Y.jpg,smash,Rear
CLM000554,Img544_jpg.rf.cqHr4vrmtE3ZhlKlB81Q.jpg,scratch,Left
CLM000555,Img544_jpg.rf.lfM2LB7KwcjW7qdiPZyU.jpg,scratch,Front
CLM000555,Img544_jpg.rf.tSun70EaUV7uXgCdKXRF.jpg,scratch,Rear
CLM000555,Img546_jpg.rf.feTRu05gC4lcKCiADaVb.jpg,dent,Left
CLM000556,Img546_jpg.rf.Wp2Uc4yMktqafGWCKM9f.jpg,dent,Front
CLM000556,Img547_jpg.rf.FrmYOeA0LCc5D3i0Y9xh.jpg,smash,Rear
CLM000556,Img547_jpg.rf.odtYe44JOO9HWUkpqCdu.jpg,smash,Left
CLM000556,Img54_jpg.rf.QfRv7jNCCyZEtdUp9Und.jpg,scratch,Right
CLM000557,Img54_jpg.rf.u1sEZGfLUYNvMJmolWSj.jpg,scratch,Front
CLM000557,Img58_jpg.rf.2DEgZwcTFw6KMSXADV9f.jpg,dent,Rear
CLM000557,Img59_jpg.rf.KT08hT6Cziygqcn0T0OU.jpg,smash,Left
CLM000557,Img64_jpg.rf.Pokt834KL8RIpUmewxhF.jpg,dent,Right
CLM000558,Img65_jpg.rf.8paWnmytYGV3XJj1vGFH.jpg,smash,Front
CLM000558,Img65_jpg.rf.scXL8041THHhLyFAKxOg.jpg,smash,Rear
CLM000559,Img67_jpg.rf.V41aNp0ZJfP9EaneN7JD.jpg,smash,Front
CLM000559,Img69_jpg.rf.BjHgR2ZciRMrWQgQy10h.jpg,smash,Rear
CLM000560,Img6_jpg.rf.ktoRkiu1mqYP4vqHOkBG.jpg,dent,Front
CLM000560,Img70_jpg.rf.29mlhcylLWRESW7qaFez.jpg,dent,Rear
CLM000561,Img72_jpg.rf.dIfybxIL5egCjh1ceuMF.jpg,dent,Front
CLM000561,Img74_jpg.rf.kjJENBZPBrG8FsED7bGQ.jpg,dent,Rear
CLM000561,Img77_jpg.rf.O6LtfMNKtRPYvhTN81AN.jpg,dent,Left
CLM000562,Img77_jpg.rf.uC60lOyf7TR37uxEhJdd.jpg,dent,Front
CLM000562,Img77_jpg.rf.uxB4CrrAShElJrdB2tug.jpg,dent,Rear
CLM000562,Img79_jpg.rf.F3iN6sjGss2COSpHU7nz.jpg,dent,Left
CLM000563,Img79_jpg.rf.HmNdiRppsTFf95F0oull.jpg,dent,Front
CLM000563,Img79_jpg.rf.ohV1VxARCSCOO2zHHXAC.jpg,dent,Rear
CLM000563,Img7_jpg.rf.AIZC0fvgFUYZa2vk0Q8g.jpg,dent,Left
CLM000563,Img7_jpg.rf.F5ISri8IPqEsCMLYBZ5p.jpg,dent,Right
CLM000564,Img7_jpg.rf.xv55Ddp55juLnjySylN3.jpg,dent,Front
CLM000564,Img81_jpg.rf.5xXzgK3l7NMw4hgkC7QP.jpg,scratch,Rear
CLM000565,Img81_jpg.rf.b3INd1hlE6deioQcjDHy.jpg,scratch,Front
CLM000565,Img81_jpg.rf.V1t414Wew9GZGUtWfaik.jpg,scratch,Rear
CLM000566,Img83_jpg.rf.6GsduniOJvWxlDhJTMQ0.jpg,dent,Front
CLM000566,Img83_jpg.rf.NJqJigNfPiJ3vC0nVfwG.jpg,dent,Rear
CLM000567,Img83_jpg.rf.yo3EPBHHm2HwB59ETJP6.jpg,dent,Front
CLM000567,Img86_jpg.rf.5nBb4FVYcwRMY6LC75e7.jpg,smash,Rear
CLM000568,Img86_jpg.rf.Bz9gt4QsqN1XAij1xvmC.jpg,smash,Front
CLM000568,Img8_jpg.rf.bsWvh8jaJauxjfUyrLBk.jpg,smash,Rear
CLM000568,Img8_jpg.rf.R5vRCBSX5gpOk0p2mpZO.jpg,smash,Left
CLM000569,Img92_jpg.rf.KsD4JMAep967n1l5ejaY.jpg,smash,Front
CLM000569,Img92_jpg.rf.tYo1Frr1xytYtGHffosb.jpg,smash,Rear
CLM000569,Img92_jpg.rf.ZdKLdtg2THtaIgMhmxge.jpg,smash,Left
CLM000570,Img99_jpg.rf.H663wShiCjxhudeuhUD8.jpg,dent,Front
CLM000570,Img99_jpg.rf.sd0GYKNUtaLwlgrDmdrC.jpg,dent,Rear
CLM000570,istockphoto-1048751322-612x612_jpeg_jpg.rf.6njppUfLcsLBur9Cm2Wy.jpg,dent,Left
CLM000571,istockphoto-1048751322-612x612_jpeg_jpg.rf.h4nLN67Rs35kL8K2fJQ7.jpg,dent,Front
CLM000571,istockphoto-1048751322-612x612_jpeg_jpg.rf.NMysqFVHoQuDSz4S0GV2.jpg,dent,Rear
CLM000571,istockphoto-1090355644-612x612_jpeg_jpg.rf.NDhw5WZZnlvIFO1Peaep.jpg,glass_break,Left
CLM000572,istockphoto-1090355644-612x612_jpeg_jpg.rf.WkjhbzJFWS2NXgOo0e57.jpg,glass_break,Front
CLM000572,istockphoto-480600843-612x612_jpeg_jpg.rf.5Nla2iWmmtGRQ1yLawow.jpg,glass_break,Rear
CLM000572,istockphoto-480600843-612x612_jpeg_jpg.rf.A1I7KD5GVKUuv4EVf4QW.jpg,glass_break,Left
CLM000572,istockphoto-542807442-612x612_jpeg_jpg.rf.DBthwEMVg52R58EDG82C.jpg,glass_break,Right
CLM000573,istockphoto-542807442-612x612_jpeg_jpg.rf.lMZX4QXDjmLGxvM3GRGr.jpg,glass_break,Front
CLM000573,istockphoto-542807442-612x612_jpeg_jpg.rf.orrDCOnoTEs4i6POWtPF.jpg,glass_break,Rear
CLM000574,istockphoto-92480802-612x612_jpeg_jpg.rf.1FRVLYiDeRwJEUfWMQkV.jpg,glass_break,Front
CLM000574,istockphoto-92480802-612x612_jpeg_jpg.rf.MUlgzvu9VLqTLJ7yBl8C.jpg,glass_break,Rear
CLM000575,istockphoto-92480802-612x612_jpeg_jpg.rf.xrHOb4IBehi0lHtrOmDE.jpg,glass_break,Front
CLM000575,istockphoto-948465032-612x612_jpeg_jpg.rf.hQnOuOtKHBXUlAufmgsC.jpg,glass_break,Rear
CLM000575,istockphoto-948465032-612x612_jpeg_jpg.rf.zGHgby4lQBmkgASVUMdF.jpg,glass_break,Left
CLM000576,lamp-broken-of-taililght-of-cars-images-hd11_jpg.rf.8wpC99D2q3ie4zpOowVs.jpg,glass_break,Front
CLM000576,lamp-broken-of-taililght-of-cars-images-hd11_jpg.rf.Nm9wGQDoOWvV2MpjkAkX.jpg,glass_break,Rear
CLM000576,lamp-broken-of-taililght-of-cars-images-hd11_jpg.rf.VI24yqkdW4Czywh7lMA9.jpg,glass_break,Left
CLM000577,lamp-broken125_jpg.rf.Dxt6LwxmyE11WZvf6kNE.jpg,glass_break,Front
CLM000577,lamp-broken125_jpg.rf.k4lHEXWifNgIlY0xnSY6.jpg,glass_break,Rear
CLM000578,lamp-broken125_jpg.rf.x9QE47qCFSbdWVbeiM8D.jpg,glass_break,Front
CLM000578,lamp-broken126_jpg.rf.0QwatS3abi7Ap1eyBa8h.jpg,glass_break,Rear
CLM000579,lamp-broken126_jpg.rf.AWaUetsLCbLQIZl1WQUH.jpg,glass_break,Front
CLM000579,lamp-broken129_jpg.rf.7cSCEpPjBb3f26crZBVr.jpg,glass_break,Rear
CLM000580,lamp-broken129_jpg.rf.PCX6qML490SgQ92HYWF2.jpg,glass_break,Front
CLM000580,lamp-broken139_jpg.rf.0b4RvG1IWqkP2HI3bQio.jpg,glass_break,Rear
CLM000581,lamp-broken143_jpg.rf.vEAkKNJQeZOsvmsmoPfV.jpg,glass_break,Front
CLM000581,lamp-broken151_jpg.rf.xKev9SHpwMTIaCWjpaFj.jpg,dent,Rear
CLM000581,lamp-broken155_jpg.rf.oOQgpUj97jl4Cff9a34z.jpg,glass_break,Left
CLM000581,lamp-broken155_jpg.rf.WvZTszrQLovDW08JLkZ1.jpg,glass_break,Right
CLM000582,lamp-broken156_jpg.rf.JZTtaXNLCSstRtUF9a5J.jpg,dent,Front
CLM000582,lamp-broken156_jpg.rf.PI9m2plB5hMqIggnz895.jpg,dent,Rear
CLM000583,lamp-broken182_jpg.rf.2Vm8Vu8qAQ6qE0OwCPO3.jpg,glass_break,Front
CLM000583,lamp-broken182_jpg.rf.6VJhvqkaFDiEGWnL4dk9.jpg,glass_break,Rear
CLM000583,lamp-broken182_jpg.rf.tPN0yId14rxiZku2DuQB.jpg,glass_break,Left
CLM000583,lamp-broken191_jpg.rf.40kAfdZ4rdMunffDeBbt.jpg,glass_break,Right
CLM000584,lamp-broken191_jpg.rf.F42SHsZl0HRucV4HH2Sw.jpg,glass_break,Front
CLM000584,lamp-broken191_jpg.rf.RHdyX3rNXmxoT0bBqN1X.jpg,glass_break,Rear
CLM000585,lamp-broken199_jpg.rf.DcDvPOy3fF8qk8gpzIYR.jpg,smash,Front
CLM000585,lamp-broken215_jpg.rf.kbaDYPyOqq8fIdOE3Sis.jpg,glass_break,Rear
CLM000585,lamp-broken215_jpg.rf.m3GZuDNfferuSXm21X8V.jpg,glass_break,Left
CLM000586,lamp-broken221_jpg.rf.8TveYeSUUQCtugpAvRv2.jpg,glass_break,Front
CLM000586,lamp-broken221_jpg.rf.IjwfBhZBUCQCVoFkgigr.jpg,glass_break,Rear
CLM000586,lamp-broken232_jpg.rf.2jYXdLBRiYyLioyvsVb6.jpg,scratch,Left
CLM000586,lamp-broken232_jpg.rf.Do2UZX4ctdyvAKI71L60.jpg,scratch,Right
CLM000587,lamp-broken23_jpg.rf.24Olxr2jYswQegkYzivu.jpg,glass_break,Front
CLM000587,lamp-broken23_jpg.rf.yZxW56knovsd0cstIGGY.jpg,glass_break,Rear
CLM000587,lamp-broken241_jpg.rf.A01ircvIKEWbx6usuBmX.jpg,glass_break,Left
CLM000587,lamp-broken327_jpg.rf.b1j9Tc0DlkYr6xwqLr5F.jpg,smash,Right
CLM000588,lamp-broken327_jpg.rf.HuQGqenVes6ZEdaB2v8y.jpg,smash,Front
CLM000588,lamp-broken337_jpg.rf.4KngOTJ5JXvF5VfhCRwE.jpg,glass_break,Rear
CLM000588,lamp-broken337_jpg.rf.UEfqT9gl4xK5p0syjaAq.jpg,glass_break,Left
CLM000588,lamp-broken337_jpg.rf.UXNNGORGBrvb719GbpXK.jpg,glass_break,Right
CLM000589,lamp-broken344_jpg.rf.EvdMKVS6MYreNBceNA04.jpg,glass_break,Front
CLM000589,lamp-broken344_jpg.rf.OZ5kMjl3hqk9qluvxqKb.jpg,glass_break,Rear
CLM000590,lamp-broken34_jpg.rf.aGxHvced1TWKHuQc9zSQ.jpg,glass_break,Front
CLM000590,lamp-broken34_jpg.rf.JeoDOB2MtMMYCHDb7599.jpg,glass_break,Rear
CLM000590,lamp-broken34_jpg.rf.wrIDUaSoXHbJmDEoDdkK.jpg,glass_break,Left
CLM000591,lamp-broken350_jpg.rf.Dq4JJm6uEufFDz8bXrgg.jpg,glass_break,Front
CLM000591,lamp-broken350_jpg.rf.PntR0d4FGpNRKEqE93Hi.jpg,glass_break,Rear
CLM000591,lamp-broken350_jpg.rf.szr1OYOsFlcK7F7Ng4AJ.jpg,glass_break,Left
CLM000591,lamp-broken351_jpg.rf.oenPj6NJWAgGTVjeB8j1.jpg,smash,Right
CLM000592,lamp-broken351_jpg.rf.phhRP3Ws4hIdtDQXaxLe.jpg,smash,Front
CLM000592,lamp-broken351_jpg.rf.PkuHHyIG7luIArlbjr7J.jpg,smash,Rear
CLM000592,lamp-broken354_jpg.rf.RkfccOM7mAlXJNvaFq4j.jpg,smash,Left
CLM000592,lamp-broken354_jpg.rf.YImg1SlgojAMeMhSbW36.jpg,smash,Right
CLM000593,lamp-broken367_jpg.rf.SJ5XttL1R7kHpSx84dJR.jpg,glass_break,Front
CLM000593,lamp-broken371_jpg.rf.Czd3N4zl1BPHqEzAxvvz.jpg,smash,Rear
CLM000593,lamp-broken371_jpg.rf.DOI48yoXEeOjuut1GDOg.jpg,smash,Left
CLM000594,lamp-broken371_jpg.rf.TpQ85oPh3i0QwHaw4QNp.jpg,smash,Front
CLM000594,lamp-broken373_jpg.rf.g0KYJzshCUEjDSk4Kv4q.jpg,scratch,Rear
CLM000595,lamp-broken377_jpg.rf.koqV5NjFUxIDsetfbdPO.jpg,glass_break,Front
CLM000595,lamp-broken377_jpg.rf.Qc7vmXdDTL3PBQc8X7GA.jpg,glass_break,Rear
CLM000596,lamp-broken377_jpg.rf.ZLj9ZZV1V9SbfQvlB5WX.jpg,glass_break,Front
CLM000596,lamp-broken390_jpg.rf.dSoRE2My7OD8MSDtDxyv.jpg,glass_break,Rear
CLM000596,lamp-broken390_jpg.rf.ozFuFTYcCWPTEOK8mPvu.jpg,glass_break,Left
CLM000597,lamp-broken392_jpg.rf.DdyGwI6YKSp6hRsCqzeT.jpg,dent,Front
CLM000597,lamp-broken398_jpg.rf.gt4MJaZI79y6rgd2KV47.jpg,scratch,Rear
CLM000598,lamp-broken398_jpg.rf.MBiwbqbVlLWpMMQlT6ek.jpg,scratch,Front
CLM000598,lamp-broken398_jpg.rf.OaDqkqojvDQFfQCGg8OM.jpg,scratch,Rear
CLM000599,lamp-broken408_jpg.rf.1kNq8khqzZ0YJd9gyteT.jpg,glass_break,Front
CLM000599,lamp-broken408_jpg.rf.4nA05RAdKP0l8lKvkJTJ.jpg,glass_break,Rear
CLM000599,lamp-broken408_jpg.rf.8ZBgh6ZxezpWreFfOjOy.jpg,glass_break,Left
CLM000600,lamp-broken410_jpg.rf.lX9d7T1tbAJYpMTdZDiM.jpg,smash,Front
CLM000600,lamp-broken410_jpg.rf.NJORcYlPBmGvekK2J3HV.jpg,smash,Rear
CLM000600,lamp-broken410_jpg.rf.sEVTLMrgCAEqclWQqppt.jpg,smash,Left
CLM000601,lamp-broken411_png_jpg.rf.mZoGrlFywBkG7PLQblLI.jpg,smash,Front
CLM000601,lamp-broken411_png_jpg.rf.x6FyS01tJPI9HySKc5CS.jpg,smash,Rear
CLM000601,lamp-broken423_jpg.rf.lJF1lwXhGZQ4cW2IUvt7.jpg,smash,Left
CLM000602,lamp-broken435_jpg.rf.2ncZFitmxqK6knhpqLDR.jpg,scratch,Front
CLM000602,lamp-broken435_jpg.rf.gsqvwESYIPer6SVagiin.jpg,scratch,Rear
CLM000602,lamp-broken435_jpg.rf.IG2csDfSq7WM2ZETEjhI.jpg,scratch,Left
CLM000602,lamp-broken43_jpg.rf.1ilsgzlpir12uUkzLyMv.jpg,glass_break,Right
CLM000603,lamp-broken440_jpg.rf.STgMVGT38XUaCeV6mAqO.jpg,glass_break,Front
CLM000603,lamp-broken462_jpg.rf.FjeHTFQpA36b0UhdVovb.jpg,glass_break,Rear
CLM000603,lamp-broken462_jpg.rf.gXX50VLtNkbuES2PpGGp.jpg,glass_break,Left
CLM000604,lamp-broken462_jpg.rf.qscu2VJH6hq1vcg7Pith.jpg,glass_break,Front
CLM000604,lamp-broken465_jpg.rf.6L1MmiMrmxEviuH3j9MM.jpg,glass_break,Rear
CLM000605,lamp-broken465_jpg.rf.NUq3Rh8BVAflvMT6h9U9.jpg,glass_break,Front
CLM000605,lamp-broken482_png_jpg.rf.9HozHVCidYHS0c6g16XC.jpg,smash,Rear
CLM000605,lamp-broken482_png_jpg.rf.D2OmD1HFLZpJiGmThwAY.jpg,smash,Left
CLM000605,lamp-broken482_png_jpg.rf.Xnqen7Tmg0tvKenWKq8p.jpg,smash,Right
CLM000606,lamp-broken506_jpg.rf.IFWrAZgBw4K8OSun9aMU.jpg,scratch,Front
CLM000606,lamp-broken509_jpg.rf.QhQ3uwpAcX58dl9ezGUy.jpg,glass_break,Rear
CLM000606,lamp-broken509_jpg.rf.r6MEbqspUEcc5ihGq98x.jpg,glass_break,Left
CLM000606,lamp-broken516_jpg.rf.oOaJvAbhHOLUgED1PIag.jpg,glass_break,Right
CLM000607,lamp-broken521_jpg.rf.Dd26NrrSgGoiqVJKJMl8.jpg,scratch,Front
CLM000607,lamp-broken523_jpg.rf.BH7k46PFQJFMBHoWKZsX.jpg,glass_break,Rear
CLM000608,lamp-broken523_jpg.rf.bO6QMeGB5sGVV3DrJaV0.jpg,glass_break,Front
CLM000608,lamp-broken532_jpg.rf.DLNXF9O9qQhDGZHHuAJF.jpg,glass_break,Rear
CLM000608,lamp-broken532_jpg.rf.vzlqnssI5lw6AmnbiIki.jpg,glass_break,Left
CLM000609,lamp-broken534_jpg.rf.bWHvy57JQ5ienOCZ6QqR.jpg,glass_break,Front
CLM000609,lamp-broken548_jpg.rf.d8ZiYkL0egpFcc7hSo6G.jpg,smash,Rear
CLM000610,lamp-broken548_jpg.rf.pVrHCbI0fMWQQ72jH0cd.jpg,smash,Front
CLM000610,lamp-broken548_jpg.rf.tT4Nh4mBJGqVuHtJ9Nud.jpg,smash,Rear
CLM000610,lamp-broken556_jpg.rf.70QvA42prGsfkyp1hfJ9.jpg,glass_break,Left
CLM000610,lamp-broken556_jpg.rf.wsttUo9XxgL2J2c8C2KX.jpg,glass_break,Right
CLM000611,lamp-broken559_jpg.rf.3wmERdAro9ESPIWpu0OS.jpg,smash,Front
CLM000611,lamp-broken559_jpg.rf.jFkJAglXrgGCY4B7sp49.jpg,smash,Rear
CLM000611,lamp-broken559_jpg.rf.VdLj1UrBejKSdqjPRrX6.jpg,smash,Left
CLM000612,lamp-broken575_jpg.rf.AXAMuik7sURqO3UCcBte.jpg,smash,Front
CLM000612,lamp-broken575_jpg.rf.b4tj7yGiiLpNwjh93lkU.jpg,smash,Rear
CLM000612,lamp-broken578_jpg.rf.7Jyf6YZNTXV9SuuilArl.jpg,glass_break,Left
CLM000612,lamp-broken578_jpg.rf.VEAp1aClsIUSJsrfMtBL.jpg,glass_break,Right
CLM000613,lamp-broken583_jpg.rf.Vih3wTVsaeLIlpvRCDqt.jpg,scratch,Front
CLM000613,lamp-broken583_jpg.rf.vsv4i0v2UQ9igJzOPTIR.jpg,scratch,Rear
CLM000613,lamp-broken583_jpg.rf.wVKk9YhN2nVal1jXKKbV.jpg,scratch,Left
CLM000614,lamp-broken595_jpg.rf.FfgPP6msu8oM3lD5Fg5q.jpg,glass_break,Front
CLM000614,lamp-broken595_jpg.rf.MnQ1aycaNN7rEYWNOTjd.jpg,glass_break,Rear
CLM000615,lamp-broken595_jpg.rf.sPW2a5xYW5EKpNV1AoQf.jpg,glass_break,Front
CLM000615,lamp-broken597_jpg.rf.e1ZhpAiR7y8Jpwlhd8GN.jpg,glass_break,Rear
CLM000616,lamp-broken597_jpg.rf.PO517piZ5WUmLWHG0QjO.jpg,glass_break,Front
CLM000616,lamp-broken619_jpg.rf.cfdEolg551uJBDZUnhn4.jpg,dent,Rear
CLM000617,lamp-broken619_jpg.rf.TUOsjNr4H8bh7JmBbyQR.jpg,dent,Front
CLM000617,lamp-broken635_jpg.rf.6PG0dahvEDXSBCve4CO9.jpg,glass_break,Rear
CLM000617,lamp-broken635_jpg.rf.MAPoLwZ4E7Xt9eWoImCW.jpg,glass_break,Left
CLM000617,lamp-broken67_jpg.rf.mkbPfiuC3hSjsDXV422i.jpg,glass_break,Right
CLM000618,lamp-broken67_jpg.rf.uHaMpercfc37gBj5N0ln.jpg,glass_break,Front
CLM000618,lamp-broken67_jpg.rf.z5B0Bx1d0OJA2IHV8KZI.jpg,glass_break,Rear
CLM000618,lamp-broken6_JPG_jpg.rf.3QMU8C8jTe4xz7QMxuMb.jpg,dent,Left
CLM000618,lamp-broken6_JPG_jpg.rf.h55SKnACzrRTgMCa3tv4.jpg,dent,Right
CLM000619,lamp-broken85_jpg.rf.aMJ5DsQhweeWuxeXUG6J.jpg,scratch,Front
CLM000619,lamp-broken86_jpg.rf.KdUXIdOz03eenUOixvld.jpg,dent,Rear
CLM000620,lamp-broken86_jpg.rf.p6oi5cnEfLKAO3SN5xYV.jpg,dent,Front
CLM000620,lamp-broken87_jpg.rf.6vSBEo0fzWvip6ps8vlg.jpg,glass_break,Rear
CLM000620,lamp-broken87_jpg.rf.UEWXnXaLrkCzcRdDeJeY.jpg,glass_break,Left
CLM000620,lamp-broken87_jpg.rf.VbBmZWJ7XYTgSjB3Syn6.jpg,glass_break,Right
CLM000621,lamp-broken98_jpg.rf.J37OtjyGtiaEaJziJpQz.jpg,scratch,Front
CLM000621,lamp-broken98_jpg.rf.qoXqphdJg4N2EekRoAjP.jpg,scratch,Rear
CLM000621,rear-bumper-scratches-3_jpg.rf.PpYwF5Ru53eUaaKYCXLf.jpg,scratch,Left
CLM000621,rear-bumper-scratches-3_jpg.rf.YavccJguLhsm9QHmxwcF.jpg,scratch,Right
CLM000622,scratch-on-car-images-taillamp-side73_jpg.rf.0xUFLpMCOhWMxtOS1Kl5.jpg,scratch,Front
CLM000622,scratch-on-car-images-taillamp-side73_jpg.rf.tcb8YH2JD0Q6wZzAqryX.jpg,scratch,Rear
CLM000622,scratch-on-car-images-taillamp-side73_jpg.rf.xoxAQEJ5UwGauPnPCMzS.jpg,scratch,Left
CLM000622,scratch105_jpg.rf.8mlmfrFxizvEC1t7w5qD.jpg,scratch,Right
CLM000623,scratch105_jpg.rf.ZRlFzVEMCmuBZV6ZDgEo.jpg,scratch,Front
CLM000623,scratch110_jpg.rf.56QtfEt1ExJVE3dnHUwK.jpg,scratch,Rear
CLM000623,scratch110_jpg.rf.yRu9iSTjPIfd5oc9Ubtd.jpg,scratch,Left
CLM000624,scratch130_jpg.rf.1voMDCKhoBzw54ga722i.jpg,scratch,Front
CLM000624,scratch130_jpg.rf.QWEtp0BskkoM9bkjU9yj.jpg,scratch,Rear
CLM000624,scratch156_jpg.rf.iFA7GEEH2k6WCYC4HdhL.jpg,smash,Left
CLM000625,scratch173_jpg.rf.6ds2fni8t39m4KCRB5vv.jpg,scratch,Front
CLM000625,scratch173_jpg.rf.lvCm6xltt9NU5MxccZnO.jpg,scratch,Rear
CLM000625,scratch173_jpg.rf.t8NqAHldG8QGcDAvedhx.jpg,scratch,Left
CLM000626,scratch189_jpg.rf.AhF613tT41ICbaiQ6d3d.jpg,scratch,Front
CLM000626,scratch189_jpg.rf.ce5u5CPQr3uXncd2cdxd.jpg,scratch,Rear
CLM000626,scratch189_jpg.rf.YhCH7VYJyu75sXy58cyY.jpg,scratch,Left
CLM000626,scratch192_jpg.rf.pABu3rQ07TOASIFyoNOV.jpg,scratch,Right
CLM000627,scratch214_jpg.rf.33COTlJ2aseSMv7Dz8F6.jpg,scratch,Front
CLM000627,scratch214_jpg.rf.Rae1xtd5FM2RHUZxrKyj.jpg,scratch,Rear
CLM000627,scratch214_jpg.rf.zZgZ1ngMoy2N7RKCRAj5.jpg,scratch,Left
CLM000627,scratch231_jpg.rf.NfLoPpkPecxr2vqfQEsb.jpg,scratch,Right
CLM000628,scratch242_jpg.rf.5zqZViLRvEYjNBLWR3ZM.jpg,scratch,Front
CLM000628,scratch242_jpg.rf.UIdl8c54NMccWayufVa5.jpg,scratch,Rear
CLM000628,scratch243_jpg.rf.hn2uVRQYNTUO85UfEBFj.jpg,smash,Left
CLM000628,scratch243_jpg.rf.jwgtizMV0YZMfssR4Kw6.jpg,smash,Right
CLM000629,scratch256_jpg.rf.JDm9PNCgL7GUClvwiuRE.jpg,scratch,Front
CLM000629,scratch256_jpg.rf.nef8HuxKMtM29Hqqnloi.jpg,scratch,Rear
CLM000629,scratch261_jpg.rf.1qhhqZjl3NUB68Nl5pyf.jpg,scratch,Left
CLM000630,scratch261_jpg.rf.lSnfhIi3stC2xTvjvC9O.jpg,scratch,Front
CLM000630,scratch261_jpg.rf.S8tQMmCoif97ypBhzbUn.jpg,scratch,Rear
CLM000630,scratch281_jpg.rf.LNbuqPcGM0v29gxbP2wO.jpg,scratch,Left
CLM000631,scratch281_jpg.rf.QUL4WOMVVN2QDbNcuUKo.jpg,scratch,Front
CLM000631,scratch287_jpg.rf.qTdWHwx9O6MygOdnKWd4.jpg,scratch,Rear
CLM000632,scratch287_jpg.rf.TdSLLXKKsK8XkhSswYKN.jpg,scratch,Front
CLM000632,scratch288_jpg.rf.gjNat8QQ71erctS1d0AB.jpg,scratch,Rear
CLM000632,scratch288_jpg.rf.kLWvcGxuJN0V5sVdHHBG.jpg,scratch,Left
CLM000632,scratch288_jpg.rf.w3MiOTFwZtgdA8Yf4Wwi.jpg,scratch,Right
CLM000633,scratch290_jpg.rf.1mvnHGMxpCHjSjlDVuuz.jpg,scratch,Front
CLM000633,scratch290_jpg.rf.CLfMJFp71pA5w9Hd82IT.jpg,scratch,Rear
CLM000633,scratch290_jpg.rf.lmR5ARgpZU770PSOYVSz.jpg,scratch,Left
CLM000634,scratch316_jpg.rf.2thrnRpad18WzhFUEYx7.jpg,scratch,Front
CLM000634,scratch316_jpg.rf.7D0ksaBTxB1blWBpBaU0.jpg,scratch,Rear
CLM000634,scratch324_jpg.rf.KHo0J2iFlfnCPZTDhBJU.jpg,scratch,Left
CLM000634,scratch324_jpg.rf.KRrPWYkQ1DMFXuKunyhr.jpg,scratch,Right
CLM000635,scratch331_jpg.rf.IznX4RCp7YCFWpiMDwCy.jpg,scratch,Front
CLM000635,scratch331_jpg.rf.QqcTWImcjmgj8wfgEz6J.jpg,scratch,Rear
CLM000635,scratch338_jpg.rf.0FS9Ms2tbA1xOvmjxeHs.jpg,scratch,Left
CLM000635,scratch338_jpg.rf.c4TIxhVVmMJ82MphxHMn.jpg,scratch,Right
CLM000636,scratch338_jpg.rf.tJOzyrY9iwNVi8IhQaNB.jpg,scratch,Front
CLM000636,scratch364_jpg.rf.5WeDxm8bN0cRBfxlbywO.jpg,scratch,Rear
CLM000637,scratch364_jpg.rf.e0YpiqbxwPA92Co9m1wD.jpg,scratch,Front
CLM000637,scratch382_jpg.rf.yjTQZS8rzf0aRSjXSKZZ.jpg,scratch,Rear
CLM000638,scratch385_jpg.rf.K15Pgp4oWDazFImA4ZWR.jpg,scratch,Front
CLM000638,scratch385_jpg.rf.ke2KDYBkkccXfXt2b3cM.jpg,scratch,Rear
CLM000638,scratch391_jpg.rf.6ygV0sLUvFxmK5oO6mhn.jpg,scratch,Left
CLM000639,scratch391_jpg.rf.jtp2mdakfQ4PuGJCipMX.jpg,scratch,Front
CLM000639,scratch391_jpg.rf.ZSWuxOVjapaYPo0Tpe5Z.jpg,scratch,Rear
CLM000639,scratch44_jpg.rf.LjRWvfScyIIwDWCosHxT.jpg,scratch,Left
CLM000639,scratch44_jpg.rf.vrqT6ZoLCOPTgwn0kuwW.jpg,scratch,Right
CLM000640,scratch459_jpg.rf.6pJPhcIGHwwjXn5fIizH.jpg,scratch,Front
CLM000640,scratch459_jpg.rf.h7pW1EQ8pLKfTKfhmkiX.jpg,scratch,Rear
CLM000640,scratch459_jpg.rf.OMJqZ9weFMH2UzXohhEc.jpg,scratch,Left
CLM000641,scratch476_jpg.rf.85bs6hQkv15NLtbO29Me.jpg,scratch,Front
CLM000641,scratch476_jpg.rf.OmH8YckhGA8SkCi4TaTD.jpg,scratch,Rear
CLM000642,scratch480_jpg.rf.85A5HoPK0vjUOTrnMiUP.jpg,scratch,Front
CLM000642,scratch480_jpg.rf.gNOz2a2ZyEXYD1co3SQc.jpg,scratch,Rear
CLM000642,scratch480_jpg.rf.X7CZnpItfqXxZHqY1u5T.jpg,scratch,Left
CLM000643,scratch483_jpg.rf.0gKurpGW93D7fWKN6WMF.jpg,scratch,Front
CLM000643,scratch483_jpg.rf.wqNO5epyQAAamM6UOY05.jpg,scratch,Rear
CLM000643,scratch488_jpg.rf.4fRXwnqVGyRnloIwTXxB.jpg,scratch,Left
CLM000644,scratch488_jpg.rf.pMc04SVBr5IUP2EPxGZt.jpg,scratch,Front
CLM000644,scratch502_jpg.rf.NTPd0LzbyChYMTIauVam.jpg,scratch,Rear
CLM000644,scratch502_jpg.rf.Pq2XYcdwoQHkd6DUc4WB.jpg,scratch,Left
CLM000645,scratch513_jpg.rf.2EaeCf5WCzuDhSlpF5EL.jpg,scratch,Front
CLM000645,scratch513_jpg.rf.E6GHZxxqWQ6d9KfFqhlC.jpg,scratch,Rear
CLM000645,scratch513_jpg.rf.mx9Ntvg8JbtiSgge6Wlo.jpg,scratch,Left
CLM000646,scratch52_jpg.rf.V2eCDA5UUvLudFEpyvKP.jpg,scratch,Front
CLM000646,scratch531_jpg.rf.i6zlocpKqh3n5hHQtK2T.jpg,scratch,Rear
CLM000646,scratch531_jpg.rf.kdbmbTJavGnBJjt9l79N.jpg,scratch,Left
CLM000647,scratch531_jpg.rf.wUxgi8OCDmL5TaSHKa69.jpg,scratch,Front
CLM000647,scratch542_jpg.rf.HElQcloogerQhKMigng9.jpg,scratch,Rear
CLM000647,scratch542_jpg.rf.lgJ311IkQqOL0IrxYDD6.jpg,scratch,Left
CLM000647,scratch542_jpg.rf.w2RtN6jHWvgA5hiQWaly.jpg,scratch,Right
CLM000648,scratch549_jpg.rf.4f7gRuoDl5B6JYazERi2.jpg,scratch,Front
CLM000648,scratch549_jpg.rf.UXj8lvihBbzTRVmv0i4J.jpg,scratch,Rear
CLM000648,scratch549_jpg.rf.vl9c1JDzTkuoVNZunBHW.jpg,scratch,Left
CLM000649,scratch560_jpg.rf.kl0VOpqdxtwLEN3InWlV.jpg,scratch,Front
CLM000649,scratch560_jpg.rf.SxiTO6fqmBoe7qMXjC1d.jpg,scratch,Rear
CLM000650,scratch560_jpg.rf.ZzJujWbcEt1OndGJZPLA.jpg,scratch,Front
CLM000650,scratch566_jpg.rf.FbCKP8SFM7YO27qqEI3f.jpg,scratch,Rear
CLM000651,scratch566_jpg.rf.H7iRuL95m3m903xLPqdz.jpg,scratch,Front
CLM000651,scratch566_jpg.rf.NHf1RuI8l59ehowbxoDW.jpg,scratch,Rear
CLM000651,scratch571_jpg.rf.aEfN4FHMSKa4IR9pr5wY.jpg,scratch,Left
CLM000652,scratch571_jpg.rf.g7gNUSN5hzo96bEQZk2G.jpg,scratch,Front
CLM000652,scratch571_jpg.rf.tEaaNRBoSGbDz6hNeXzR.jpg,scratch,Rear
CLM000652,scratch579_jpg.rf.Ft0M0RVNyNbvq8UvIKqR.jpg,scratch,Left
CLM000652,scratch579_jpg.rf.me3GVG0UZb1FhAue8EJQ.jpg,scratch,Right
CLM000653,scratch58_jpg.rf.9VXz9qIDjOowEBwbOVyM.jpg,scratch,Front
CLM000653,scratch58_jpg.rf.Lb9v3wqp98PB7Q9xa25y.jpg,scratch,Rear
CLM000654,scratch602_jpg.rf.4vAL9Zi8Q05h1hol4aau.jpg,scratch,Front
CLM000654,scratch602_jpg.rf.cyB9DnKX76hXu0ygwQ8F.jpg,scratch,Rear
CLM000655,scratch604_jpg.rf.7P3oBrWlNgRDteJxDaaH.jpg,scratch,Front
CLM000655,scratch604_jpg.rf.beENcSJY6QuE1B8WTLHD.jpg,scratch,Rear
CLM000656,scratch604_jpg.rf.MaqPSdqxGByiSxLKvtrp.jpg,scratch,Front
CLM000656,scratch86_jpg.rf.dOnNgNaGAZhdQwR2aRia.jpg,scratch,Rear
CLM000656,scratch86_jpg.rf.NybvoWfaLbJ4XOfs5fT3.jpg,scratch,Left
CLM000657,scratch93_png_jpg.rf.4ocKzz6AdNP8exBQFR97.jpg,scratch,Front
CLM000657,scratch93_png_jpg.rf.6J9roWjb6dS91kH4MbN5.jpg,scratch,Rear
CLM000657,Screen-Shot-2021-09-09-at-15-57-52_png_jpg.rf.kdtVDeot43Cwy2D71Phh.jpg,scratch,Left
CLM000657,Screen-Shot-2021-09-09-at-15-57-52_png_jpg.rf.VzaqZFDyLAoh2wdiWfBw.jpg,scratch,Right
CLM000658,Screen-Shot-2021-09-09-at-15-58-00_png_jpg.rf.M3N1yh0deRXDkY3bNiH1.jpg,glass_break,Front
CLM000658,Screen-Shot-2021-09-09-at-15-58-00_png_jpg.rf.QNhs3OZtPGBoQXT0WS4D.jpg,glass_break,Rear
CLM000658,Screen-Shot-2021-09-09-at-15-58-04_png_jpg.rf.TdCspPu3pgNvsLYsjqnq.jpg,glass_break,Left
CLM000658,Screen-Shot-2021-09-09-at-15-58-04_png_jpg.rf.v49v3CWNCgJ5xr0ciofr.jpg,glass_break,Right
CLM000659,Screen-Shot-2021-09-09-at-15-58-59_png_jpg.rf.9kazogmdesoowbcL7Dbj.jpg,glass_break,Front
CLM000659,Screen-Shot-2021-09-09-at-15-58-59_png_jpg.rf.FrK3en5dah9dbUvjmUSd.jpg,glass_break,Rear
CLM000660,Screen-Shot-2021-09-09-at-15-58-59_png_jpg.rf.sCz0t6PvFbIqYcIgqeJg.jpg,glass_break,Front
CLM000660,Screen-Shot-2021-09-09-at-16-00-54_png_jpg.rf.shqBHjw5POyQk4rblE6f.jpg,glass_break,Rear
CLM000660,Screen-Shot-2021-09-09-at-16-02-07_png_jpg.rf.hxZZwo0AuUJxBovmdZnB.jpg,glass_break,Left
CLM000661,Screen-Shot-2021-09-09-at-16-02-07_png_jpg.rf.yGO9riwgY7oAQ7EwSBKn.jpg,glass_break,Front
CLM000661,Screen-Shot-2021-09-09-at-16-02-07_png_jpg.rf.zRLN2rhKWFgsQeXoo6DA.jpg,glass_break,Rear
CLM000661,Screen-Shot-2021-09-09-at-16-03-26_png_jpg.rf.UeJMpTGJRTwubZiBOXRp.jpg,glass_break,Left
CLM000662,Screen-Shot-2021-09-09-at-16-04-30_png_jpg.rf.HKx0Lujadv5F6teGhiQ7.jpg,glass_break,Front
CLM000662,Screen-Shot-2021-09-09-at-16-04-30_png_jpg.rf.jf3HAYtoPK6roPmxFn6Y.jpg,glass_break,Rear
CLM000663,Screen-Shot-2021-09-09-at-16-05-18_png_jpg.rf.egtQyfPvM6MRcZlFl0VJ.jpg,glass_break,Front
CLM000663,Screen-Shot-2021-09-09-at-16-05-18_png_jpg.rf.ZGNoEU6tS9ovHo9RQ4FW.jpg,glass_break,Rear
CLM000664,Screen-Shot-2021-09-09-at-16-06-07_png_jpg.rf.fdpV4ugSaYcY0Iq6RmKc.jpg,glass_break,Front
CLM000664,Screen-Shot-2021-09-09-at-16-06-07_png_jpg.rf.lQ8HtM938XLCgFLQ9diz.jpg,glass_break,Rear
CLM000664,Screen-Shot-2021-09-09-at-16-06-07_png_jpg.rf.ubiIp59tGa9G5UUMnrxJ.jpg,glass_break,Left
CLM000664,Screen-Shot-2021-09-09-at-16-06-51_png_jpg.rf.WKa7BrDXrYAyIq4YPDH5.jpg,glass_break,Right
CLM000665,Screen-Shot-2021-09-09-at-16-07-25_png_jpg.rf.VI24MEI3NW1ckb2UiaTB.jpg,scratch,Front
CLM000665,Screen-Shot-2021-09-09-at-16-07-25_png_jpg.rf.xiOXx0mma9rDylfVrROU.jpg,scratch,Rear
CLM000665,stock-photo-a-car-has-a-dented-rear-bumper-after-an-accident-254778655_jpg.rf.gv4zMa6VPZewNK4s5kGY.jpg,smash,Left
CLM000665,stock-photo-a-car-has-a-dented-rear-bumper-after-an-accident-254778655_jpg.rf.VzAaFu0iP20EVohGZ7fQ.jpg,smash,Right
CLM000666,stock-photo-a-gray-car-with-a-dented-rear-bumper-that-is-held-together-with-duct-tape-1666658197_jpg.rf.0sppd5QDExu8GzHKIZY5.jpg,dent,Front
CLM000666,stock-photo-a-gray-car-with-a-dented-rear-bumper-that-is-held-together-with-duct-tape-1666658197_jpg.rf.hafV4pyRQv7iNYweRrHj.jpg,dent,Rear
CLM000666,stock-photo-a-gray-car-with-a-dented-rear-bumper-that-is-held-together-with-duct-tape-1666658197_jpg.rf.kI51NXXxNmCU3csE0ngD.jpg,dent,Left
CLM000667,stock-photo-accident-damage-to-the-rear-of-a-car-16191799_jpg.rf.1JLOSl7WVHz1Nfn5QCcK.jpg,dent,Front
CLM000667,stock-photo-accident-damage-to-the-rear-of-a-car-16191799_jpg.rf.8XBKpCIgo3eLnOmG8ouJ.jpg,dent,Rear
CLM000667,stock-photo-accident-damage-to-the-rear-of-a-car-16191799_jpg.rf.V1eNJXGJfGoqp1CGkrvE.jpg,dent,Left
CLM000668,stock-photo-backside-of-silver-car-get-damaged-by-accident-1061842349_jpg.rf.ShqxkpxXDOYwTh2jHvuf.jpg,dent,Front
CLM000668,stock-photo-car-body-side-damage-after-an-road-traffic-accident-copy-space-1034226592_jpg.rf.Uo6D8WDEDsj6mHBh0vBh.jpg,scratch,Rear
CLM000669,stock-photo-car-is-broken-back-bumper-headlight-body-and-wheels-broken-1150080605_jpg.rf.7SumnjTZvDhkPXjQ5Q0r.jpg,smash,Front
CLM000669,stock-photo-car-is-broken-back-bumper-headlight-body-and-wheels-broken-1150080605_jpg.rf.MauESNpXSNSbsjv6NRXd.jpg,smash,Rear
CLM000670,stock-photo-close-up-rear-bumper-of-the-car-is-dented-from-a-car-accident-1509278543_jpg.rf.7IVCPBqmCO7M1lp4nJNL.jpg,scratch,Front
CLM000670,stock-photo-close-up-rear-bumper-of-the-car-is-dented-from-a-car-accident-1509278543_jpg.rf.83gZRMccuPSlq3FhAPEv.jpg,scratch,Rear
CLM000670,stock-photo-scene-after-a-car-crashed-on-th-april-in-wath-upon-dearne-rotherham-south-yorkshire-england-617116979_jpg.rf.ffEpzA2i6Ntrns6ESp6Q.jpg,smash,Left
CLM000670,stock-photo-scene-after-a-car-crashed-on-th-april-in-wath-upon-dearne-rotherham-south-yorkshire-england-617116979_jpg.rf.RuHZvozulDSOtswWNEI0.jpg,smash,Right
CLM000671,stock-photo-scene-after-a-car-crashed-on-th-april-in-wath-upon-dearne-rotherham-south-yorkshire-england-617116979_jpg.rf.UmV7Ot773KYcc1P87Grt.jpg,smash,Front
CLM000671,stock-photo-scratch-abrasion-on-car-front-bumper-due-to-minor-accident-1626194344_jpg.rf.7VrrlTCsqJtjcorRWJ9W.jpg,scratch,Rear
CLM000672,stock-photo-scratch-abrasion-on-car-front-bumper-due-to-minor-accident-1626194344_jpg.rf.HPS2bGzaGJaUZVSB0fyp.jpg,scratch,Front
CLM000672,stock-photo-scratch-abrasion-on-car-front-bumper-due-to-minor-accident-1626194344_jpg.rf.nNDxrzx2B5wUKsTGqtGF.jpg,scratch,Rear
CLM000673,stock-photo-scratch-abrasion-on-car-front-bumper-due-to-minor-accident-1626194347_jpg.rf.1rpY9N5UMiopquXMcueT.jpg,scratch,Front
CLM000673,stock-photo-scratch-abrasion-on-car-front-bumper-due-to-minor-accident-1626194347_jpg.rf.DFN6xx0efCy9iB8pMnXT.jpg,scratch,Rear
CLM000673,stock-photo-scratch-abrasion-on-car-front-bumper-due-to-minor-accident-1626194347_jpg.rf.TYMOxQuYoOvbekS0Pkp0.jpg,scratch,Left
CLM000674,stock-photo-scratch-the-car-s-front-bumper-traces-that-often-occur-in-many-cars-because-it-is-an-area-where-1742442104_jpg.rf.fAgz4jkPMislFiUlYMdR.jpg,scratch,Front
CLM000674,stock-photo-scratch-the-car-s-front-bumper-traces-that-often-occur-in-many-cars-because-it-is-an-area-where-1742442104_jpg.rf.I4OTociqG2xn22LYUso8.jpg,scratch,Rear
CLM000674,stock-photo-scratches-on-a-car-front-bumper-1689972949_jpg.rf.7uWgCxhP7zHNqnNJcX3O.jpg,scratch,Left
CLM000675,stock-photo-scratches-on-a-car-front-bumper-1689972949_jpg.rf.IH3Z60PJYkoKgsZxpYSy.jpg,scratch,Front
CLM000675,stock-photo-scratches-on-a-car-front-bumper-1689972949_jpg.rf.pohbedmV5fQUHbRk9jIZ.jpg,scratch,Rear
CLM000675,stock-photo-the-car-after-the-accident-broken-car-on-the-road-the-body-of-the-car-is-damaged-as-a-result-of-1744834199_jpg.rf.4PSNXRoNlWBuQiDuY3wZ.jpg,smash,Left
CLM000676,stock-photo-the-car-after-the-accident-broken-car-on-the-road-the-body-of-the-car-is-damaged-as-a-result-of-1744834199_jpg.rf.8tIMUUOow3BpJN22PCEx.jpg,smash,Front
CLM000676,stock-photo-the-car-after-the-accident-broken-car-on-the-road-the-body-of-the-car-is-damaged-as-a-result-of-1744834199_jpg.rf.ASzH2ZlnpZtww48S5zD2.jpg,smash,Rear
CLM000676,trainDamage-50-_jpg.rf.9nvCsxKnlMoHSMEbxm2U.jpg,scratch,Left
CLM000676,trainDamage-50-_jpg.rf.q90C5HfnoaN4S6OlbBe1.jpg,scratch,Right
CLM000677,trainDamage-50-_jpg.rf.ts7bagLXO1Pnzo8OqOHB.jpg,scratch,Front
CLM000677,trainDamage-92-_jpg.rf.oOvV8gqNHD7izfMnKgWS.jpg,dent,Rear
CLM000677,trainScratch-39-_jpg.rf.yvXZIZah4pw6zk7TxiDG.jpg,scratch,Left
CLM000678,trainScratch-44-_jpg.rf.aPTOBajPUQ2uTaUMsGhM.jpg,scratch,Front
CLM000678,trainScratch-49-_jpg.rf.AgF6IRklqRWAsazKDIJ1.jpg,scratch,Rear
CLM000679,trainScratch-49-_jpg.rf.jtw3CN3aqXKG9DOaeY3F.jpg,scratch,Front
CLM000679,trainScratch-52-_jpg.rf.e7fBAw7cJPefPdJz1qp7.jpg,scratch,Rear
CLM000680,trainScratch-52-_jpg.rf.gZbfMOGkjqf5zbbPieby.jpg,scratch,Front
CLM000680,trainScratch-54-_jpg.rf.JxMFLZNpxKoAjlwMoZqA.jpg,scratch,Rear
CLM000680,trainScratch-54-_jpg.rf.Uba0K0R5xiCxrDt9g14m.jpg,scratch,Left
CLM000681,trainScratch-54-_jpg.rf.ZdSmMzHLjt1gA0PlfnXd.jpg,scratch,Front
CLM000681,trainScratch-56-_jpg.rf.JMwoa1TmSbPbJOTzWDz3.jpg,scratch,Rear
CLM000681,trainScratch-57-_jpg.rf.0kLKkGc0Xu1Geu60BPjr.jpg,scratch,Left
CLM000682,trainScratch-57-_jpg.rf.i0RycyI4dgnxCfn54wBa.jpg,scratch,Front
CLM000682,trainScratch-57-_jpg.rf.ypgVjJh4Jh7kVD38pBf3.jpg,scratch,Rear
CLM000682,trainScratch-58-_jpg.rf.QkP9PUh0ykDmqcTUfngB.jpg,scratch,Left
CLM000682,trainScratch-58-_jpg.rf.S58dNMSHvlESzxU4DwHH.jpg,scratch,Right
CLM000683,trainScratch-58-_jpg.rf.yY01OWn38HKpIGoN2Xy7.jpg,scratch,Front
CLM000683,trainScratch-60-_jpg.rf.mmy3JchjvQ7X0adSOmaD.jpg,scratch,Rear
CLM000684,trainScratch-62-_jpg.rf.ltWQK9NH0ELKfoUbKcmR.jpg,scratch,Front
CLM000684,trainScratch-62-_jpg.rf.nD93A8KGiA4biXZjNhKh.jpg,scratch,Rear
CLM000684,trainScratch-62-_jpg.rf.OYJCb65bToKZxv4VcSOB.jpg,scratch,Left
CLM000684,trainScratch-63-_jpg.rf.8anoa0ElHqvYWYPnLl7w.jpg,scratch,Right
CLM000685,trainScratch-63-_jpg.rf.Zt2Sf6WWlsSptWPdVAxt.jpg,scratch,Front
CLM000685,trainScratch-64-_jpg.rf.DzH7lMPojVDoX7pX9Yj2.jpg,scratch,Rear
CLM000686,trainScratch-65-_jpg.rf.DiyLNYJXM3Wr8tXgubmi.jpg,scratch,Front
CLM000686,trainScratch-66-_jpg.rf.4bjYUljKxq9CXmBTmxjE.jpg,scratch,Rear
CLM000686,trainScratch-66-_jpg.rf.yLMVjazjphuvym8SoHFF.jpg,scratch,Left
CLM000687,trainScratch-66-_jpg.rf.yZrVApFkJuEx7T1tL9rq.jpg,scratch,Front
CLM000687,trainScratch-68-_jpg.rf.U2HcdyNf8qoFeuxREVV9.jpg,scratch,Rear
CLM000687,trainScratch-69-_jpg.rf.AkjDPXyPn7bHzwzvCBWS.jpg,scratch,Left
CLM000687,trainScratch-69-_jpg.rf.bwLXXmuF21SMLMWauOmq.jpg,scratch,Right
CLM000688,trainScratch-70-_jpg.rf.ac1vHOU9vX9CCqa1AaJL.jpg,scratch,Front
CLM000688,trainScratch-71-_jpg.rf.Cx3Mrc3MDdKUeGWdNmwf.jpg,scratch,Rear
CLM000689,trainScratch-71-_jpg.rf.Jd5RPA2eSyTRnshoNZ1l.jpg,scratch,Front
CLM000689,trainScratch-72-_jpg.rf.1grzBRsmcyiWXdqhTEoK.jpg,scratch,Rear
CLM000690,trainScratch-72-_jpg.rf.aLpdJ0ZrLAEKJsZM49D3.jpg,scratch,Front
CLM000690,trainScratch-72-_jpg.rf.wu7BPWCqCu29IYzCDwY5.jpg,scratch,Rear
CLM000690,trainScratch-73-_jpg.rf.GphK25ZIAKRxt8OY5xxo.jpg,scratch,Left
CLM000691,trainScratch-73-_jpg.rf.NSVEt6LiX0GxXOvU8lbl.jpg,scratch,Front
CLM000691,trainScratch-73-_jpg.rf.ZizGtWftKjj6rV2odmqh.jpg,scratch,Rear
CLM000691,trainScratch-74-_jpg.rf.GMJRJ3yT155XFxr6uDIC.jpg,scratch,Left
CLM000691,trainScratch-75-_jpg.rf.bggB76zzTTiAL5p4gJpp.jpg,scratch,Right
CLM000692,trainScratch-75-_jpg.rf.e6A2fylGOwXDF7E6MVHw.jpg,scratch,Front
CLM000692,trainScratch-75-_jpg.rf.pT7C00p3SvrY1M1eBpZX.jpg,scratch,Rear
CLM000693,trainScratch-78-_jpg.rf.BDCVcTUDvIumyL8ElkOg.jpg,scratch,Front
CLM000693,trainScratch-79-_jpg.rf.QaajwPcSGD3zo6dVMbBC.jpg,scratch,Rear
CLM000693,trainScratch-8-_jpg.rf.CrPKUwRtpZ0yrA9xqRLa.jpg,scratch,Left
CLM000693,trainScratch-8-_jpg.rf.KKOy1UEtNpPvp74SDbgB.jpg,scratch,Right
CLM000694,trainScratch-8-_jpg.rf.nQM336XHa56gJa9HC2r5.jpg,scratch,Front
CLM000694,trainScratch-80-_jpg.rf.FWz6XLlyiBdnSD3b2sVJ.jpg,scratch,Rear
CLM000694,trainScratch-80-_jpg.rf.nJ7UCC4n943GDEJRcZhd.jpg,scratch,Left
CLM000694,trainScratch-82-_jpg.rf.BvucJy865uZICjJwzXYS.jpg,scratch,Right
CLM000695,trainScratch-82-_jpg.rf.MEomDxwjHFnj5WjKu4Wi.jpg,scratch,Front
CLM000695,trainScratch-83-_jpg.rf.DR2CirsqsogMZCtpysmY.jpg,scratch,Rear
CLM000695,trainScratch-83-_jpg.rf.nuanoL9u5TUoIuABr5BF.jpg,scratch,Left
CLM000696,trainScratch-84-_jpg.rf.eeYGniyDyYerMf2UEdbX.jpg,scratch,Front
CLM000696,trainScratch-84-_jpg.rf.lMUfIyJcoDkjke18CMpj.jpg,scratch,Rear
CLM000696,trainScratch-85-_jpg.rf.CklnDFZBhHS2RW8pzHNC.jpg,scratch,Left
CLM000697,trainScratch-85-_jpg.rf.ew9t4e56RV5oG7A3KZVQ.jpg,scratch,Front
CLM000697,trainScratch-85-_jpg.rf.TDp4UqsI3I6GmzaB4Z2j.jpg,scratch,Rear
CLM000697,trainScratch-87-_jpg.rf.ubm8qGXu2BJMoMxj6HHi.jpg,scratch,Left
CLM000698,trainScratch-9-_jpg.rf.kVUaJBPc3n7iSwoBdUIa.jpg,scratch,Front
CLM000698,trainScratch-9-_jpg.rf.mO4Qzr4WkKT7d3dMLO6W.jpg,scratch,Rear
CLM000698,trainScratch-9-_jpg.rf.NmPz1rlKTQGOFfrpignU.jpg,scratch,Left
CLM000698,verso-2070099021_jpg.rf.cDfNXhyGgoIWBLlE73gM.jpg,smash,Right
CLM000699,verso-2070099021_jpg.rf.IowBFg3qECgvu5b06NHw.jpg,smash,Front
CLM000699,0001_JPEG.rf.9c1GEkqX4Xxg5qzdrVi0.JPEG,glass_break,Rear
CLM000699,0001_jpeg_jpg.rf.h1SJCjGNBQYzort0t31P.jpg,smash,Left
CLM000699,0003_JPEG.rf.d3vOTWauMkX1UScCbpiw.JPEG,dent,Right
CLM000700,0027_JPEG.rf.SeJDw6jP7RmAm0DM03wJ.JPEG,scratch,Front
CLM000700,0029_JPEG.rf.KWI2eSjrUSPkJtDdNnOB.JPEG,scratch,Rear
CLM000700,0031_JPEG.rf.KZlA7MPYdRwTKjrEtgG3.JPEG,scratch,Left
CLM000700,0034_JPEG.rf.sDIvI81Db6pqyoOEKqGw.JPEG,scratch,Right
CLM000701,0044_JPEG.rf.OYwo4T7YTrueHVggLoiX.JPEG,glass_break,Front
CLM000701,0045_JPEG.rf.yod967PxSFPj1eebiDr9.JPEG,glass_break,Rear
CLM000701,0048_JPEG.rf.BnoXJA5aiCORlVaOFFfY.JPEG,glass_break,Left
CLM000702,0055_JPEG.rf.nDTqQNjmAdvqLj7rdfnF.JPEG,scratch,Front
CLM000702,0055_JPEG_jpg.rf.9MvqtNrV1BpAOI9sFvDe.jpg,smash,Rear
CLM000702,0058_JPEG.rf.7EIvdlNoppYao81rYZxe.JPEG,glass_break,Left
CLM000702,0067_JPEG.rf.tpff6UDfNnrkazHghXCs.JPEG,glass_break,Right
CLM000703,0068_JPEG.rf.5MqLIQxWBjF6U2Z0rmWZ.JPEG,scratch,Front
CLM000703,0069_JPEG.rf.bD4bgD9jJiROm4kZjV2H.JPEG,smash,Rear
CLM000703,0089_JPEG.rf.i1bkhX1DfwCoEW7CjzgE.JPEG,glass_break,Left
CLM000704,0106_JPEG.rf.aaFkR6B7EoMhweV5LVsm.JPEG,glass_break,Front
CLM000704,0122_JPEG_jpg.rf.ByPtircdWwjvsDeu6JWd.jpg,smash,Rear
CLM000704,0123_JPEG.rf.yQAwzFBWrUbjJtz1GCCE.JPEG,dent,Left
CLM000704,0139_JPEG.rf.Xrhr23W7pVFpjSNjdQhO.JPEG,dent,Right
CLM000705,0152_jpeg.rf.0BrVcQrh5fgmJ5hFZahO.jpeg,dent,Front
CLM000705,0163_JPEG_jpg.rf.3YUBwvwracUPWy2k1HCX.jpg,glass_break,Rear
CLM000705,0167_JPEG.rf.CEeRQqt1PWks9IDL528S.JPEG,smash,Left
CLM000706,0175_JPEG_jpg.rf.o55ykoyNPFgJ3Pf8pD9H.jpg,glass_break,Front
CLM000706,0179_JPEG.rf.JLk27rrhLf4IpVfaDN0v.JPEG,smash,Rear
CLM000707,0179_JPEG_jpg.rf.Y9QjkdRrgRt7CJpxF1Dc.jpg,glass_break,Front
CLM000707,0182_JPEG.rf.Ch13Jb7u7QL9IGkw8oa3.JPEG,smash,Rear
CLM000707,0184_jpeg.rf.xNs1RnW3NnbKkl0xCoS1.jpeg,smash,Left
CLM000707,0185_JPEG.rf.xh01WUXdqifAdxlrkhuA.JPEG,smash,Right
CLM000708,0189_JPEG.rf.aboK7aV0ESsFtqgKh0EH.JPEG,smash,Front
CLM000708,0206_JPEG.rf.KayRdH8wJE8u8pxZUZ8N.JPEG,smash,Rear
CLM000708,0207_JPEG.rf.IPPYfsiPIwPkBgfYINop.JPEG,smash,Left
CLM000709,0229_JPEG.rf.Zba41sEqiwpDeXXZ5oDM.JPEG,smash,Front
CLM000709,0232_JPEG.rf.SyHR8uG8dCjKmbpSjhEd.JPEG,scratch,Rear
CLM000709,0234_JPEG.rf.JCa4QuCKMZGyeMsH9R6O.JPEG,smash,Left
CLM000710,0238_JPEG.rf.A05si0H5A1MHOjILliI3.JPEG,smash,Front
CLM000710,0238_JPEG_jpg.rf.oVthIYJ7MJJe3lihxymW.jpg,smash,Rear
CLM000711,0248_JPEG.rf.QzsFr0AgPgniZ12M9yjj.JPEG,smash,Front
CLM000711,0257_JPEG.rf.MeUTg3pUgNJjIyUtBm1r.JPEG,smash,Rear
CLM000711,0258_JPEG.rf.bU7OYpfEPYidzVycqOme.JPEG,smash,Left
CLM000711,0259_JPEG.rf.DdD9E9uQ5lRfsW19oJUk.JPEG,smash,Right
CLM000712,0269_JPEG.rf.5XxwmdgjeANNySGRr2zG.JPEG,smash,Front
CLM000712,0272_JPEG.rf.yaEXDccfTsrF1a0PvxfO.JPEG,smash,Rear
CLM000713,0274_JPEG.rf.zXP77HsYG7X23mpES2Qv.JPEG,smash,Front
CLM000713,0276_JPEG.rf.n4JTvseRQfEfuJeR34X0.JPEG,smash,Rear
CLM000713,0289_jpeg.rf.Ja8jtyRlTLv39Gc9ajbU.jpeg,smash,Left
CLM000713,0301_JPEG.rf.aAqOfo5A6e8889BBml9X.JPEG,smash,Right
CLM000714,0301_JPEG_jpg.rf.C8GmYG9wSBUOaTHGtPDz.jpg,dent,Front
CLM000714,0306_JPEG.rf.As5mkyOSu0JHprvXnQpI.JPEG,smash,Rear
CLM000715,0315_JPEG.rf.58oLF4ahlnMD22sVsIdU.JPEG,glass_break,Front
CLM000715,0321_JPEG.rf.piW14ms71WW3qJi3jNBj.JPEG,smash,Rear
CLM000715,0323_JPEG.rf.hxCb4D5gqkxcSVIRBmz2.JPEG,smash,Left
CLM000715,0330_JPEG.rf.XSxYTs06z7SqUceI4vUn.JPEG,dent,Right
CLM000716,0332_JPEG.rf.cKw3pcnHvBoR75wh57qS.JPEG,smash,Front
CLM000716,0333_JPEG.rf.dgk5lBiwbTUXYiMLTj77.JPEG,smash,Rear
CLM000717,0359_JPEG.rf.UgcSqOh6z450a5xxEbRj.JPEG,smash,Front
CLM000717,0365_JPEG.rf.m94fhmuHME6Iz8WcqYlw.JPEG,glass_break,Rear
CLM000717,0378_JPEG_jpg.rf.ezkskGW0dXPjIWob6yI5.jpg,dent,Left
CLM000718,0378_JPEG_jpg.rf.KfYDlSNKOmc0kzG0DBl0.jpg,dent,Front
CLM000718,0379_JPEG.rf.Rqo1jUgZMa97X92xY5xd.JPEG,smash,Rear
CLM000718,0389_JPEG.rf.wmINhu8vu6Uab2TNAFrf.JPEG,smash,Left
CLM000718,0406_JPEG.rf.JhB8Ian5cJHzqvCpeW0R.JPEG,smash,Right
CLM000719,0414_JPEG.rf.B3x0tfCfGlaXuRDwMC9R.JPEG,scratch,Front
CLM000719,0415_JPEG.rf.kyiil9HVXemQlfXBcz7O.JPEG,smash,Rear
CLM000720,0417_JPEG.rf.YGVJXKpkPd0Bi5IziEQs.JPEG,smash,Front
CLM000720,0425_JPEG.rf.t8WhPhq8IO0ItaAgMTLP.JPEG,smash,Rear
CLM000720,0441_JPEG.rf.yB6Fv3rQhAt8znytr9Tt.JPEG,smash,Left
CLM000721,0453_JPEG.rf.sCazI8CiesrxizTuixA8.JPEG,smash,Front
CLM000721,0459_JPEG.rf.qRmwa0duzmMI7g0db10K.JPEG,dent,Rear
CLM000721,0464_JPEG.rf.mqpnH7PUYPa1h2sQj1lA.JPEG,smash,Left
CLM000722,0467_jpeg.rf.UXZuTMT0Pev8z4vAgqaj.jpeg,smash,Front
CLM000722,0470_JPEG.rf.8FFK1U5ti1oJztOxA1r0.JPEG,smash,Rear
CLM000723,0471_jpeg.rf.CEp9IyKMU1BdAE2aYDWm.jpeg,smash,Front
CLM000723,0488_JPEG.rf.igVSj4mOQXZtUK9D9Q5j.JPEG,smash,Rear
CLM000723,0495_JPEG.rf.hBlEp1R13bE12hfcn0rw.JPEG,scratch,Left
CLM000724,0507_JPEG.rf.FwltTg9JfRxuwINZAtGO.JPEG,smash,Front
CLM000724,0511_JPEG.rf.Dr4L6pFJ9Ae8t8NHuqO7.JPEG,smash,Rear
CLM000724,0519_JPEG.rf.wQvtA7jC6QIBa0kcLri8.JPEG,smash,Left
CLM000725,0524_JPEG.rf.RRzDQtVNzJ7AyfLwcbCX.JPEG,smash,Front
CLM000725,0544_JPEG.rf.Q6QaxEOK4E9513U9m0Zu.JPEG,smash,Rear
CLM000725,0560_JPEG.rf.jy7qSb7YMLo0rXdBHluB.JPEG,smash,Left
CLM000726,0563_JPEG.rf.waKMNYvNpbPaIirvrsnP.JPEG,glass_break,Front
CLM000726,0567_JPEG.rf.RyLrwsPDD8Jwp9XZatfW.JPEG,smash,Rear
CLM000727,0569_JPEG.rf.ZjZxEe34eH2rCz63k8Xs.JPEG,smash,Front
CLM000727,0573_JPEG.rf.kKCat4I7c4S1ZQJdYRZZ.JPEG,smash,Rear
CLM000728,0574_JPEG.rf.NczRVKhP2W5VUAubfcLU.JPEG,smash,Front
CLM000728,0576_JPEG.rf.uYvpaeiYmge0jIn4K7CF.JPEG,smash,Rear
CLM000729,0579_JPEG.rf.97fn7RBuGYFx0tauVhDD.JPEG,smash,Front
CLM000729,0596_JPEG.rf.ZGX6zf59cc4DVBOq4VGK.JPEG,smash,Rear
CLM000729,0599_JPEG.rf.x4C4pQKhvlajjIssqsKb.JPEG,smash,Left
CLM000730,0603_JPEG.rf.IkHyOTKJWrr1g2SQYs3a.JPEG,smash,Front
CLM000730,0609_JPEG.rf.d5cIybuugQzDCtFOFIG4.JPEG,scratch,Rear
CLM000730,0610_JPEG.rf.kwSLpFacpbybEnnAixXq.JPEG,scratch,Left
CLM000731,0623_JPEG.rf.h7JenL2d0Fpt1ujhtPAW.JPEG,smash,Front
CLM000731,0636_JPEG.rf.bSLz38OPhF0yXIpftk4G.JPEG,smash,Rear
CLM000732,0642_JPEG.rf.URB9OWcNXBIL3Pl3HHHx.JPEG,glass_break,Front
CLM000732,0656_JPEG.rf.g9hZYHxfTZEJdhSx0iJu.JPEG,smash,Rear
CLM000732,0667_JPEG.rf.aeSKFjh1SobLxgpdJbh2.JPEG,dent,Left
CLM000733,0697_JPEG.rf.UN038YgLB3sSnux6BIs2.JPEG,dent,Front
CLM000733,0700_jpeg.rf.J1Bmgmjw53bQShVUd0wK.jpeg,dent,Rear
CLM000733,0706_JPEG.rf.6haLu5YGxSipnXKCAS7c.JPEG,smash,Left
CLM000734,0733_JPEG.rf.IoVRMbUn1C1F8NSgRntE.JPEG,smash,Front
CLM000734,0741_JPEG.rf.qa1QOWjPTv2dgrch1CCj.JPEG,smash,Rear
CLM000734,0777_JPEG.rf.tqFBcFNpQ8PU1IrHZP1i.JPEG,smash,Left
CLM000734,0780_JPEG.rf.ho8ZXUbPFJ5aCEVg3zDa.JPEG,smash,Right
CLM000735,0782_JPEG.rf.xR3GG1bkaaTE2Ec3pokp.JPEG,smash,Front
CLM000735,0786_JPEG.rf.hiY3Xp6zyUcc01LhnUny.JPEG,smash,Rear
CLM000735,0797_JPEG.rf.YzZZoHWaRU4wRNKq9FgL.JPEG,smash,Left
CLM000736,0826_JPEG.rf.T73IeH0V1hiX4h3hlt4A.JPEG,scratch,Front
CLM000736,0832_JPEG.rf.qj9gZdgjlVg3Jt02gSyJ.JPEG,smash,Rear
CLM000737,0841_JPEG.rf.WUxpiLmd9Qe2fbaQnIZs.JPEG,smash,Front
CLM000737,0856_JPEG.rf.M363mFZfeD5LvWmLU9FW.JPEG,smash,Rear
CLM000737,0872_JPEG.rf.SrOTZ3pGbRHkjkUmtKr4.JPEG,smash,Left
CLM000737,0904_JPEG.rf.MAXbeb9P1Fu0qX7UN8iD.JPEG,smash,Right
CLM000738,0916_JPEG.rf.9mZ4a0dmVXCBr4oeg658.JPEG,smash,Front
CLM000738,1007_jpeg_jpg.rf.WNDdwDxWe4t2R1DySxQm.jpg,glass_break,Rear
CLM000739,1017_jpeg_jpg.rf.ANNRlnLrpdAg5srYyyGF.jpg,dent,Front
CLM000739,1039_jpeg_jpg.rf.qBENGWyAgN4QlJhxxeX6.jpg,dent,Rear
CLM000740,1082_jpeg_jpg.rf.XvIjG43MX76BoAfheOHn.jpg,scratch,Front
CLM000740,1189_jpeg_jpg.rf.ATHxhvc2P5obcIq5eL7u.jpg,glass_break,Rear
CLM000741,1195_jpeg_jpg.rf.cglOgsmUi4yAn0kfIBCV.jpg,glass_break,Front
CLM000741,1195_jpeg_jpg.rf.tQn2ZvdLSn8Xq5pVzcZH.jpg,glass_break,Rear
CLM000741,1220_jpeg_jpg.rf.DHYMfxVl5aQZncTDAN8M.jpg,dent,Left
CLM000742,124_jpg.rf.UjTaIa6071cOeVKScMIi.jpg,scratch,Front
CLM000742,1339_jpeg_jpg.rf.DQR13sEnIJKMEKSQFCTd.jpg,scratch,Rear
CLM000742,134_jpg.rf.2Gn9km6hwX2FOVX9bK9z.jpg,scratch,Left
CLM000743,137_jpeg_jpg.rf.EaeHIVNwqOHKdX0uPBU2.jpg,scratch,Front
CLM000743,13_jpg.rf.K4L7hnsHtGSULR5PJLFC.jpg,dent,Rear
CLM000744,1415_jpeg_jpg.rf.PEfDc5Y0XA4LtV35FHj5.jpg,dent,Front
CLM000744,1436_jpeg_jpg.rf.2c7KuGGfxdD0XDPqBWyj.jpg,scratch,Rear
CLM000744,1437_jpeg_jpg.rf.W0c8Ox0CxmjJTys2CCbX.jpg,scratch,Left
CLM000745,14_jpg.rf.BepOzOkcR9PaZAS3vXsa.jpg,dent,Front
CLM000745,14_jpg.rf.hmHTL4QywOQyA8Ag2Yfb.jpg,dent,Rear
CLM000745,14_jpg.rf.mA22sGvWMWY00pCEOlg4.jpg,dent,Left
CLM000746,14_jpg.rf.OtdgLFaaLTYvXm4Gqu2j.jpg,dent,Front
CLM000746,14_jpg.rf.vtBBxRBjd84DNXmLpQrD.jpg,dent,Rear
CLM000747,15_jpg.rf.Ofv2smdfjTuH73tPthod.jpg,dent,Front
CLM000747,15_jpg.rf.z2s3ungApOomupjNSYjB.jpg,dent,Rear
CLM000747,18_jpg.rf.A92mvwJdN6qhmryNM32f.jpg,dent,Left
CLM000748,18_jpg.rf.hYCp1zBTF94oYU48G4Hy.jpg,dent,Front
CLM000748,18_jpg.rf.wQazRYrDYNCGwwwr2usU.jpg,smash,Rear
CLM000749,19_jpg.rf.ZFZQJYGxrYFTR41ptjuu.jpg,scratch,Front
CLM000749,20_jpg.rf.aCgU8bCuyQP1iVCFFyqR.jpg,dent,Rear
CLM000749,20_jpg.rf.Cs2y6sGxagGwMv47A5Vp.jpg,dent,Left
CLM000750,20_jpg.rf.CyyQ9mrExHGuH5o0m6fq.jpg,scratch,Front
CLM000750,20_jpg.rf.GNpESWqbTRfmMSaviAN3.jpg,dent,Rear
CLM000750,20_jpg.rf.vsY4ENqhuWYUrEO8ZfpJ.jpg,dent,Left
CLM000750,20_jpg.rf.xtwyr74cMHdSTL13HkPI.jpg,dent,Right
CLM000751,217_jpeg_jpg.rf.eB2Gpam90zui9HkbCCNa.jpg,scratch,Front
CLM000751,223_jpeg_jpg.rf.VMVc0MtLYNBXa8tErWLx.jpg,scratch,Rear
CLM000751,223_jpeg_jpg.rf.zdqBAbWh0t5Z02AdMcts.jpg,scratch,Left
CLM000751,22_jpg.rf.eqteSsWNGlUcbFGsdvp0.jpg,dent,Right
CLM000752,22_jpg.rf.YO7QR7xWUJkv7ABuYuzA.jpg,smash,Front
CLM000752,23_jpg.rf.kbCs4UCNROG5Vg1NGNhY.jpg,smash,Rear
CLM000752,23_jpg.rf.wEYEcXBujBEAKqaEaPv1.jpg,smash,Left
CLM000753,23_jpg.rf.YpkSxnqCn1zZVvd4ownx.jpg,smash,Front
CLM000753,24_jpeg_jpg.rf.GE4G5b0hzp0Shp16f6EX.jpg,dent,Rear
CLM000754,259_jpeg_jpg.rf.cq0nYMNuEUm0DDTVoj5Y.jpg,dent,Front
CLM000754,25_jpg.rf.4t1HyINR1hYOCxiNw9Da.jpg,smash,Rear
CLM000755,25_jpg.rf.dmmEKRByZI9qELbcvrbh.jpg,smash,Front
CLM000755,25_jpg.rf.Tmj0LvkAwEopDil6yuTN.jpg,smash,Rear
CLM000755,26_jpg.rf.J6IlZuEkMcgBjRAS12Vv.jpg,smash,Left
CLM000756,26_jpg.rf.PYH9nAhKZbOdUHgUTJ6j.jpg,smash,Front
CLM000756,26_jpg.rf.XMbgVBOCGMcXcfdntHNh.jpg,smash,Rear
CLM000756,27_jpg.rf.6PRYXU1T7ZeDTufk6nY3.jpg,smash,Left
CLM000757,27_jpg.rf.cBMqsqSdeUEwDMFFN6UM.jpg,smash,Front
CLM000757,27_jpg.rf.HGKZ34k6QLk5BTEyBNJ5.jpg,smash,Rear
CLM000758,27_jpg.rf.VVaqEWNUAmVsB9ADSuD1.jpg,smash,Front
CLM000758,282_jpeg_jpg.rf.NNqLLNVIP6L6AaAkwvDp.jpg,glass_break,Rear
CLM000759,2b5c576d47_jpg.rf.2EF65zzEUI6fsaKy0d0C.jpg,glass_break,Front
CLM000759,30_jpg.rf.GQJE0yexhT6qSAk3GMEC.jpg,smash,Rear
CLM000759,31_jpg.rf.ZlnMctq9RQCW07kHQ4Zy.jpg,smash,Left
CLM000760,341_jpeg_jpg.rf.PqcNQWCcDrDlQ8GdOfVk.jpg,scratch,Front
CLM000760,341_jpeg_jpg.rf.VjNcHmw8LUcG0xrmdF3O.jpg,scratch,Rear
CLM000761,34_jpg.rf.EEXfHmlUhvS2VkKIyUW9.jpg,smash,Front
CLM000761,34_jpg.rf.xnhNNiMXndn4Ae4PlLEo.jpg,smash,Rear
CLM000762,36_jpg.rf.9XMWburMgbh0U4KLKJZL.jpg,dent,Front
CLM000762,36_jpg.rf.gNYEuCWAylnpQktv2dkN.jpg,dent,Rear
CLM000762,37_jpg.rf.eM3H0zDw5h35kc2QxzcG.jpg,dent,Left
CLM000762,37_jpg.rf.zSaYHDu1mevQdzElbw0Q.jpg,dent,Right
CLM000763,38_jpg.rf.vAIMvyuA8NyACrN7Qzgt.jpg,dent,Front
CLM000763,39_jpg.rf.tR3Ny4wQ9XYWpk8i5dzQ.jpg,smash,Rear
CLM000763,39_jpg.rf.vn73ILlfhRgPsV4SDQXu.jpg,smash,Left
CLM000764,39ced84b15_jpg.rf.MET0KXOgZmqLrTzLUrwh.jpg,dent,Front
CLM000764,3_jpg.rf.bSl4a8dcZyeK1u0f3QoA.jpg,scratch,Rear
CLM000764,3_jpg.rf.tgEzXJI1snojjCDFyxrE.jpg,scratch,Left
CLM000764,3_jpg.rf.YGUq1WcVDN03AhWSEiUA.jpg,scratch,Right
CLM000765,41_jpg.rf.5X2QIJ82M1Unw2BnDhoA.jpg,smash,Front
CLM000765,42_jpg.rf.hBbtcpoY7v6myrPLBseb.jpg,scratch,Rear
CLM000765,42_jpg.rf.rvDge6R1shEKjQnZfmia.jpg,dent,Left
CLM000765,42_jpg.rf.uv1v9LUqQ1dwy7i2Lkik.jpg,dent,Right
CLM000766,42_jpg.rf.vnXLpDewztJXrHjl1JjF.jpg,scratch,Front
CLM000766,42_jpg.rf.xcv7qwLg9OOZzVIDBf7q.jpg,dent,Rear
CLM000766,43_jpg.rf.is5Yc5Uz37F1J8McHoAv.jpg,smash,Left
CLM000767,44_jpg.rf.dwzVmZldVPX2CDYrtrnN.jpg,dent,Front
CLM000767,44_jpg.rf.LVdMXrIyoDL0vm0Vb09g.jpg,dent,Rear
CLM000768,46_jpg.rf.uXxmEzRcf3N5u61AClqX.jpg,dent,Front
CLM000768,47_jpg.rf.9VierjIomHjIfnLEiPnw.jpg,smash,Rear
CLM000768,49_jpeg_jpg.rf.TiMyne0KTBMeFbl0Ow0g.jpg,scratch,Left
CLM000768,4_jpg.rf.6Qkh36ldLbDz2AS6cfDl.jpg,dent,Right
CLM000769,4f6d5150e4_jpg.rf.ThRAnM6R0OouWWm7FOJT.jpg,glass_break,Front
CLM000769,50_jpg.rf.bjjPc16uZGfa5CdEZC41.jpg,smash,Rear
CLM000769,50_jpg.rf.rnLOx6vQDupFgRoL6yff.jpg,smash,Left
CLM000769,51_jpeg_jpg.rf.OC0OxO5aYacBdlR7Cx1g.jpg,scratch,Right
CLM000770,51_jpeg_jpg.rf.vaKHmSpkIlw9hH0Y1Hu5.jpg,scratch,Front
CLM000770,54_jpg.rf.4jIxbgZdumzKmOgL9DOe.jpg,smash,Rear
CLM000770,55_jpg.rf.stO28uvOrvnzTpruPPoL.jpg,smash,Left
CLM000770,5_jpg.rf.jEi9NEEttpF5gcCNNMDx.jpg,dent,Right
CLM000771,647_jpeg_jpg.rf.V4OKIMPM25E609FP5WRi.jpg,glass_break,Front
CLM000771,67_jpeg_jpg.rf.3jrHHYtyimEAvvf9KKdU.jpg,glass_break,Rear
CLM000771,67_jpeg_jpg.rf.baRZtBjFaxg6CmRZzL99.jpg,glass_break,Left
CLM000772,69_jpg.rf.mv5Jb4TplD32kmG4MYj7.jpg,dent,Front
CLM000772,70_jpg.rf.D5HncZBXRvlOssU1M82m.jpg,dent,Rear
CLM000772,748_jpeg_jpg.rf.4gbajGL0C92YtTJ4sF3k.jpg,scratch,Left
CLM000772,748_jpeg_jpg.rf.wiGuwn297ShAw6ydvdGS.jpg,scratch,Right
CLM000773,748_jpeg_jpg.rf.wrsGFXhzG2QmIETuTSbV.jpg,scratch,Front
CLM000773,77_jpg.rf.eojgnJev1nDQfZO5SOuB.jpg,scratch,Rear
CLM000773,794_jpeg_jpg.rf.u6NLUhUOUONU2DSc7Kck.jpg,smash,Left
CLM000773,7_jpg.rf.Xq3UCjAjiODZkc3O4M7c.jpg,scratch,Right
CLM000774,88d69f9fe4_jpg.rf.IZ1QXkKU9egP3ghXRw3m.jpg,glass_break,Front
CLM000774,8_jpg.rf.D4NEXuf34Exi9lEd6ZaU.jpg,dent,Rear
CLM000775,8_jpg.rf.VrDmIMIocp5EvW7XglZh.jpg,smash,Front
CLM000775,91_jpg.rf.8u7sRNFY3CIVEdebjGJb.jpg,scratch,Rear
CLM000775,93a5707f20_jpg.rf.5OX7oW6AiqDX8zo3pvaq.jpg,glass_break,Left
CLM000776,95_jpeg_jpg.rf.waHdykfrfAPU7sqHhi19.jpg,glass_break,Front
CLM000776,9_jpg.rf.tuzvm3tudkwapgFCQum2.jpg,scratch,Rear
CLM000776,akhand_b43_106_jpg.rf.cZQ8TRRKuJVYbBDQ17bc.jpg,scratch,Left
CLM000776,akhand_b43_148_jpg.rf.08PdJONDtYqCL7SYGJr6.jpg,glass_break,Right
CLM000777,akhand_b43_149_jpg.rf.5WaZ7BgAa9jPylfmNzZL.jpg,glass_break,Front
CLM000777,akhand_b43_158_jpg.rf.8oV5EUkaZCZYUg8rIuZ8.jpg,smash,Rear
CLM000777,akhand_b43_185_jpg.rf.AtszV87bulAhxwzpXN8R.jpg,glass_break,Left
CLM000777,akhand_b43_185_jpg.rf.ldyPnLOTvkSj4Oyt1koo.jpg,glass_break,Right
CLM000778,akhand_b43_213_jpg.rf.lbn1ZjGuzCkUzSuwvNbT.jpg,glass_break,Front
CLM000778,akhand_b43_307_jpg.rf.cL7vdn7N4Zfjlvcn0ry1.jpg,scratch,Rear
CLM000778,akhand_b43_307_jpg.rf.MencZV8u6jVpSZiw8nJ8.jpg,scratch,Left
CLM000779,akhand_b43_308_jpg.rf.ULDMR2M57d2o5AIumd5x.jpg,dent,Front
CLM000779,akhand_b43_318_jpg.rf.PtuAjDcRbqTfFlF41bKH.jpg,glass_break,Rear
CLM000780,akhand_b43_318_jpg.rf.tZJT20uVm62Q5orb3DhR.jpg,glass_break,Front
CLM000780,akhand_b43_334_jpg.rf.PpVhbDpl4f1fqHXTJH0b.jpg,scratch,Rear
CLM000780,akhand_b43_34_jpg.rf.217h1CqMfGy6sAWu7hRr.jpg,glass_break,Left
CLM000781,akhand_b43_404_jpg.rf.vHyVjpk8QQ1Z8ONbo0bs.jpg,smash,Front
CLM000781,akhand_b43_471_jpg.rf.bU3Ql5JaoolEP4SoRRyb.jpg,smash,Rear
CLM000781,akhand_b43_471_jpg.rf.LmqzTKqdF2XWVDmUocXS.jpg,smash,Left
CLM000781,akhand_b43_471_jpg.rf.VzpTciE0aTpNafULRwgr.jpg,smash,Right
CLM000782,akhand_b43_496_jpg.rf.ZZUWyDuqtOChw1XToMrp.jpg,smash,Front
CLM000782,akhand_b43_553_jpg.rf.n2Ny7WquklkgsKc4GD95.jpg,dent,Rear
CLM000782,akhand_b43_553_jpg.rf.Xdnxh0W9M27QxroOpyf7.jpg,dent,Left
CLM000782,audi-cars-scratches-bumper44_jpg.rf.m9dxVpQ7cCpkR0h0Ce3s.jpg,scratch,Right
CLM000783,back-bumper-side-scartches-on-car-hd-images62_jpg.rf.Y9Y332KZRb8bmLlEgMvG.jpg,dent,Front
CLM000783,back_0077_jpg.rf.1otjrVIi1vJUoseeb2xx.jpg,glass_break,Rear
CLM000783,back_0291_jpg.rf.EMu5NmeJlAryywPjoJtR.jpg,glass_break,Left
CLM000783,broken-dorr-glass-of-car-pic-hd1_jpg.rf.mxmdtrho4U9a5VC9Pwi1.jpg,glass_break,Right
CLM000784,bumper-side-dent-images-hd-cars76_jpg.rf.7fEdYWpwhgD3yrL3CAIL.jpg,dent,Front
CLM000784,c36d6b6deb_jpg.rf.ChzNsTA9OFcSFxNjCVyc.jpg,glass_break,Rear
CLM000784,c36d6b6deb_jpg.rf.Gekl63aWnoqLiEmGHBfu.jpg,glass_break,Left
CLM000785,car-front-glass-broken-pic9_jpg.rf.rcdDwanyamYsTDGBNzoc.jpg,glass_break,Front
CLM000785,crashed154_JPEG_jpg.rf.8RGVJNXdrhLUcqA3bqEu.jpg,smash,Rear
CLM000785,crashed154_JPEG_jpg.rf.xYDjUnIVQaSFKTdZ9IwN.jpg,smash,Left
CLM000786,crashed169_jpg.rf.BMz979xnn0CaqWVtXtEi.jpg,smash,Front
CLM000786,crashed176_jpg.rf.0EHUsJB30oeVbhHXdgeI.jpg,smash,Rear
CLM000787,crashed178_jpg.rf.zGWRbeTHdYCEqvMkrgyE.jpg,smash,Front
CLM000787,crashed194_jpg.rf.n0LVNzaSDKQUXXnbid3D.jpg,smash,Rear
CLM000788,crashed203_jpg.rf.5AXIko82U4f3Gti35Su1.jpg,smash,Front
CLM000788,crashed217_JPG_jpg.rf.KMTdMWEN8zBsWt0UpoQz.jpg,smash,Rear
CLM000788,crashed217_JPG_jpg.rf.QmfptHflKmtrfz8X6XD5.jpg,smash,Left
CLM000789,crashed235_jpg.rf.hIVa2xnrNvxjo444CWtO.jpg,smash,Front
CLM000789,crashed236_jpg.rf.UZ9ToRiT4ot2juKhq7yh.jpg,smash,Rear
CLM000789,crashed248_jpg.rf.GDplbtxivYs1JEs4Wn9U.jpg,dent,Left
CLM000790,crashed248_jpg.rf.nlD48xEFkaBflidMm6gm.jpg,dent,Front
CLM000790,crashed306_jpg.rf.CzJY0RXnpz77pParnOuL.jpg,smash,Rear
CLM000790,crashed331_jpg.rf.WNhU5XEhZJwbV8NU2tI1.jpg,smash,Left
CLM000790,crashed331_jpg.rf.xo5dvGc1FAlvvbQcAJZS.jpg,smash,Right
CLM000791,crashed347_jpg.rf.5ErO9ym7sr0UAzCh8eGV.jpg,smash,Front
CLM000791,crashed365_jpg.rf.ct12FKFTtVDPt18nqMRw.jpg,smash,Rear
CLM000792,crashed374_jpg.rf.fk6Wv4NqY3azaIXBNbRr.jpg,smash,Front
CLM000792,crashed376_jpg.rf.Jl3aIYxP1juUNZshgfgw.jpg,smash,Rear
CLM000792,crashed3_JPEG_jpg.rf.nmvpgLfT0gYQNPUWV6gf.jpg,smash,Left
CLM000792,crashed407_jpg.rf.iYTd53zpyo0iTPnxgvvv.jpg,smash,Right
CLM000793,crashed449_jpg.rf.6LJdhdeDFAAEKrEZaFRU.jpg,smash,Front
CLM000793,crashed453_jpg.rf.k7LW0CAahF6nGFGkp1rs.jpg,smash,Rear
CLM000793,crashed453_jpg.rf.onQGkkI0lAHnKEnfthZS.jpg,smash,Left
CLM000794,crashed453_jpg.rf.oPLXpKUOOOyOHDznpiah.jpg,smash,Front
CLM000794,crashed506_jpg.rf.7Qb8YbsJw8yA7GKUReBM.jpg,smash,Rear
CLM000795,crashed506_jpg.rf.bs3xCMtFyaZRkbE5ekkQ.jpg,smash,Front
CLM000795,crashed537_jpg.rf.6JTpVap2D2s9wPxKZ7tX.jpg,smash,Rear
CLM000796,crashed537_jpg.rf.T0LetYwQBZXW5Bg4y538.jpg,smash,Front
CLM000796,crashed568_jpg.rf.BRTEGHXVTqE8ufR3sR3E.jpg,smash,Rear
CLM000797,crashed568_jpg.rf.JUyKZ6hdpULRNibJHtV3.jpg,smash,Front
CLM000797,dent-on-car-back-side-iamges-hd-51_jpg.rf.fwY0XiJjA513yagczogP.jpg,dent,Rear
CLM000797,dent1015_jpg.rf.M5xC5KvH2FiGFVtffhZM.jpg,dent,Left
CLM000798,dent1175_jpg.rf.rSCewo58x5uDGqMCj1HR.jpg,smash,Front
CLM000798,dent121_jpg.rf.rVXVfFKRp6Er0J7g1Lbx.jpg,dent,Rear
CLM000798,dent1300_jpg.rf.fYAzLwvNL7et3jawIWJS.jpg,dent,Left
CLM000799,dent1306_jpg.rf.MZaVfht73kEskNtI2tBM.jpg,dent,Front
CLM000799,dent1306_jpg.rf.nZSM0k2dZv70ktv6DGXW.jpg,dent,Rear
CLM000799,dent1314_png_jpg.rf.p33Q6tRHOuNCzqcJ2X5u.jpg,smash,Left
CLM000800,dent1323_jpg.rf.tiNzE1sZLXivZZVgvB0M.jpg,scratch,Front
CLM000800,dent163_jpg.rf.vHTvMcGrdkKyO2kkG8in.jpg,dent,Rear
CLM000800,dent222_jpg.rf.95Ya2xrB4gdUodUfdtFc.jpg,smash,Left
CLM000800,dent231_jpg.rf.NOaiIdYGZVXrG8ouFk2j.jpg,smash,Right
CLM000801,dent23_jpg.rf.FF2B5i8U97FyIzIOAt2M.jpg,dent,Front
CLM000801,dent266_jpg.rf.rFVgStdv0MzFuWIbvRiQ.jpg,scratch,Rear
CLM000801,dent426_jpg.rf.sqLxmpXa04vabuSQQi3p.jpg,scratch,Left
CLM000802,dent439_jpeg_jpg.rf.swgsLm55gYXa4v99kb2D.jpg,dent,Front
CLM000802,dent445_jpg.rf.uxyEx6IR9FGbpRpwZ2l6.jpg,dent,Rear
CLM000802,dent484_jpg.rf.4McQRoaB7ps5ZEomRYSq.jpg,dent,Left
CLM000802,dent509_jpg.rf.kyxGIZ6VIQewQ5gqV41n.jpg,dent,Right
CLM000803,dent509_jpg.rf.phCzSKp4haAEJMDKo7Xa.jpg,dent,Front
CLM000803,dent557_jpg.rf.152SNVUC81XG8S8Js58O.jpg,dent,Rear
CLM000803,dent587_jpg.rf.cEJb5cOWPdNb85sijioQ.jpg,dent,Left
CLM000803,dent587_jpg.rf.vn2MLj2hEIUTtA5BgdZ6.jpg,dent,Right
CLM000804,dent623_jpg.rf.uzWgPX7w9SuGVIlZX33D.jpg,dent,Front
CLM000804,dent650_jpg.rf.FnJ1Eqq29w652ACQfHRz.jpg,dent,Rear
CLM000804,dent674_jpg.rf.4AZ6VnxJ2zVQHx8tYLQ1.jpg,dent,Left
CLM000804,dent682_jpg.rf.E7zMmgG8VPOA3SBnsJKa.jpg,dent,Right
CLM000805,dent687_jpg.rf.GrXsnQlKdURv345kmu8o.jpg,dent,Front
CLM000805,dent696_jpg.rf.Gq2RphQUfoPnXChn9tag.jpg,dent,Rear
CLM000805,dent696_jpg.rf.vkvGGuhw5VXjqQ21fCD9.jpg,dent,Left
CLM000805,dent701_jpg.rf.fuW8G8Tfx84OKuzT1s40.jpg,smash,Right
CLM000806,dent732_jpg.rf.NvWiRYZOpueItyPZGmOq.jpg,dent,Front
CLM000806,dent777_jpg.rf.UoBjyY8STk35JxatGvaU.jpg,dent,Rear
CLM000806,dent778_jpg.rf.Jfyxn2qZF6jPRSbSVR8B.jpg,dent,Left
CLM000807,dent810_jpg.rf.96f2fxMjwgPUVzhpvcSa.jpg,dent,Front
CLM000807,dent810_jpg.rf.iBfXc7fIa0YLYBuxbZM4.jpg,dent,Rear
CLM000808,dent876_jpg.rf.VOolTOlgSAZvCAtNofR0.jpg,dent,Front
CLM000808,dent93_jpg.rf.lcoTPG8ENDE4E97FFSO8.jpg,dent,Rear
CLM000808,e29b9bf3aa_jpg.rf.0IWNMBoG9nfFjLNZhoJu.jpg,smash,Left
CLM000808,front-broken-glass-of-car-photos-hd50_jpg.rf.8ezQIg3y0k0NABl9xIOd.jpg,smash,Right
CLM000809,front-broken-glass-of-car-photos-hd50_jpg.rf.dQobRrajM1iU5tTZlQr5.jpg,smash,Front
CLM000809,front-broken-glass-of-car-photos-hd55_jpg.rf.Jwxs3Mbj6yCn8gFidOCU.jpg,glass_break,Rear
CLM000809,Front-driver-side-door-panel-damage_jpg.rf.qcmXkJEBmpFidw14aRZ3.jpg,dent,Left
CLM000809,glass122_jpg.rf.WaaEg9Dcxp5ZnvNL70XY.jpg,glass_break,Right
CLM000810,glass13_jpg.rf.XAU0WGmTztNQH9m7rG5S.jpg,glass_break,Front
CLM000810,glass164_jpg.rf.LyF26KH552tQybaN2I7E.jpg,glass_break,Rear
CLM000811,glass190_jpg.rf.NaXPQci0eSWzjflOVzB6.jpg,glass_break,Front
CLM000811,glass224_jpg.rf.m2Vg1lHElxGO2l4m2V6A.jpg,glass_break,Rear
CLM000812,glass224_jpg.rf.QwzEy9ApiH1sgR6i2kCP.jpg,glass_break,Front
CLM000812,glass268_jpg.rf.E7Werc9icvOwtowhBitw.jpg,glass_break,Rear
CLM000812,glass268_jpg.rf.mdswhgMquFiX6MAB1hy2.jpg,glass_break,Left
CLM000812,glass295_jpg.rf.CY0QkB75JPE7u22AMQI2.jpg,glass_break,Right
CLM000813,glass362_jpg.rf.yZSOEeLAWxAMM4TNKlcw.jpg,glass_break,Front
CLM000813,glass36_jpg.rf.zsoZTSqXapUx1083w0Cr.jpg,glass_break,Rear
CLM000813,glass39_jpg.rf.3OCx4w3dbimDFlFidJXi.jpg,glass_break,Left
CLM000814,glass39_jpg.rf.hyDDJH4mQ8Lt5L6t7pK7.jpg,glass_break,Front
CLM000814,glass450_jpg.rf.gNrpYszSPD6CEjBWhQ78.jpg,glass_break,Rear
CLM000814,glass460_jpg.rf.oGumzn3dGGfUvoiN4AZ8.jpg,glass_break,Left
CLM000815,glass460_jpg.rf.vCoufu6fBPO8JTrLEGUn.jpg,glass_break,Front
CLM000815,glass536_jpg.rf.FEIpJJmufPtF8aphOrMg.jpg,glass_break,Rear
CLM000815,glass536_jpg.rf.uimkrYVVnMpzHbbDfdkH.jpg,glass_break,Left
CLM000816,glass672_jpg.rf.my7jNF06WRnWaPJGlCjD.jpg,glass_break,Front
CLM000816,glass689_jpg.rf.5ZtLbGxi5LPs8cZ2Ycco.jpg,glass_break,Rear
CLM000816,glass68_jpg.rf.1gS3qoyP3pWSECa5AuJf.jpg,glass_break,Left
CLM000816,glass68_jpg.rf.FXfO0tWzR0CXSZPkSdkr.jpg,glass_break,Right
CLM000817,glass692_jpg.rf.mUnSLZdubkiIiR67d3aJ.jpg,glass_break,Front
CLM000817,glass735_jpg.rf.CQWQ4J5XSYRl7kH8n5ij.jpg,glass_break,Rear
CLM000818,glass735_jpg.rf.tCXIdqmG21lFYIqJ1IfC.jpg,glass_break,Front
CLM000818,glass739_jpg.rf.tceSfDHKwWXAQjA3qxWE.jpg,glass_break,Rear
CLM000818,glass73_jpg.rf.F4lqzGUTIIiC6BKRefdw.jpg,smash,Left
CLM000818,glass789_jpeg_jpg.rf.hJoIDHTFmutlhMvDbMiK.jpg,glass_break,Right
CLM000819,glass789_jpeg_jpg.rf.laMThZZ8J5Y8ER7DfIC0.jpg,glass_break,Front
CLM000819,glass803_jpg.rf.yGUdWITOfMn95FivbO6k.jpg,dent,Rear
CLM000820,glass807_jpg.rf.Ie8b1ZEMdfv0iYDpbKny.jpg,glass_break,Front
CLM000820,glass808_jpg.rf.VwimVKZaJQGCRnYvMRbj.jpg,glass_break,Rear
CLM000821,glass836_jpg.rf.pdFN2mR9DZ108KaSms3h.jpg,glass_break,Front
CLM000821,glass869_jpg.rf.FYjuyHzOr8j9SomSRLDC.jpg,glass_break,Rear
CLM000822,glass908_jpg.rf.z3wrJXHWq0wfvuSNvig1.jpg,glass_break,Front
CLM000822,glass90_jpg.rf.KvnGgHBo3ROYFlATZY8v.jpg,glass_break,Rear
CLM000822,glass942_jpg.rf.0Nn5cP08Dn19kW4umAG1.jpg,glass_break,Left
CLM000823,glass942_jpg.rf.4MPlQLacsWBiJGsr3Dr0.jpg,glass_break,Front
CLM000823,glass944_jpg.rf.55RNYRwbsq2AyI2kmnEZ.jpg,glass_break,Rear
CLM000823,glass944_jpg.rf.XmZEAMp9SSpnpehishW3.jpg,glass_break,Left
CLM000823,glass958_jpg.rf.G5KQUwUqD2JrwQ8q4vVt.jpg,glass_break,Right
CLM000824,glass986_jpg.rf.F8TnyS6i6MLrMZX0xJNS.jpg,glass_break,Front
CLM000824,glass986_jpg.rf.zwDMb96PMUmVYE5cMc45.jpg,glass_break,Rear
CLM000824,Img0_jpg.rf.1aTQXs5NKa0uwiGUojSv.jpg,smash,Left
CLM000825,Img100_jpg.rf.ZY9PKc9rqPvSOVri8O0m.jpg,dent,Front
CLM000825,Img104_jpg.rf.a7PosMfYT7u6DbW0Y2cU.jpg,smash,Rear
CLM000825,Img109_jpg.rf.TqrzEcKnvSrfpbzmkVKM.jpg,smash,Left
CLM000825,Img10_jpg.rf.FjhPL6l4oFXmXJvoXSm1.jpg,scratch,Right
CLM000826,Img10_jpg.rf.lVvSc8qx6yatD38XITh9.jpg,scratch,Front
CLM000826,Img112_jpg.rf.l4KyzWqHtzye6dfO9zXW.jpg,dent,Rear
CLM000826,Img115_jpg.rf.aIWIkBk3dfLu2fLX8uij.jpg,scratch,Left
CLM000827,Img117_jpg.rf.uRWPGRpgitPd2YeCJoU2.jpg,smash,Front
CLM000827,Img118_jpg.rf.p3OH8OYWz2h9RkEkOjRU.jpg,smash,Rear
CLM000828,Img121_jpg.rf.uoHZGVyyJ6qAJDi8HEZC.jpg,smash,Front
CLM000828,Img123_jpg.rf.bwXtItSFX0uq3Vin8X6L.jpg,dent,Rear
CLM000828,Img124_jpg.rf.rRVM18FrttwmmrugNnld.jpg,smash,Left
CLM000828,Img125_jpg.rf.6sYnTXkSprvxWRCGFfWk.jpg,dent,Right
CLM000829,Img126_jpg.rf.B58g3Qo5qhJohqiQWUpc.jpg,smash,Front
CLM000829,Img127_jpg.rf.vmDvCiladRH9fK9kpJ67.jpg,smash,Rear
CLM000829,Img177_jpg.rf.7nmG3RbpIiAn4a6Z52EI.jpg,smash,Left
CLM000830,Img178_jpg.rf.RM1DAZhq7lzBwuDLdkdd.jpg,smash,Front
CLM000830,Img188_jpg.rf.5hp3Xpnpgkj2lJrGDmn8.jpg,smash,Rear
CLM000831,Img189_jpg.rf.2c4u7pTmhG4cisR0myuO.jpg,smash,Front
CLM000831,Img194_jpg.rf.ZMvxs5NmqRyloiRTnOkn.jpg,smash,Rear
CLM000831,Img196_jpg.rf.G4oy3VlefprquTpqW21p.jpg,scratch,Left
CLM000831,Img207_jpg.rf.mh5WsMHUMuFNJrDNVGLY.jpg,smash,Right
CLM000832,Img207_jpg.rf.rO1SRoA0LtIMU9bdvKJz.jpg,smash,Front
CLM000832,Img20_jpg.rf.yW1xqA1xoy3vtmViYDK4.jpg,scratch,Rear
CLM000832,Img213_jpg.rf.TaQE428vly9yIOEIUsdm.jpg,dent,Left
CLM000833,Img218_jpg.rf.pEH0fn1pDuXeUsZ6h9BK.jpg,dent,Front
CLM000833,Img218_jpg.rf.YmsLqa0rB6F3LmyCsIhy.jpg,dent,Rear
CLM000833,Img219_jpg.rf.TrecWU4SlfoPPVt7xyk0.jpg,smash,Left
CLM000834,Img222_jpg.rf.Wlsr6Ya44E4WApLXiXDB.jpg,dent,Front
CLM000834,Img222_jpg.rf.yPbMhlVzPuKXDArw8JpC.jpg,dent,Rear
CLM000834,Img226_jpg.rf.mfMGfsVqZHodFJ7QQchs.jpg,dent,Left
CLM000834,Img231_jpg.rf.mq4a2JigY0lM18oYIdxU.jpg,dent,Right
CLM000835,Img231_jpg.rf.RenDCBZFNtBMf0cNJRV4.jpg,dent,Front
CLM000835,Img234_jpg.rf.DmSdGl4AlMk0pPAeDrb5.jpg,dent,Rear
CLM000835,Img239_jpg.rf.DJhssVGTgELuDwP0sMGu.jpg,dent,Left
CLM000835,Img240_jpg.rf.FLNmSulbrCWtO4eEMn9m.jpg,dent,Right
CLM000836,Img243_jpg.rf.NtlLCcV8vIcGtiQWhk08.jpg,smash,Front
CLM000836,Img251_jpg.rf.1NFNwy3PJQ6OhMNr50w0.jpg,smash,Rear
CLM000837,Img252_jpg.rf.28KY1w68gia9hNQxUD58.jpg,dent,Front
CLM000837,Img257_jpg.rf.gz8B3f2AMTsQab75iCJA.jpg,smash,Rear
CLM000837,Img258_jpg.rf.8PsfGjNYp8n7xjPuVMpb.jpg,smash,Left
CLM000838,Img261_jpg.rf.loz6aYBrg4dxCuPwfnGg.jpg,dent,Front
CLM000838,Img262_jpg.rf.dB7QcSkulyVJ6dY7FbGD.jpg,smash,Rear
CLM000838,Img262_jpg.rf.ZrmCgyG3gFets5lxcYvI.jpg,smash,Left
CLM000838,Img265_jpg.rf.LjJj7YaBAdSfEEvIQNJ5.jpg,smash,Right
CLM000839,Img266_jpg.rf.psY27Y8EC0sohb7UiZgC.jpg,scratch,Front
CLM000839,Img268_jpg.rf.ITqVixq5MnBvdmxA9nQy.jpg,smash,Rear
CLM000839,Img268_jpg.rf.yHe5KPGeaydHqyRq9yAe.jpg,smash,Left
CLM000840,Img281_jpg.rf.EmaA2dtokSgizvJorhM3.jpg,dent,Front
CLM000840,Img281_jpg.rf.qNat8qvE1swXcKULnGZ0.jpg,dent,Rear
CLM000840,Img28_jpg.rf.fa3hXG1cGtxWwZtCSqgK.jpg,smash,Left
CLM000841,Img2_jpg.rf.f8VffEnJZiKyEiiNp1r4.jpg,smash,Front
CLM000841,Img2_jpg.rf.ym3b814TT7IOqjD8gCUv.jpg,smash,Rear
CLM000842,Img31_jpg.rf.YfLQco7VTgEtI2nY39ii.jpg,smash,Front
CLM000842,Img33_jpg.rf.CAecJ2S9E9aM4QaMxpAb.jpg,dent,Rear
CLM000842,Img33_jpg.rf.EhzEUislg56S5yDwP9Yn.jpg,dent,Left
CLM000843,Img377_jpg.rf.q4Fx13hnSK4ZADmat2MP.jpg,smash,Front
CLM000843,Img37_jpg.rf.6BW1xDXszYAy5aLtakI1.jpg,scratch,Rear
CLM000844,Img383_jpg.rf.kklzBAZ2rtCLPkERvju6.jpg,smash,Front
CLM000844,Img384_jpg.rf.RckYj7OTkuGPJWrRrYli.jpg,dent,Rear
CLM000844,Img389_jpg.rf.14gYWWzjPEADI6fCrtMf.jpg,dent,Left
CLM000844,Img389_jpg.rf.uFnOSeER4PnrIDZjJtnV.jpg,dent,Right
CLM000845,Img399_jpg.rf.ow2YHEN7Lv8Si7basVgo.jpg,dent,Front
CLM000845,Img39_jpg.rf.5Mehq84hfRNHDk9CtK9V.jpg,dent,Rear
CLM000846,Img405_jpg.rf.jgug9PTphejsulM8mk6L.jpg,smash,Front
CLM000846,Img407_jpg.rf.Z1QXNeokuV7LCfjyucBJ.jpg,dent,Rear
CLM000846,Img414_jpg.rf.8RgFHkt9OSWdqH1KrNPU.jpg,dent,Left
CLM000847,Img416_jpg.rf.HdKUPLS0di67floHjjl5.jpg,smash,Front
CLM000847,Img419_jpg.rf.17m5YlilAE6mSOUTPV21.jpg,scratch,Rear
CLM000847,Img423_jpg.rf.4QwjWv3mQmc1dZ21v04w.jpg,dent,Left
CLM000847,Img436_jpg.rf.TjMbY76kMjk3sRs13Llo.jpg,dent,Right
CLM000848,Img438_jpg.rf.DrLJhYxEaff76XzoG8XX.jpg,dent,Front
CLM000848,Img439_jpg.rf.pqS5PDZSRFhuucszO8A3.jpg,scratch,Rear
CLM000848,Img43_jpg.rf.NDGU0CFmFtQ9YvF9vpw5.jpg,glass_break,Left
CLM000849,Img440_jpg.rf.dhZ7r7rmfShAWm2BWIbk.jpg,smash,Front
CLM000849,Img443_jpg.rf.azTo8CB3u7m1w8iKNGMU.jpg,dent,Rear
CLM000850,Img450_jpg.rf.0qZ5zBpAGbu6ygZFO9In.jpg,dent,Front
CLM000850,Img450_jpg.rf.zyKScmD2dXdHxdEL8Wlv.jpg,dent,Rear
CLM000850,Img461_jpg.rf.5Sn9koQ7cZMEKO5cSBpe.jpg,smash,Left
CLM000850,Img506_jpg.rf.sIk0QeOhAwldedETcpiN.jpg,dent,Right
CLM000851,Img508_jpg.rf.TnSEQ4kXzAFzf8Ja0HRA.jpg,smash,Front
CLM000851,Img509_jpg.rf.7pU9wMBhehJyvWjJaXBs.jpg,dent,Rear
CLM000851,Img509_jpg.rf.LdW1XePu5HRDFOVGFRR0.jpg,dent,Left
CLM000852,Img514_jpg.rf.aSSRJkXncaS2rv9XrYsq.jpg,smash,Front
CLM000852,Img517_jpg.rf.WuzcF7SjEqSS2jphaZM4.jpg,smash,Rear
CLM000852,Img52_jpg.rf.qnJXpM9269KjVFvxK48X.jpg,scratch,Left
CLM000852,Img542_jpg.rf.LRbY4DOEeo8EoBbsI334.jpg,smash,Right
CLM000853,Img546_jpg.rf.p3IdWav31s7U5RBZ2mp7.jpg,dent,Front
CLM000853,Img547_jpg.rf.YNHNQxap17urIzlIMM3r.jpg,smash,Rear
CLM000853,Img54_jpg.rf.QDdCcmY2uLqhgm3hv4Fe.jpg,scratch,Left
CLM000853,Img56_jpg.rf.IZYE4XcWvQkGMPEMurxX.jpg,smash,Right
CLM000854,Img59_jpg.rf.bq1mjSlBFe3LvyK9rG0Y.jpg,smash,Front
CLM000854,Img59_jpg.rf.cXzu97nqGxLmAbfB0lKn.jpg,smash,Rear
CLM000854,Img64_jpg.rf.E3Uz7X8KU6gv7pPJd2O5.jpg,dent,Left
CLM000854,Img64_jpg.rf.IsImyZAewoRZGyb5Fjbb.jpg,dent,Right
CLM000855,Img67_jpg.rf.edDqX6xTeuLW1qshhEGV.jpg,smash,Front
CLM000855,Img67_jpg.rf.pd61pDI9FbfnctEdRsoq.jpg,smash,Rear
CLM000855,Img6_jpg.rf.16I9VXXTY0u3wGXrvVA2.jpg,dent,Left
CLM000855,Img6_jpg.rf.WAxvRFm88NubtI4NXCtW.jpg,dent,Right
CLM000856,Img70_jpg.rf.aOBw4h8LmyrPdSaF2TlY.jpg,dent,Front
CLM000856,Img75_jpg.rf.CcWp6oMxnyK4JsESgrDn.jpg,smash,Rear
CLM000856,Img75_jpg.rf.XdXbdn10BmbUYRXYapaf.jpg,smash,Left
CLM000856,Img86_jpg.rf.giaxU95p1Jm6VyVv0510.jpg,smash,Right
CLM000857,Img99_jpg.rf.yl0eTREquE2lhEZ9ZxJB.jpg,dent,Front
CLM000857,istockphoto-1296095067-612x612_jpeg_jpg.rf.mSdist3TIW9VPC6vhgDd.jpg,glass_break,Rear
CLM000858,istockphoto-1296095067-612x612_jpeg_jpg.rf.xsRbDvIFkFeWZ47FD5Mu.jpg,glass_break,Front
CLM000858,istockphoto-480600843-612x612_jpeg_jpg.rf.cbpv7wp1ynfNZTxhJpBW.jpg,glass_break,Rear
CLM000858,istockphoto-948465032-612x612_jpeg_jpg.rf.4xjOOy18JtioszfhEpXB.jpg,glass_break,Left
CLM000859,lamp-broken139_jpg.rf.tsPDKTihYKieKQMsAcRF.jpg,glass_break,Front
CLM000859,lamp-broken139_jpg.rf.vFlGFGEWPMKfPfdp6Mnd.jpg,glass_break,Rear
CLM000860,lamp-broken143_jpg.rf.4QRU7vfpI5emmwHJAgo3.jpg,glass_break,Front
CLM000860,lamp-broken143_jpg.rf.e8OVqAfTyaTr8usaR7Pf.jpg,glass_break,Rear
CLM000861,lamp-broken151_jpg.rf.JXcII3irAygcO9m9NMVh.jpg,dent,Front
CLM000861,lamp-broken155_jpg.rf.jEwIEIxeARnIuL8Wtb1l.jpg,glass_break,Rear
CLM000861,lamp-broken156_jpg.rf.rJlst8it0sGMLK0x8rtD.jpg,dent,Left
CLM000861,lamp-broken159_jpg.rf.VsYy3Bw7zsCnFvw7tf5U.jpg,glass_break,Right
CLM000862,lamp-broken159_jpg.rf.YiEPYxBV6P673CIrReke.jpg,glass_break,Front
CLM000862,lamp-broken199_jpg.rf.YRpHC7BxcvkVly7Kwxdc.jpg,smash,Rear
CLM000863,lamp-broken221_jpg.rf.bpGYhmxP7FyImUdZs6gB.jpg,glass_break,Front
CLM000863,lamp-broken232_jpg.rf.pStUNUaPEwvMpWY3Mj8f.jpg,scratch,Rear
CLM000863,lamp-broken241_jpg.rf.oUJriCzcD1vL2fJNUMlo.jpg,glass_break,Left
CLM000864,lamp-broken241_jpg.rf.wcY6oK5b5Y64wKIPchBh.jpg,glass_break,Front
CLM000864,lamp-broken327_jpg.rf.mjn9jPbT9HfUfonNQIsS.jpg,smash,Rear
CLM000864,lamp-broken344_jpg.rf.qAVHldKE49DeEAhDbPmF.jpg,glass_break,Left
CLM000865,lamp-broken354_jpg.rf.AxOrmQJJNU32RU6GLkWJ.jpg,smash,Front
CLM000865,lamp-broken367_jpg.rf.LpTSQ4lNDE3zbZQhe7LK.jpg,glass_break,Rear
CLM000865,lamp-broken373_jpg.rf.8d7g5bpIbjOsJ3ub3l1o.jpg,scratch,Left
CLM000866,lamp-broken390_jpg.rf.pgaUNfPaPfwJYyeeZBj1.jpg,glass_break,Front
CLM000866,lamp-broken392_jpg.rf.CjTS55PDHhI4vxOonv4i.jpg,dent,Rear
CLM000866,lamp-broken392_jpg.rf.ExBzqAbLnFv4MK4dXim4.jpg,dent,Left
CLM000867,lamp-broken411_png_jpg.rf.yenMLX0GcZJJbVURYHTZ.jpg,smash,Front
CLM000867,lamp-broken423_jpg.rf.FVnSfhgWim1qiIxtD1Ye.jpg,smash,Rear
CLM000867,lamp-broken423_jpg.rf.t9J1wK6Ntk3A2qcuIjeO.jpg,smash,Left
CLM000868,lamp-broken440_jpg.rf.Z4DeD5KR3FcqjFlI2wkH.jpg,glass_break,Front
CLM000868,lamp-broken465_jpg.rf.N4Zl7N5lp8Qy5qWJyHLy.jpg,glass_break,Rear
CLM000868,lamp-broken506_jpg.rf.jJXkLNTIRg00Ok6YdHPm.jpg,scratch,Left
CLM000868,lamp-broken509_jpg.rf.HwIACw9dbfIhBYoQ8yFi.jpg,glass_break,Right
CLM000869,lamp-broken516_jpg.rf.1EIlkbvTiAR7J1AUz8bQ.jpg,glass_break,Front
CLM000869,lamp-broken521_jpg.rf.8XyRnWYnRnjFjTpnQV7Z.jpg,scratch,Rear
CLM000870,lamp-broken532_jpg.rf.4bm1ZKd24xVcOWYD0XXR.jpg,glass_break,Front
CLM000870,lamp-broken534_jpg.rf.FOZSDkqiy5UrTj1jwkGu.jpg,glass_break,Rear
CLM000870,lamp-broken575_jpg.rf.sAUO1YLbGg1GIKj76fF5.jpg,smash,Left
CLM000871,lamp-broken578_jpg.rf.qqoy5FkVnDlzS7CUo4Hp.jpg,glass_break,Front
CLM000871,lamp-broken597_jpg.rf.WaCJwDvHcDB2UCSZN3cp.jpg,glass_break,Rear
CLM000871,lamp-broken619_jpg.rf.DsVOfYAj2Zn1qgtFXjky.jpg,dent,Left
CLM000871,lamp-broken635_jpg.rf.AtXFX4MAQtvRQPNPQKas.jpg,glass_break,Right
CLM000872,lamp-broken6_JPG_jpg.rf.ZwOJeJAK4KXiyM2AJzwV.jpg,dent,Front
CLM000872,lamp-broken79_jpg.rf.pEYaB7oBnhzlePZ7Cc1L.jpg,glass_break,Rear
CLM000873,lamp-broken85_jpg.rf.0gwPX3HnAeruds8euJTJ.jpg,scratch,Front
CLM000873,lamp-broken85_jpg.rf.P4tSfYFwfAB498Bzk2Up.jpg,scratch,Rear
CLM000873,lamp-broken86_jpg.rf.oJs7PzK8D6emmD3AJO61.jpg,dent,Left
CLM000873,lamp-broken98_jpg.rf.vg3J8Cj7EHsPIeXY9KnB.jpg,scratch,Right
CLM000874,rear-bumper-scratches-3_jpg.rf.mmKEyg9qCDXC7mXSbHx7.jpg,scratch,Front
CLM000874,scratch105_jpg.rf.GLi1G6w1SA0e3A3tm7FF.jpg,scratch,Rear
CLM000874,scratch110_jpg.rf.5gqr1aT3FgdtzuQUxsCz.jpg,scratch,Left
CLM000874,scratch130_jpg.rf.MrqBAcM2IAf5iKQQUFas.jpg,scratch,Right
CLM000875,scratch231_jpg.rf.J4iqeuJHBleVBO7H8raN.jpg,scratch,Front
CLM000875,scratch231_jpg.rf.PB9VtDB8dvSwFqj2H5BX.jpg,scratch,Rear
CLM000875,scratch242_jpg.rf.GHf7CdFhsG4CGMhldUjM.jpg,scratch,Left
CLM000875,scratch243_jpg.rf.WDgpJexjrlLuUEDETAXX.jpg,smash,Right
CLM000876,scratch256_jpg.rf.K1qw2XDt8fiTnyZ9hBcq.jpg,scratch,Front
CLM000876,scratch287_jpg.rf.i9Y8ctEyxi2QO1iIpxdZ.jpg,scratch,Rear
CLM000876,scratch316_jpg.rf.w6IdNqg4kgMgRFdhelTF.jpg,scratch,Left
CLM000876,scratch331_jpg.rf.BO15814YWWYqAFgUhFLt.jpg,scratch,Right
CLM000877,scratch364_jpg.rf.TzwBNQ1HTviFnmNTYDdJ.jpg,scratch,Front
CLM000877,scratch382_jpg.rf.HZ7JrtKTJrlB7hUe9vGy.jpg,scratch,Rear
CLM000877,scratch382_jpg.rf.icfJ1LVc6Iq4h72x3blQ.jpg,scratch,Left
CLM000877,scratch44_jpg.rf.jFJZ0JlbQvL4aJxwmyJE.jpg,scratch,Right
CLM000878,scratch476_jpg.rf.QVeZlxZiOZWzMiENJhuN.jpg,scratch,Front
CLM000878,scratch483_jpg.rf.vcVAZ59H6YnheQtr6eDL.jpg,scratch,Rear
CLM000878,scratch488_jpg.rf.XBCLFu1ok6erKoy727SU.jpg,scratch,Left
CLM000879,scratch502_jpg.rf.kqp4lRUIjohqPj39BhWr.jpg,scratch,Front
CLM000879,scratch52_jpg.rf.tg68ftaTZmJDmguRaSBZ.jpg,scratch,Rear
CLM000879,scratch579_jpg.rf.iP4k5dMZaSpM8I5ZdYQx.jpg,scratch,Left
CLM000880,scratch58_jpg.rf.NslZR9LHtZIQykEbim5n.jpg,scratch,Front
CLM000880,scratch86_jpg.rf.4NZ4i8dCla8uzKLXYm1I.jpg,scratch,Rear
CLM000880,scratch93_png_jpg.rf.0gkR5Rx4RJ1lYCOIPAJ5.jpg,scratch,Left
CLM000881,Screen-Shot-2021-09-09-at-16-00-54_png_jpg.rf.pjFlHNg3UIbETDCNKZKN.jpg,glass_break,Front
CLM000881,Screen-Shot-2021-09-09-at-16-00-54_png_jpg.rf.TY4W5mKuCrxztNfxfC43.jpg,glass_break,Rear
CLM000881,Screen-Shot-2021-09-09-at-16-06-51_png_jpg.rf.GRbBVJDPO9IKVG4ClAcS.jpg,glass_break,Left
CLM000882,Screen-Shot-2021-09-09-at-16-06-51_png_jpg.rf.WsBUBvWxE15saqT2zvNW.jpg,glass_break,Front
CLM000882,Screen-Shot-2021-09-09-at-16-07-25_png_jpg.rf.krRiVrg8GYPB8VX4GjN0.jpg,scratch,Rear
CLM000882,stock-photo-car-body-side-damage-after-an-road-traffic-accident-copy-space-1034226592_jpg.rf.fTYXrC92HZgowmzFqFm3.jpg,scratch,Left
CLM000882,stock-photo-car-body-side-damage-after-an-road-traffic-accident-copy-space-1034226592_jpg.rf.Mn5O71hONMGwiSuaMn7j.jpg,scratch,Right
CLM000883,stock-photo-car-is-broken-back-bumper-headlight-body-and-wheels-broken-1150080605_jpg.rf.ygx67wD89d61XE3fx1z7.jpg,smash,Front
CLM000883,stock-photo-close-up-rear-bumper-of-the-car-is-dented-from-a-car-accident-1509278543_jpg.rf.g5b58Uip25QCXRWbiAWe.jpg,scratch,Rear
CLM000883,stock-photo-scratch-the-car-s-front-bumper-traces-that-often-occur-in-many-cars-because-it-is-an-area-where-1742442104_jpg.rf.peoTRXfXEh6KKT5pFnav.jpg,scratch,Left
CLM000883,trainDamage-72-_jpg.rf.U8d4mtpj8X8eWJmgWie1.jpg,dent,Right
CLM000884,trainScratch-39-_jpg.rf.O4OJHVw8eptFoKBWJNqZ.jpg,scratch,Front
CLM000884,trainScratch-49-_jpg.rf.YfcHew6VlvcYN3Ui19XE.jpg,scratch,Rear
CLM000885,trainScratch-53-_jpg.rf.16b80IVfrJWHTjXb7RUk.jpg,scratch,Front
CLM000885,trainScratch-63-_jpg.rf.imjGejKvRA4Q4ZTX1jYb.jpg,scratch,Rear
CLM000886,trainScratch-65-_jpg.rf.2Zh79j9oXWQAVAnrGq3s.jpg,scratch,Front
CLM000886,trainScratch-67-_jpg.rf.ZZgLNc4Yo4E4OMSaWJqX.jpg,scratch,Rear
CLM000886,trainScratch-69-_jpg.rf.FWqv0IVI1dAvYLw6Ydp7.jpg,scratch,Left
CLM000886,trainScratch-71-_jpg.rf.jrkN8sMZaCmioWzsLHoh.jpg,scratch,Right
CLM000887,trainScratch-80-_jpg.rf.F6B6TCYv7dZfyg60ICce.jpg,scratch,Front
CLM000887,verso-2070099021_jpg.rf.XExT4wBLpcYlhBknyEt9.jpg,smash,Rear
CLM000887,0006_JPEG.rf.WEn40U6v1oDsLInaNj6i.JPEG,smash,Left
CLM000887,0020_JPEG.rf.HAuABMG1iU6J9OqFvJm3.JPEG,glass_break,Right
CLM000888,0038_JPEG.rf.YuNCe7a9qSxFLVvveq1h.JPEG,smash,Front
CLM000888,0040_JPEG_jpg.rf.Lnn2l5WfdwbgtWWR0Abe.jpg,dent,Rear
CLM000888,0072_JPEG.rf.bI6U3lp18HjOvXSKDU4x.JPEG,scratch,Left
CLM000888,0076_JPEG.rf.002qF5l5VOLA55bRPtXD.JPEG,smash,Right
CLM000889,0101_JPEG.rf.Th7AyABKqAQlxoJtUGwR.JPEG,glass_break,Front
CLM000889,0103_JPEG.rf.vlRIuRQaZUhdia2JR7AA.JPEG,smash,Rear
CLM000889,0104_JPEG.rf.Sq6w7dI3cSG1ZwUHs34k.JPEG,smash,Left
CLM000889,0107_JPEG.rf.AhjItLcOgGNWhy9cPDG3.JPEG,smash,Right
CLM000890,0116_JPEG.rf.ajprzciftF97NbArdez3.JPEG,dent,Front
CLM000890,0121_JPEG.rf.QvAzPO5hLDMsdG40pNEr.JPEG,dent,Rear
CLM000890,0132_JPEG.rf.MjN6pU3tIHZLjC799U0D.JPEG,dent,Left
CLM000891,0161_jpeg.rf.cAc3sZizXzo9h078IkXX.jpeg,dent,Front
CLM000891,0165_JPEG.rf.iL7lroIcNFJKcHmPxTVt.JPEG,smash,Rear
CLM000891,0165_JPEG_jpg.rf.nkAc0Y6VRoPA4RmSyqa7.jpg,smash,Left
CLM000892,0165_JPEG_jpg.rf.rc78FQ6Hxr11IZH8WzMN.jpg,smash,Front
CLM000892,0169_jpeg.rf.mErNzp5j5w1IaqaGkd55.jpeg,smash,Rear
CLM000893,0175_JPEG.rf.w1f1lGMpx1zcG1PQNp8Z.JPEG,smash,Front
CLM000893,0175_JPEG_jpg.rf.LTcsDtgmd2eMtr170w7q.jpg,glass_break,Rear
CLM000894,0178_JPEG.rf.DmQ5ncAIgHiNlEBadGmA.JPEG,smash,Front
CLM000894,0180_jpeg.rf.yqbrxpEBZB4xiecde6sP.jpeg,smash,Rear
CLM000894,0183_JPEG.rf.31CvbzvpvT3SfLoOco3E.JPEG,smash,Left
CLM000895,0215_JPEG.rf.mTe4qpiBR1L0z2rxOufW.JPEG,smash,Front
CLM000895,0218_JPEG.rf.AIv4b3gQugRj4WVZJcjV.JPEG,smash,Rear
CLM000895,0221_JPEG.rf.kbwOnLHyYZhA9ejXYHKB.JPEG,smash,Left
CLM000895,0237_JPEG.rf.zxd5DLRI9JNinuArva5Y.JPEG,smash,Right
CLM000896,0238_JPEG_jpg.rf.Im3p58l1JRePV2j17ubC.jpg,smash,Front
CLM000896,0246_JPEG.rf.wfDq7Gu4vHvuyWFfsemA.JPEG,smash,Rear
CLM000897,0251_JPEG.rf.QuGnPykYsEz34QIkkhjw.JPEG,smash,Front
CLM000897,0262_JPEG_jpg.rf.3ffsDntsA3ME9oFoMaiF.jpg,smash,Rear
CLM000897,0268_JPEG.rf.ImLfanteEo0VlfkkMM80.JPEG,smash,Left
CLM000898,0281_JPEG.rf.XmBG3b2jR6LPPybRewUx.JPEG,smash,Front
CLM000898,0291_JPEG.rf.LyAtMAYg1YNJA2NoBRMI.JPEG,smash,Rear
CLM000899,0304_JPEG.rf.JratsM4PNGChQlCtPXqI.JPEG,smash,Front
CLM000899,0305_JPEG.rf.hvRxusgFZM3CRrfCL2pH.JPEG,smash,Rear
CLM000900,0326_JPEG.rf.br6CjtlTVsnBvZsa1MJv.JPEG,smash,Front
CLM000900,0327_JPEG.rf.7sESiMSre2l7XkIxrSOc.JPEG,smash,Rear
CLM000900,0329_JPEG.rf.nGoJUWNIroBYyIGJ3ePc.JPEG,smash,Left
CLM000901,0335_JPEG.rf.i8tKJB08tw90nH02mqHq.JPEG,smash,Front
CLM000901,0337_JPEG.rf.OefNdtoVqHMDpWXx7ExY.JPEG,smash,Rear
CLM000901,0368_JPEG.rf.lVg0HSzqjrdgKdPyS51A.JPEG,smash,Left
CLM000901,0371_JPEG.rf.1RWGFZ1ascnnRuqUB3Ds.JPEG,smash,Right
CLM000902,0375_JPEG.rf.lWA9sQcIRlq3LR2yKzUU.JPEG,smash,Front
CLM000902,0378_JPEG_jpg.rf.zunr2dckMYJ8PNAwpATZ.jpg,dent,Rear
CLM000902,0384_JPEG.rf.WC4JOFfPv4VW35BFzhaL.JPEG,smash,Left
CLM000903,0396_JPEG.rf.5Z2qq1iKLe38VOzJlMqf.JPEG,smash,Front
CLM000903,0402_JPEG.rf.zUd8NbtVr47ymscgQQVi.JPEG,smash,Rear
CLM000903,0404_JPEG.rf.RaDKd8MuGQdJnDbAnD50.JPEG,smash,Left
CLM000904,0416_JPEG.rf.tWaOaY92k8HL5IW82aKS.JPEG,smash,Front
CLM000904,0420_JPEG.rf.02OKw3hYaKFxr86rarRT.JPEG,smash,Rear
CLM000905,0428_JPEG.rf.ShCNP3N8Tv2ly6Bg06TG.JPEG,smash,Front
CLM000905,0439_JPEG.rf.7taIvPx0I64bBpLJHLHb.JPEG,smash,Rear
CLM000906,0446_JPEG.rf.Ou2TprrsyIGoEkjmEKKC.JPEG,smash,Front
CLM000906,0462_JPEG.rf.0rNA2guLq93pFx24meNW.JPEG,smash,Rear
CLM000906,0472_JPEG.rf.TdfMHCiwkemqGnrvUdyP.JPEG,glass_break,Left
CLM000906,0477_JPEG.rf.Ju2wLS1vYnqIfBQ8CbSM.JPEG,dent,Right
CLM000907,0481_JPEG.rf.DF7NBz41W5kf0ABY6UXJ.JPEG,scratch,Front
CLM000907,0492_jpeg.rf.TzRteZSGgtXnZAADJhB3.jpeg,smash,Rear
CLM000907,0500_JPEG.rf.PhYopmxYE653BEHTO7uk.JPEG,smash,Left
CLM000907,0514_JPEG.rf.m4RHKS2BOg1PylRxYfVs.JPEG,smash,Right
CLM000908,0525_JPEG.rf.M5oTlwqz3NC3nO46I94M.JPEG,dent,Front
CLM000908,0543_JPEG.rf.DVDaYp5xmWJAp4mUBNgs.JPEG,smash,Rear
CLM000909,0555_JPEG.rf.8fzuXoydiS0Om68gDGZE.JPEG,glass_break,Front
CLM000909,0572_JPEG.rf.tXp5il8oYXVndJLEf5Nh.JPEG,dent,Rear
CLM000909,0589_JPEG.rf.0QpPbRZzqZWQpjhufXdO.JPEG,dent,Left
CLM000910,0591_JPEG.rf.frMZBUQXE2ujSj6N1Hck.JPEG,scratch,Front
CLM000910,0615_JPEG.rf.4ts6r1G9NNO6PEmh1NBX.JPEG,smash,Rear
CLM000910,0635_JPEG.rf.D34q0Bm6MY6EuI7XPMH9.JPEG,smash,Left
CLM000910,0644_JPEG.rf.wvGFgIYTXWALSgp0Hwdg.JPEG,glass_break,Right
CLM000911,0647_JPEG.rf.Gyk1dHNmzeZJ3oGktCNV.JPEG,smash,Front
CLM000911,0657_JPEG.rf.sKQ1qZavo6O27WQANhiD.JPEG,smash,Rear
CLM000912,0671_jpeg.rf.bDxAc00rHvZwyE5WW0qf.jpeg,dent,Front
CLM000912,0675_JPEG.rf.i2lGFVZQYaWCbce5jfPF.JPEG,dent,Rear
CLM000912,0681_JPEG.rf.lkJPZZOJFi4LUixCvr5E.JPEG,smash,Left
CLM000913,0694_JPEG.rf.y0rKL0L7l2Yt2R7AfTVM.JPEG,dent,Front
CLM000913,0754_JPEG.rf.Q3QUC36l2ShNHBSRM3Fy.JPEG,smash,Rear
CLM000913,0758_JPEG.rf.ASRt9aILH8mk3V2p8lnM.JPEG,glass_break,Left
CLM000913,0762_JPEG.rf.O058UXab6vxI8O6kb495.JPEG,glass_break,Right
CLM000914,0772_JPEG.rf.GswCdUcEfTAoemedDITr.JPEG,smash,Front
CLM000914,0773_JPEG.rf.TVC9XC2NosssL3iIoZ4L.JPEG,scratch,Rear
CLM000915,0778_JPEG.rf.QUjAhIADcXtYVA7RVx19.JPEG,smash,Front
CLM000915,0804_JPEG.rf.TYTDSLtWb6P4xMdVknic.JPEG,smash,Rear
CLM000915,0824_JPEG.rf.hNMuh5SjkdIjTA8PSdrE.JPEG,smash,Left
CLM000915,0830_JPEG.rf.RvK8OjuLM0MrqMyTaSmF.JPEG,smash,Right
CLM000916,0863_JPEG.rf.LJopNxx6a8NWyHroWl4P.JPEG,smash,Front
CLM000916,0882_JPEG.rf.R5livKQHXG5XBUyh7ynr.JPEG,smash,Rear
CLM000916,1017_jpeg_jpg.rf.88uGXfE1TOYOT7bFWgPU.jpg,dent,Left
CLM000917,1028_jpeg_jpg.rf.psHk0rqN6QHbMxclkoSz.jpg,glass_break,Front
CLM000917,1028_jpeg_jpg.rf.r4eclv4LpuCx2ABmqzFc.jpg,glass_break,Rear
CLM000917,1070_jpeg_jpg.rf.5grEVDmmVPUtJslDM7fd.jpg,glass_break,Left
CLM000918,1103_jpeg_jpg.rf.c6WuVoK9O33oxhcoMzVx.jpg,smash,Front
CLM000918,1103_jpeg_jpg.rf.VDAcPJqkyw2RI2x9AHnS.jpg,smash,Rear
CLM000919,1111_jpeg_jpg.rf.YbMsFBrG8cYdUDZEVl8r.jpg,glass_break,Front
CLM000919,1220_jpeg_jpg.rf.gcHwrCPhww1aUMzhzoa7.jpg,dent,Rear
CLM000919,131_jpg.rf.gbhoCBo0Ezbq8b0yh6Th.jpg,scratch,Left
CLM000920,134_jpg.rf.4GOKPB7XCg0oYuYGRv1c.jpg,scratch,Front
CLM000920,134_jpg.rf.4JjNPnKexGdTDoPvDVPk.jpg,scratch,Rear
CLM000921,1415_jpeg_jpg.rf.DYxFmQBDzE6FRfxYuQ2l.jpg,dent,Front
CLM000921,1511_jpeg_jpg.rf.0GxzxTQIU2cKGN8e96Wl.jpg,glass_break,Rear
CLM000922,156_jpeg_jpg.rf.0F9M7mUvuJ9dNWZ4ClBd.jpg,glass_break,Front
CLM000922,15_jpg.rf.97NR1r4dzxPchkgMCskH.jpg,dent,Rear
CLM000923,16_jpg.rf.94H3cZtfkpMAghqCzJt1.jpg,scratch,Front
CLM000923,17_jpg.rf.oVTWtbgYO7T0Hg70SMyb.jpg,dent,Rear
CLM000923,18_jpg.rf.UOVxqbS9jv5wAAdukD9D.jpg,dent,Left
CLM000924,22_jpg.rf.yBDW4ee2gqGJm7aRNwsC.jpg,dent,Front
CLM000924,25_jpg.rf.GvBsIzewotGSk5BoZ3su.jpg,smash,Rear
CLM000924,25_jpg.rf.MU6WLM0iVZ5dUPJDjzyj.jpg,smash,Left
CLM000924,27d3418e92_jpg.rf.DnycAzKYqItkBhLQJs5S.jpg,scratch,Right
CLM000925,29_jpg.rf.rR0yZGXBS4XdlA8iniin.jpg,smash,Front
CLM000925,2_jpg.rf.6BCqLAbDWWVHZSdZM81w.jpg,dent,Rear
CLM000925,2b5c576d47_jpg.rf.GGqghYXzo0Qxb5Bxe5pG.jpg,glass_break,Left
CLM000925,31_jpg.rf.TebcWTPUyVt3OxTxGSTu.jpg,smash,Right
CLM000926,32_jpg.rf.5ZMoI4hm7IeSnks7hv2W.jpg,smash,Front
CLM000926,3390a07999_jpg.rf.FNg6EqAYQs8gUO6GvF1Y.jpg,glass_break,Rear
CLM000926,3390a07999_jpg.rf.o8gVHJUuI5Be18RIw8ev.jpg,glass_break,Left
CLM000927,36_jpg.rf.L3wb427WOcEhaE2uJj48.jpg,dent,Front
CLM000927,37_jpg.rf.WBV8Ohpjt3F9aE3Z4EP6.jpg,dent,Rear
CLM000927,38_jpg.rf.PIok4ED2xyFEwMZILVjc.jpg,dent,Left
CLM000928,38_jpg.rf.yza9Ze7wIUEW7puVjBLy.jpg,dent,Front
CLM000928,3_jpg.rf.wmeRzvqRiOUgwwCkJwZc.jpg,scratch,Rear
CLM000928,424fb8b4c4_jpg.rf.g5dM3exzc5VFcDcRYCyn.jpg,glass_break,Left
CLM000928,424fb8b4c4_jpg.rf.peOjFqctEFxsguuspLV1.jpg,glass_break,Right
CLM000929,424fb8b4c4_jpg.rf.VyQOu8SitXWKJsp5vqvw.jpg,glass_break,Front
CLM000929,42_jpg.rf.qF4GmDSErru3NZ1PAbmc.jpg,smash,Rear
CLM000930,43_jpg.rf.Ga3jLHwaqNQCZgs2f2Vp.jpg,smash,Front
CLM000930,43_jpg.rf.jXQEITRs75QoawgyRyjk.jpg,scratch,Rear
CLM000930,44_jpg.rf.EH3vrGGb3uyeKI0d7LoS.jpg,dent,Left
CLM000931,47_jpg.rf.pqNiz2J5kLuPzaWwg5PP.jpg,smash,Front
CLM000931,47_jpg.rf.uyzFiY5RI4Ecrjw7yYRV.jpg,smash,Rear
CLM000932,4_jpg.rf.NtqryR65F3K9M8R75tpY.jpg,dent,Front
CLM000932,4c592470b1_jpg.rf.cjxmglT6ORSupRN0i74m.jpg,glass_break,Rear
CLM000933,4c592470b1_jpg.rf.ktDjg03vAa3DOWBbVpeg.jpg,glass_break,Front
CLM000933,50_jpg.rf.ZHUTp5gQEtqNiKNS9DMO.jpg,smash,Rear
CLM000933,53_jpg.rf.ZQPVzFFBBu9E0Ir7WgRh.jpg,smash,Left
CLM000934,56_jpg.rf.gLK0hv5ge4QBF6eJjBIV.jpg,smash,Front
CLM000934,56_jpg.rf.tawtL2LwOnqYM5aOmyx2.jpg,smash,Rear
CLM000934,5_jpg.rf.lVqrc6A9S9ITRyppMDWa.jpg,dent,Left
CLM000935,5_jpg.rf.q1rtsK5oiTcIGlIoOAA8.jpg,dent,Front
CLM000935,5_jpg.rf.WISLPyfaT7ROAQTVijdT.jpg,dent,Rear
CLM000935,5e087ca2e0_jpg.rf.Dc5m3XgDMCniYhjOHEDX.jpg,smash,Left
CLM000935,630_jpeg_jpg.rf.BXEJwO0kbfqOAeEfa4hm.jpg,scratch,Right
CLM000936,66_jpeg_jpg.rf.CcPcfbTk706r2UTqPEsJ.jpg,glass_break,Front
CLM000936,75_jpg.rf.303meEVMJ3Nc9Ar4u1hx.jpg,dent,Rear
CLM000936,76_jpg.rf.WG5I3gnAVbMt9GaIeK4p.jpg,scratch,Left
CLM000937,77_jpg.rf.5fU0HL3XEwvZUpzFwzd9.jpg,scratch,Front
CLM000937,78_jpg.rf.zFD9XXwX8z8IDVy1ZBJh.jpg,dent,Rear
CLM000938,7a794ed189_jpg.rf.lAoMV0fMYPU155vfDRce.jpg,glass_break,Front
CLM000938,873_jpeg_jpg.rf.3lNnk7a1eLSN01viGRxo.jpg,scratch,Rear
CLM000938,88d69f9fe4_jpg.rf.QfaDMzEEWcano6ck9Jd5.jpg,glass_break,Left
CLM000938,91_jpg.rf.mSTDnOp07s2vF4nl3yzn.jpg,scratch,Right
CLM000939,9_jpg.rf.AUYYkhxKgsFXeHS8w4VB.jpg,scratch,Front
CLM000939,akhand_b43_213_jpg.rf.LmWGBvSavM1dIE7RPN4m.jpg,glass_break,Rear
CLM000940,akhand_b43_255_jpg.rf.94uESQ8TYJfm9Hs8ZtfN.jpg,glass_break,Front
CLM000940,akhand_b43_336_jpg.rf.8HijHwCiQL4KFFw8pY0Y.jpg,scratch,Rear
CLM000940,akhand_b43_447_jpg.rf.h35FZt5eVLRlhlThi8Hl.jpg,smash,Left
CLM000941,akhand_b43_496_jpg.rf.sCRkwcVLdUEvuJeW0pQF.jpg,smash,Front
CLM000941,akhand_b43_95_jpg.rf.LXDQw2DC3kBAos6kCP5i.jpg,scratch,Rear
CLM000942,back-bumper-side-scartches-on-car-hd-images62_jpg.rf.rP1NzvI29iYQP9j6NsnE.jpg,dent,Front
CLM000942,back_0066_jpg.rf.n39VdGnBn5oCMXHipfDJ.jpg,glass_break,Rear
CLM000942,c957fe4s-960_jpeg_jpg.rf.o6E8g4B9xzJq98vIIFPn.jpg,glass_break,Left
CLM000942,car-dorr-glass-broken29_jpg.rf.LkhTsQm1aoE2zBZ3Ftbf.jpg,glass_break,Right
CLM000943,car-dorr-glass-broken38_jpg.rf.Et31WCxRe1WFTJ0V5vvX.jpg,glass_break,Front
CLM000943,car-front-glass-broken-pic27_jpg.rf.et0Ow3JT9n3cvMKsMCMd.jpg,glass_break,Rear
CLM000944,corolla-1490543314_jpg.rf.5BKVDeY2sqwlZXI2iKN0.jpg,smash,Front
CLM000944,crashed176_jpg.rf.qYq9wQk6wKljmVFzpaK8.jpg,smash,Rear
CLM000944,crashed178_jpg.rf.29udrr8GRdwsK0BH1thH.jpg,smash,Left
CLM000945,crashed204_jpg.rf.eAj4ZpSuuiAJNs3LfK00.jpg,smash,Front
CLM000945,crashed222_jpg.rf.6DkB4qgR3Lk5vLMT3ruE.jpg,smash,Rear
CLM000945,crashed222_jpg.rf.GtGcOeCebwg6OQAS3OCx.jpg,smash,Left
CLM000945,crashed225_jpg.rf.iGV9h9KxD9XwZQat0LIL.jpg,smash,Right
CLM000946,crashed235_jpg.rf.Fv1XGO6vDDQMLYm3aNmk.jpg,smash,Front
CLM000946,crashed244_jpg.rf.KVOvcpPn4bzaGOqLONkX.jpg,smash,Rear
CLM000946,crashed269_jpg.rf.93c6nXXJJQRHgzoNPPpe.jpg,smash,Left
CLM000946,crashed269_jpg.rf.9NjR0zmv5Uja8K3e6u28.jpg,smash,Right
CLM000947,crashed347_jpg.rf.4bSW0c1BGd2LemCnhRgU.jpg,smash,Front
CLM000947,crashed359_jpg.rf.Wur2Rd6duTprLHltz981.jpg,smash,Rear
CLM000947,crashed423_jpg.rf.YLo9wMqxiW4o8LyGU7RQ.jpg,smash,Left
CLM000947,crashed454_jpg.rf.bTUBXvVZAuyF3Sd1l7VV.jpg,smash,Right
CLM000948,crashed454_jpg.rf.rI9CtQ4ae5DV8XwW2Lxe.jpg,smash,Front
CLM000948,crashed454_jpg.rf.sxnr8j8vqv6a1gSwgcmA.jpg,smash,Rear
CLM000948,crashed468_jpg.rf.GOyQfoYnyFvWR4kt5yi6.jpg,smash,Left
CLM000949,crashed516_jpg.rf.k8nnpRcsdTYGEdwgygSv.jpg,smash,Front
CLM000949,crashed568_jpg.rf.R8RwyFDWufkrdGrZLrjx.jpg,smash,Rear
CLM000949,damaged-taillight-cars-photos-hd49_jpg.rf.4pBT56gBDxsI7fpw1sOo.jpg,dent,Left
CLM000949,dent-image-on-car-dorr-side-37_jpg.rf.vTUwIzBkVGea0VxouYav.jpg,smash,Right
CLM000950,dent1171_jpg.rf.DEJHPZJ7DV9dIgM6RBrU.jpg,smash,Front
CLM000950,dent1175_jpg.rf.48sQUmiHU66f8O18Lc6A.jpg,smash,Rear
CLM000950,dent1187_jpg.rf.s3sCgyRSCxIxN0xzTTpv.jpg,dent,Left
CLM000950,dent1336_jpg.rf.1Odv4iQ69wKnVurVZy9R.jpg,dent,Right
CLM000951,dent1336_jpg.rf.jJPeuBxwC0EKilAURPZc.jpg,dent,Front
CLM000951,dent1336_jpg.rf.OPFHVVbR4xT9h9LOQEtN.jpg,dent,Rear
CLM000951,dent235_jpg.rf.OkdPCzDuweGcVyyowweP.jpg,dent,Left
CLM000951,dent370_jpeg_jpg.rf.knjh3gRQFAbWGjmo0PSq.jpg,dent,Right
CLM000952,dent414_jpg.rf.OndgtmhQZtuCRyHhxn8v.jpg,dent,Front
CLM000952,dent495_jpg.rf.atBxuFUT2QYUTHnvjXwR.jpg,scratch,Rear
CLM000953,dent509_jpg.rf.Pfr8qoBUiuXJGH6Hxzpb.jpg,dent,Front
CLM000953,dent520_jpg.rf.4KodPoPWiML2ZKpdCRb6.jpg,dent,Rear
CLM000953,dent557_jpg.rf.UpRQrXJcdtK0A8bu9glQ.jpg,dent,Left
CLM000954,dent587_jpg.rf.Nm4E7ok1NhfQdAR8uh72.jpg,dent,Front
CLM000954,dent777_jpg.rf.tRgIM5F05sn0pRAv1Dce.jpg,dent,Rear
CLM000954,dent905_jpg.rf.3XSmTaeDwlh5cYnKfcq3.jpg,dent,Left
CLM000954,front-broken-glass-of-car-photos-hd55_jpg.rf.D0CA0YYEtayy7xGbO7e9.jpg,glass_break,Right
CLM000955,glass108_jpg.rf.4aC2Hnfxj1aZImdalrqN.jpg,glass_break,Front
CLM000955,glass185_jpg.rf.g3BT4lb2DSaE4Yu1r7ff.jpg,glass_break,Rear
CLM000956,glass189_jpg.rf.uhOxpj3CZ3e183TTIo4W.jpg,glass_break,Front
CLM000956,glass295_jpg.rf.dh3aOdQkFqTwUYjUPNlV.jpg,glass_break,Rear
CLM000957,glass337_jpg.rf.Ak9j3boC4jnhBdrAy4UK.jpg,glass_break,Front
CLM000957,glass337_jpg.rf.DiVpgvElXFKiT6w1g38B.jpg,glass_break,Rear
CLM000957,glass374_jpg.rf.HFyfzJevSEvDeOL93vuW.jpg,glass_break,Left
CLM000958,glass535_jpg.rf.9J4aVMP1WNZ7sLX3Eq5i.jpg,glass_break,Front
CLM000958,glass54_jpg.rf.47RbI0hX1PrXUyM3CwQf.jpg,glass_break,Rear
CLM000959,glass580_jpg.rf.nkRvWQtXOU0pnlnFK72b.jpg,dent,Front
CLM000959,glass64_jpg.rf.PK1UNYLOdMIeJYSWCCJA.jpg,glass_break,Rear
CLM000959,glass739_jpg.rf.FyFyiadMALtFZ7EbgNJV.jpg,glass_break,Left
CLM000960,glass739_jpg.rf.jBkV8z1ofKmOQI4GH7zy.jpg,glass_break,Front
CLM000960,glass741_jpg.rf.hhhFkkn7ki41gI7Tk7H8.jpg,glass_break,Rear
CLM000961,glass75_jpg.rf.gDIHMUbAyFC8DRnQmEy2.jpg,glass_break,Front
CLM000961,glass766_jpg.rf.9UErujDzjA0BAbIXhcJk.jpg,glass_break,Rear
CLM000961,glass777_jpg.rf.g2WTHYEG7Po0nuKBvOq4.jpg,glass_break,Left
CLM000962,glass908_jpg.rf.6kBPUbfIY0JlX3os9chv.jpg,glass_break,Front
CLM000962,glass920_jpg.rf.NjtsbegG4IZuAPyw7Rcy.jpg,glass_break,Rear
CLM000963,glass958_jpg.rf.OVbJPafeljgbpHUv6WbT.jpg,glass_break,Front
CLM000963,Img0_jpg.rf.c0GORcDhmGiz6Nn5DqlW.jpg,smash,Rear
CLM000964,Img105_jpg.rf.4gjE1WWndkm9egqCtcxW.jpg,smash,Front
CLM000964,Img106_jpg.rf.LuanJD5KYhprDNTAGFKF.jpg,smash,Rear
CLM000964,Img107_jpg.rf.nymvsnzn3reTweSs3mes.jpg,smash,Left
CLM000964,Img115_jpg.rf.q1H3r2HhJARH7Byau59N.jpg,scratch,Right
CLM000965,Img122_jpg.rf.A0YXEZa3sPHPYU7pRyL4.jpg,dent,Front
CLM000965,Img123_jpg.rf.AXeMmtZpd1F0Whc9Y5Dd.jpg,dent,Rear
CLM000965,Img126_jpg.rf.XPjAL0zAIR2dVjy1IixT.jpg,smash,Left
CLM000965,Img127_jpg.rf.nXu0yw20Tim0OKEZksQy.jpg,smash,Right
CLM000966,Img155_jpg.rf.YhhSaJvxYFANlXpG5oEc.jpg,scratch,Front
CLM000966,Img183_jpg.rf.IOgSbIt1bJicoLCCsqkS.jpg,scratch,Rear
CLM000966,Img187_jpg.rf.6uu1u2ckcUcKQyZ7ZgG5.jpg,dent,Left
CLM000966,Img190_jpg.rf.ecRgKMXnfu8gitkClnmu.jpg,smash,Right
CLM000967,Img191_jpg.rf.c4gxdnVBSM7HzPEiPdBX.jpg,smash,Front
CLM000967,Img198_jpg.rf.jlOmxXHgwCacsIRYaMHj.jpg,smash,Rear
CLM000967,Img199_jpg.rf.9fkVuFxFaM35NUuk6OnX.jpg,glass_break,Left
CLM000967,Img199_jpg.rf.IF5wbk1cF74kXezl1NBp.jpg,glass_break,Right
CLM000968,Img203_jpg.rf.T8GZmjewCnksJEDfvAhV.jpg,dent,Front
CLM000968,Img203_jpg.rf.XTs4YrhDf7Ko3WTH9J1l.jpg,dent,Rear
CLM000968,Img208_jpg.rf.ifRGTZcf9PCx2lZjMMJT.jpg,smash,Left
CLM000968,Img209_jpg.rf.Uwm8dVpKf4CL7yFhv9Qd.jpg,smash,Right
CLM000969,Img213_jpg.rf.ucs1iKV0WUfvL3vA7cSn.jpg,dent,Front
CLM000969,Img224_jpg.rf.ULUPr5WHM1y8VsMsIKRo.jpg,dent,Rear
CLM000970,Img225_jpg.rf.pH0JC8XarnYb75B9N6AK.jpg,smash,Front
CLM000970,Img227_jpg.rf.pQblrioU2c3l3TH3HVSg.jpg,dent,Rear
CLM000971,Img229_jpg.rf.cAw6KsfV2bXhjAaT4VcZ.jpg,smash,Front
CLM000971,Img230_jpg.rf.y4jjSm4Vy6WCaX4igBWa.jpg,scratch,Rear
CLM000971,Img234_jpg.rf.HfQMjlEpGM4s7uPgDLxk.jpg,dent,Left
CLM000972,Img251_jpg.rf.6tKFJ4KlRxafzXW26WgN.jpg,smash,Front
CLM000972,Img268_jpg.rf.4Nx63P5o1Tj00Ddrl1Vj.jpg,smash,Rear
CLM000973,Img271_jpg.rf.i4hFipMMA1mrumkiOTB9.jpg,scratch,Front
CLM000973,Img274_jpg.rf.O4rM6TV8hBWxSh7fOY9F.jpg,scratch,Rear
CLM000973,Img372_jpg.rf.2gHjdcYiAgtlH13ZwCJ3.jpg,smash,Left
CLM000973,Img37_jpg.rf.rIAo6J0RsT3WOEfXLYZo.jpg,scratch,Right
CLM000974,Img389_jpg.rf.GyeUMycuUQ8oCKqh7LVB.jpg,dent,Front
CLM000974,Img399_jpg.rf.DoHsauDFAsVXkjfSSSxF.jpg,dent,Rear
CLM000975,Img401_jpg.rf.E0vQ3cC8moFNFupN6wHC.jpg,smash,Front
CLM000975,Img407_jpg.rf.mzmMfClSJdHlyaiJMYMx.jpg,dent,Rear
CLM000975,Img410_jpg.rf.7gIm9xq0xcEv4OIz0IsQ.jpg,smash,Left
CLM000976,Img422_jpg.rf.UAxcsfrfdofBTAywnjJq.jpg,dent,Front
CLM000976,Img423_jpg.rf.WZ4IcnkxirjEgG4qQOhK.jpg,dent,Rear
CLM000976,Img438_jpg.rf.Vd3UbDogrOAOOS4UgFq7.jpg,dent,Left
CLM000976,Img442_jpg.rf.MMlXfQYRUPv1DwrFy7K3.jpg,dent,Right
CLM000977,Img448_jpg.rf.lFrc2uL4Lc6hwToC3aq7.jpg,dent,Front
CLM000977,Img457_jpg.rf.LlfpBrJieizCNX35QqLH.jpg,scratch,Rear
CLM000977,Img506_jpg.rf.GEu8e3SGT0mA0sQuy0ux.jpg,dent,Left
CLM000978,Img507_jpg.rf.rBBCIqKvQhaMQUHu3yx9.jpg,smash,Front
CLM000978,Img510_jpg.rf.pVGy38s3QqEvVLda9LmK.jpg,dent,Rear
CLM000978,Img535_jpg.rf.RsYqT0cYZElzlADbuy4F.jpg,scratch,Left
CLM000978,Img65_jpg.rf.RZxwcLt31QYarVS1T8yE.jpg,smash,Right
CLM000979,Img70_jpg.rf.gwtm0fGAyVfCcGlfXYT1.jpg,dent,Front
CLM000979,Img75_jpg.rf.jEl3KKf97AkxO4TZajCc.jpg,smash,Rear
CLM000979,Img88_jpg.rf.rhK7foqQwWYvJ2XKOEhW.jpg,smash,Left
CLM000980,Img8_jpg.rf.8lsE1bSRu4r86dapo6uC.jpg,smash,Front
CLM000980,Img90_jpg.rf.5r6F78G6hVWwVcAaEq0n.jpg,smash,Rear
CLM000981,istockphoto-1090355644-612x612_jpeg_jpg.rf.ygs9cSMDKub3zeqrfWHq.jpg,glass_break,Front
CLM000981,istockphoto-1296095067-612x612_jpeg_jpg.rf.PnY1YkXkNXQth07LZOby.jpg,glass_break,Rear
CLM000981,lamp-broken126_jpg.rf.iewKHkrHvYUSftufecvg.jpg,glass_break,Left
CLM000981,lamp-broken129_jpg.rf.8G74CrxMYWGtRlfRUQv1.jpg,glass_break,Right
CLM000982,lamp-broken151_jpg.rf.aSFdbUuOPUkqBpjeX3UF.jpg,dent,Front
CLM000982,lamp-broken159_jpg.rf.PU8r2nkwXIqSbyjamkk3.jpg,glass_break,Rear
CLM000983,lamp-broken199_jpg.rf.lijtG0DDr9DEGWdAfWtg.jpg,smash,Front
CLM000983,lamp-broken215_jpg.rf.LnFK1XP5QrehyZ7DbBIa.jpg,glass_break,Rear
CLM000984,lamp-broken23_jpg.rf.mwB5ssC8v0PKjzR8PJOW.jpg,glass_break,Front
CLM000984,lamp-broken367_jpg.rf.9aBIsTqQI8ED3oj8C7Nt.jpg,glass_break,Rear
CLM000984,lamp-broken373_jpg.rf.8xAsFG2ssPFseR6JG2Kl.jpg,scratch,Left
CLM000984,lamp-broken440_jpg.rf.vmycKDv1sVoqpFRK2j6p.jpg,glass_break,Right
CLM000985,lamp-broken506_jpg.rf.gIE8rIXJ9dxpMSXhf3TP.jpg,scratch,Front
CLM000985,lamp-broken516_jpg.rf.fm478Ae15U8qvDicNxnt.jpg,glass_break,Rear
CLM000985,lamp-broken521_jpg.rf.Qle99EUeIKjaLSza5QRF.jpg,scratch,Left
CLM000986,lamp-broken523_jpg.rf.gnsRiRCJuUxsdLDITR2l.jpg,glass_break,Front
CLM000986,lamp-broken534_jpg.rf.kverxn2c08dQkm2h0nzq.jpg,glass_break,Rear
CLM000986,lamp-broken556_jpg.rf.j8EjLLKn8rH88aMtUi85.jpg,glass_break,Left
CLM000986,scratch192_jpg.rf.7kZIAxq58sf92CJ6M2Pu.jpg,scratch,Right
CLM000987,scratch192_jpg.rf.l0Xds9giVCbh0tVX4KSK.jpg,scratch,Front
CLM000987,scratch281_jpg.rf.To79QpBOReAb1F4OTPSo.jpg,scratch,Rear
CLM000987,scratch324_jpg.rf.GZvNIZY145HkmGvYUQvt.jpg,scratch,Left
CLM000988,scratch385_jpg.rf.iXcEeqvO0SlKxx96sX7W.jpg,scratch,Front
CLM000988,scratch52_jpg.rf.w7EpbXxUWcTcM6BfjTCD.jpg,scratch,Rear
CLM000989,scratch602_jpg.rf.eCFudahVBHZ2YtG6w5TZ.jpg,scratch,Front
CLM000989,Screen-Shot-2021-09-09-at-15-57-52_png_jpg.rf.Xg635h51JvgLSifFRSZP.jpg,scratch,Rear
CLM000989,Screen-Shot-2021-09-09-at-15-58-00_png_jpg.rf.kFxSBrAErVXreAl8zgRq.jpg,glass_break,Left
CLM000990,Screen-Shot-2021-09-09-at-15-58-04_png_jpg.rf.5tUpm2Qb9VwPq6CXuzPd.jpg,glass_break,Front
CLM000990,Screen-Shot-2021-09-09-at-16-04-30_png_jpg.rf.NlRJu6mhaXaFqFX8VBHJ.jpg,glass_break,Rear
CLM000990,Screen-Shot-2021-09-09-at-16-05-18_png_jpg.rf.fHFyh4PDRwKQFGeSsGCO.jpg,glass_break,Left
CLM000990,stock-photo-a-car-has-a-dented-rear-bumper-after-an-accident-254778655_jpg.rf.2rEdXVUoNL4k92OpshPf.jpg,smash,Right
CLM000991,trainScratch-39-_jpg.rf.JvB4SHPnhI1o885UR3Zh.jpg,scratch,Front
CLM000991,trainScratch-52-_jpg.rf.EE52ABYgbskH8RhLLK7e.jpg,scratch,Rear
CLM000991,trainScratch-56-_jpg.rf.EQ99mosf3Hi00wambv49.jpg,scratch,Left
CLM000992,trainScratch-56-_jpg.rf.UOJrUvmyji5e571UQGMs.jpg,scratch,Front
CLM000992,trainScratch-65-_jpg.rf.h1q8z0NkEPA5sXs7s3zK.jpg,scratch,Rear
CLM000992,trainScratch-74-_jpg.rf.iLgIqnrVUWHM5KwkjkpU.jpg,scratch,Left
CLM000992,trainScratch-74-_jpg.rf.TEprOiqHnLqOb2qhneYJ.jpg,scratch,Right
CLM000993,trainScratch-78-_jpg.rf.AKHL4TTyYXLqWrwGH73u.jpg,scratch,Front
CLM000993,trainScratch-78-_jpg.rf.Zad7YcocSRt3xhxucPNJ.jpg,scratch,Rear
CLM000993,trainScratch-82-_jpg.rf.poVBIHEtDwTU6SqT1q91.jpg,scratch,Left
CLM000994,trainScratch-83-_jpg.rf.rQii8vFIPRdNQPmayQFZ.jpg,scratch,Front
CLM000994,trainScratch-84-_jpg.rf.yVFox5bX2VzaHu4MF9Kx.jpg,scratch,Rear
CLM000994,trainScratch-88-_jpg.rf.GeD86D2W5C49201yYOh1.jpg,scratch,Left
