Claim_ID,Customer_ID,Policy_Number,Accident_Date,Claim_Date,Damage_Type,Accident_Description,Estimated_Repair_Cost,Claim_Amount,Fraud_Label,Fraud_Score,Claim_Status,Inspection_Status,CV_Status,NLP_Status,RAG_Status,Final_Decision
CLM000001,CUST00020,POL00017,2026-06-04,2026-06-05,smash,Major highway collision caused extensive front-end damage.,64592,63592,Genuine,20,Pending,Pending,Pending,Pending,Pending,Pending
CLM000002,CUST00003,POL00012,2026-02-27,2026-02-27,scratch,Scratches were noticed after the vehicle was parked overnight.,3488,2488,Genuine,37,Pending,Pending,Pending,Pending,Pending,Pending
CLM000003,CUST00083,POL00027,2026-06-21,2026-06-26,dent,Another vehicle hit the car while waiting at a traffic signal.,22719,19719,Genuine,5,Pending,Pending,Pending,Pending,Pending,Pending
CLM000004,CUST00092,POL00002,2026-07-07,2026-07-09,smash,A high-speed accident caused significant structural damage.,175463,172463,Fraud,82,Pending,Pending,Pending,Pending,Pending,Pending
CLM000005,CUST00026,POL00030,2026-02-21,2026-02-25,scratch,Minor scratches occurred due to contact with another parked vehicle.,5045,1000,Genuine,23,Pending,Pending,Pending,Pending,Pending,Pending
CLM000006,CUST00094,POL00015,2026-06-02,2026-06-02,scratch,Side panel was scratched while passing through a narrow street.,13834,11834,Genuine,10,Pending,Pending,Pending,Pending,Pending,Pending
CLM000007,CUST00094,POL00015,2026-02-02,2026-02-07,glass_break,Windshield cracked after being struck by flying debris.,36260,33260,Genuine,22,Pending,Pending,Pending,Pending,Pending,Pending
CLM000008,CUST00064,POL00014,2026-06-05,2026-06-10,glass_break,Side window broke after impact from roadside debris.,42294,37294,Genuine,40,Pending,Pending,Pending,Pending,Pending,Pending
CLM000009,CUST00010,POL00023,2026-03-08,2026-03-13,smash,A high-speed accident caused significant structural damage.,102581,99581,Fraud,99,Pending,Pending,Pending,Pending,Pending,Pending
CLM000010,CUST00010,POL00023,2026-05-29,2026-06-03,dent,Vehicle was dented after accidental impact with a divider.,29064,24064,Genuine,13,Pending,Pending,Pending,Pending,Pending,Pending
CLM000011,CUST00047,POL00010,2026-03-23,2026-03-26,glass_break,Windshield cracked after being struck by flying debris.,38175,35175,Genuine,13,Pending,Pending,Pending,Pending,Pending,Pending
CLM000012,CUST00098,POL00007,2026-04-25,2026-04-29,smash,Vehicle was heavily damaged after colliding with another car.,70969,65969,Genuine,29,Pending,Pending,Pending,Pending,Pending,Pending
CLM000013,CUST00020,POL00017,2026-07-03,2026-07-05,glass_break,Windshield developed cracks following a highway incident.,19507,16507,Genuine,26,Pending,Pending,Pending,Pending,Pending,Pending
CLM000014,CUST00020,POL00017,2026-02-21,2026-02-23,glass_break,Glass damage occurred due to falling construction material.,29261,27261,Genuine,11,Pending,Pending,Pending,Pending,Pending,Pending
CLM000015,CUST00087,POL00020,2026-04-30,2026-05-02,glass_break,A stone from a truck shattered the front windshield.,12037,9037,Genuine,12,Pending,Pending,Pending,Pending,Pending,Pending
CLM000016,CUST00099,POL00016,2026-06-29,2026-06-30,smash,Vehicle was heavily damaged after colliding with another car.,145932,140932,Genuine,39,Pending,Pending,Pending,Pending,Pending,Pending
CLM000017,CUST00092,POL00002,2026-02-10,2026-02-15,smash,A high-speed accident caused significant structural damage.,171754,169754,Genuine,30,Pending,Pending,Pending,Pending,Pending,Pending
CLM000018,CUST00045,POL00018,2026-03-03,2026-03-07,dent,Driver hit a roadside pole while taking a turn.,16123,14123,Fraud,70,Pending,Pending,Pending,Pending,Pending,Pending
CLM000019,CUST00094,POL00015,2026-05-08,2026-05-08,smash,Front portion of the vehicle was severely smashed during an accident.,132719,131719,Genuine,7,Pending,Pending,Pending,Pending,Pending,Pending
CLM000020,CUST00094,POL00015,2026-05-30,2026-06-02,smash,Vehicle was heavily damaged after colliding with another car.,120678,118678,Genuine,35,Pending,Pending,Pending,Pending,Pending,Pending
CLM000021,CUST00094,POL00015,2026-07-18,2026-07-23,dent,Vehicle suffered a dent after a rear-end collision.,22124,19124,Genuine,34,Pending,Pending,Pending,Pending,Pending,Pending
CLM000022,CUST00045,POL00018,2026-06-26,2026-06-29,smash,Vehicle collided with a divider resulting in severe body damage.,82591,80591,Genuine,33,Pending,Pending,Pending,Pending,Pending,Pending
CLM000023,CUST00020,POL00017,2026-07-28,2026-07-28,smash,Vehicle collided with a divider resulting in severe body damage.,108082,107082,Fraud,87,Pending,Pending,Pending,Pending,Pending,Pending
CLM000024,CUST00092,POL00002,2026-04-25,2026-04-25,smash,Vehicle was heavily damaged after colliding with another car.,78016,73016,Genuine,15,Pending,Pending,Pending,Pending,Pending,Pending
CLM000025,CUST00026,POL00030,2026-06-06,2026-06-06,smash,Front portion of the vehicle was severely smashed during an accident.,141303,136303,Fraud,79,Pending,Pending,Pending,Pending,Pending,Pending
CLM000026,CUST00098,POL00007,2026-06-21,2026-06-21,glass_break,Glass damage occurred due to falling construction material.,15286,10286,Genuine,38,Pending,Pending,Pending,Pending,Pending,Pending
CLM000027,CUST00078,POL00004,2026-03-05,2026-03-09,smash,Major highway collision caused extensive front-end damage.,58907,56907,Genuine,20,Pending,Pending,Pending,Pending,Pending,Pending
CLM000028,CUST00083,POL00027,2026-06-28,2026-07-03,smash,A high-speed accident caused significant structural damage.,76772,73772,Genuine,30,Pending,Pending,Pending,Pending,Pending,Pending
CLM000029,CUST00099,POL00016,2026-03-24,2026-03-26,glass_break,A stone from a truck shattered the front windshield.,42034,41034,Fraud,76,Pending,Pending,Pending,Pending,Pending,Pending
CLM000030,CUST00087,POL00020,2026-05-15,2026-05-19,smash,Front portion of the vehicle was severely smashed during an accident.,87353,85353,Genuine,39,Pending,Pending,Pending,Pending,Pending,Pending
CLM000031,CUST00094,POL00015,2026-03-12,2026-03-13,smash,A high-speed accident caused significant structural damage.,63577,61577,Genuine,11,Pending,Pending,Pending,Pending,Pending,Pending
CLM000032,CUST00045,POL00018,2026-03-24,2026-03-27,dent,A low-speed collision caused dents on the front bumper.,19235,17235,Genuine,21,Pending,Pending,Pending,Pending,Pending,Pending
CLM000033,CUST00020,POL00017,2026-02-18,2026-02-20,smash,Vehicle collided with a divider resulting in severe body damage.,55778,54778,Genuine,13,Pending,Pending,Pending,Pending,Pending,Pending
CLM000034,CUST00045,POL00018,2026-02-05,2026-02-06,smash,Front portion of the vehicle was severely smashed during an accident.,51267,50267,Fraud,98,Pending,Pending,Pending,Pending,Pending,Pending
CLM000035,CUST00011,POL00019,2026-05-01,2026-05-02,smash,Vehicle collided with a divider resulting in severe body damage.,66704,65704,Genuine,7,Pending,Pending,Pending,Pending,Pending,Pending
CLM000036,CUST00003,POL00012,2026-06-20,2026-06-21,smash,Vehicle was heavily damaged after colliding with another car.,148235,146235,Genuine,20,Pending,Pending,Pending,Pending,Pending,Pending
CLM000037,CUST00020,POL00017,2026-04-25,2026-04-25,smash,Vehicle was heavily damaged after colliding with another car.,155150,153150,Genuine,11,Pending,Pending,Pending,Pending,Pending,Pending
CLM000038,CUST00020,POL00017,2026-04-20,2026-04-22,smash,A high-speed accident caused significant structural damage.,90001,88001,Genuine,17,Pending,Pending,Pending,Pending,Pending,Pending
CLM000039,CUST00003,POL00012,2026-05-08,2026-05-08,smash,Major highway collision caused extensive front-end damage.,116768,111768,Genuine,39,Pending,Pending,Pending,Pending,Pending,Pending
CLM000040,CUST00094,POL00015,2026-04-11,2026-04-15,smash,Front portion of the vehicle was severely smashed during an accident.,64208,59208,Genuine,25,Pending,Pending,Pending,Pending,Pending,Pending
CLM000041,CUST00026,POL00030,2026-03-16,2026-03-21,smash,Vehicle collided with a divider resulting in severe body damage.,55817,50817,Fraud,99,Pending,Pending,Pending,Pending,Pending,Pending
CLM000042,CUST00011,POL00019,2026-05-16,2026-05-20,smash,A high-speed accident caused significant structural damage.,170687,167687,Genuine,12,Pending,Pending,Pending,Pending,Pending,Pending
CLM000043,CUST00003,POL00012,2026-02-08,2026-02-13,smash,Vehicle collided with a divider resulting in severe body damage.,88752,86752,Genuine,29,Pending,Pending,Pending,Pending,Pending,Pending
CLM000044,CUST00078,POL00004,2026-04-03,2026-04-06,smash,Vehicle was heavily damaged after colliding with another car.,87606,85606,Genuine,25,Pending,Pending,Pending,Pending,Pending,Pending
CLM000045,CUST00087,POL00020,2026-07-08,2026-07-09,smash,A high-speed accident caused significant structural damage.,72241,71241,Genuine,26,Pending,Pending,Pending,Pending,Pending,Pending
CLM000046,CUST00045,POL00018,2026-04-06,2026-04-09,smash,Front portion of the vehicle was severely smashed during an accident.,56057,54057,Genuine,9,Pending,Pending,Pending,Pending,Pending,Pending
CLM000047,CUST00094,POL00015,2026-07-30,2026-07-30,smash,Vehicle was heavily damaged after colliding with another car.,102383,100383,Fraud,92,Pending,Pending,Pending,Pending,Pending,Pending
CLM000048,CUST00010,POL00023,2026-04-06,2026-04-07,smash,Vehicle was heavily damaged after colliding with another car.,123060,121060,Genuine,12,Pending,Pending,Pending,Pending,Pending,Pending
CLM000049,CUST00094,POL00015,2026-04-07,2026-04-09,smash,Vehicle collided with a divider resulting in severe body damage.,108446,106446,Genuine,35,Pending,Pending,Pending,Pending,Pending,Pending
CLM000050,CUST00087,POL00020,2026-06-01,2026-06-03,smash,A high-speed accident caused significant structural damage.,81358,78358,Genuine,23,Pending,Pending,Pending,Pending,Pending,Pending
CLM000051,CUST00047,POL00010,2026-06-07,2026-06-07,smash,Vehicle was heavily damaged after colliding with another car.,69769,67769,Genuine,14,Pending,Pending,Pending,Pending,Pending,Pending
CLM000052,CUST00045,POL00018,2026-03-04,2026-03-09,smash,Major highway collision caused extensive front-end damage.,58161,56161,Genuine,29,Pending,Pending,Pending,Pending,Pending,Pending
CLM000053,CUST00083,POL00027,2026-03-16,2026-03-21,smash,Front portion of the vehicle was severely smashed during an accident.,89139,84139,Genuine,31,Pending,Pending,Pending,Pending,Pending,Pending
CLM000054,CUST00020,POL00017,2026-02-10,2026-02-15,smash,Vehicle was heavily damaged after colliding with another car.,107125,102125,Fraud,80,Pending,Pending,Pending,Pending,Pending,Pending
CLM000055,CUST00064,POL00014,2026-07-10,2026-07-15,smash,Vehicle was heavily damaged after colliding with another car.,120008,119008,Genuine,6,Pending,Pending,Pending,Pending,Pending,Pending
CLM000056,CUST00003,POL00012,2026-05-09,2026-05-11,smash,Vehicle was heavily damaged after colliding with another car.,84099,79099,Genuine,34,Pending,Pending,Pending,Pending,Pending,Pending
CLM000057,CUST00092,POL00002,2026-05-03,2026-05-04,smash,Major highway collision caused extensive front-end damage.,111644,110644,Genuine,8,Pending,Pending,Pending,Pending,Pending,Pending
CLM000058,CUST00010,POL00023,2026-02-10,2026-02-10,dent,Vehicle was dented after accidental impact with a divider.,8667,6667,Genuine,35,Pending,Pending,Pending,Pending,Pending,Pending
CLM000059,CUST00098,POL00007,2026-05-13,2026-05-13,smash,Front portion of the vehicle was severely smashed during an accident.,71992,70992,Genuine,15,Pending,Pending,Pending,Pending,Pending,Pending
CLM000060,CUST00045,POL00018,2026-02-21,2026-02-22,smash,Major highway collision caused extensive front-end damage.,173400,171400,Fraud,92,Pending,Pending,Pending,Pending,Pending,Pending
CLM000061,CUST00087,POL00020,2026-02-12,2026-02-14,smash,Major highway collision caused extensive front-end damage.,152581,151581,Genuine,32,Pending,Pending,Pending,Pending,Pending,Pending
CLM000062,CUST00011,POL00019,2026-06-22,2026-06-25,smash,Vehicle collided with a divider resulting in severe body damage.,63833,58833,Genuine,34,Pending,Pending,Pending,Pending,Pending,Pending
CLM000063,CUST00045,POL00018,2026-07-09,2026-07-11,smash,Vehicle was heavily damaged after colliding with another car.,107091,104091,Genuine,20,Pending,Pending,Pending,Pending,Pending,Pending
CLM000064,CUST00047,POL00010,2026-03-29,2026-03-30,smash,A high-speed accident caused significant structural damage.,53761,48761,Genuine,16,Pending,Pending,Pending,Pending,Pending,Pending
CLM000065,CUST00099,POL00016,2026-06-13,2026-06-13,smash,Vehicle collided with a divider resulting in severe body damage.,141905,138905,Genuine,38,Pending,Pending,Pending,Pending,Pending,Pending
CLM000066,CUST00092,POL00002,2026-07-08,2026-07-10,smash,Vehicle collided with a divider resulting in severe body damage.,112402,107402,Genuine,6,Pending,Pending,Pending,Pending,Pending,Pending
CLM000067,CUST00087,POL00020,2026-05-04,2026-05-07,smash,Front portion of the vehicle was severely smashed during an accident.,137026,134026,Genuine,38,Pending,Pending,Pending,Pending,Pending,Pending
CLM000068,CUST00098,POL00007,2026-05-12,2026-05-12,smash,Front portion of the vehicle was severely smashed during an accident.,90189,87189,Genuine,17,Pending,Pending,Pending,Pending,Pending,Pending
CLM000069,CUST00094,POL00015,2026-03-01,2026-03-03,smash,Major highway collision caused extensive front-end damage.,113464,110464,Genuine,38,Pending,Pending,Pending,Pending,Pending,Pending
CLM000070,CUST00087,POL00020,2026-06-29,2026-07-01,smash,Major highway collision caused extensive front-end damage.,73519,70519,Fraud,87,Pending,Pending,Pending,Pending,Pending,Pending
CLM000071,CUST00099,POL00016,2026-07-05,2026-07-05,smash,Front portion of the vehicle was severely smashed during an accident.,173743,171743,Genuine,36,Pending,Pending,Pending,Pending,Pending,Pending
CLM000072,CUST00094,POL00015,2026-03-31,2026-03-31,smash,Major highway collision caused extensive front-end damage.,94657,92657,Genuine,21,Pending,Pending,Pending,Pending,Pending,Pending
CLM000073,CUST00011,POL00019,2026-03-09,2026-03-11,smash,Major highway collision caused extensive front-end damage.,132502,131502,Fraud,95,Pending,Pending,Pending,Pending,Pending,Pending
CLM000074,CUST00003,POL00012,2026-04-07,2026-04-10,smash,A high-speed accident caused significant structural damage.,128135,126135,Genuine,29,Pending,Pending,Pending,Pending,Pending,Pending
CLM000075,CUST00011,POL00019,2026-02-21,2026-02-22,smash,A high-speed accident caused significant structural damage.,175843,174843,Genuine,18,Pending,Pending,Pending,Pending,Pending,Pending
CLM000076,CUST00078,POL00004,2026-04-07,2026-04-12,dent,Vehicle was dented after accidental impact with a divider.,26087,25087,Genuine,31,Pending,Pending,Pending,Pending,Pending,Pending
CLM000077,CUST00087,POL00020,2026-07-13,2026-07-18,smash,Vehicle collided with a divider resulting in severe body damage.,87762,84762,Genuine,34,Pending,Pending,Pending,Pending,Pending,Pending
CLM000078,CUST00026,POL00030,2026-06-25,2026-06-25,smash,Major highway collision caused extensive front-end damage.,65043,63043,Genuine,22,Pending,Pending,Pending,Pending,Pending,Pending
CLM000079,CUST00003,POL00012,2026-05-23,2026-05-27,smash,Front portion of the vehicle was severely smashed during an accident.,66299,61299,Genuine,30,Pending,Pending,Pending,Pending,Pending,Pending
CLM000080,CUST00099,POL00016,2026-07-25,2026-07-25,smash,Vehicle collided with a divider resulting in severe body damage.,55224,50224,Genuine,21,Pending,Pending,Pending,Pending,Pending,Pending
CLM000081,CUST00026,POL00030,2026-05-21,2026-05-22,smash,Front portion of the vehicle was severely smashed during an accident.,55273,53273,Genuine,33,Pending,Pending,Pending,Pending,Pending,Pending
CLM000082,CUST00011,POL00019,2026-02-10,2026-02-10,smash,Vehicle collided with a divider resulting in severe body damage.,111605,108605,Genuine,25,Pending,Pending,Pending,Pending,Pending,Pending
CLM000083,CUST00003,POL00012,2026-05-28,2026-05-30,glass_break,Windshield cracked after being struck by flying debris.,38244,37244,Genuine,25,Pending,Pending,Pending,Pending,Pending,Pending
CLM000084,CUST00047,POL00010,2026-03-21,2026-03-23,smash,Front portion of the vehicle was severely smashed during an accident.,163949,158949,Genuine,17,Pending,Pending,Pending,Pending,Pending,Pending
CLM000085,CUST00026,POL00030,2026-04-10,2026-04-15,smash,Vehicle was heavily damaged after colliding with another car.,76680,73680,Genuine,23,Pending,Pending,Pending,Pending,Pending,Pending
CLM000086,CUST00010,POL00023,2026-04-18,2026-04-18,smash,Vehicle collided with a divider resulting in severe body damage.,70758,67758,Genuine,40,Pending,Pending,Pending,Pending,Pending,Pending
CLM000087,CUST00083,POL00027,2026-03-23,2026-03-28,smash,A high-speed accident caused significant structural damage.,159070,157070,Genuine,23,Pending,Pending,Pending,Pending,Pending,Pending
CLM000088,CUST00047,POL00010,2026-06-27,2026-06-27,smash,A high-speed accident caused significant structural damage.,109871,107871,Genuine,37,Pending,Pending,Pending,Pending,Pending,Pending
CLM000089,CUST00011,POL00019,2026-06-23,2026-06-26,smash,Front portion of the vehicle was severely smashed during an accident.,87072,84072,Genuine,36,Pending,Pending,Pending,Pending,Pending,Pending
CLM000090,CUST00087,POL00020,2026-06-13,2026-06-18,smash,Vehicle collided with a divider resulting in severe body damage.,149991,144991,Genuine,25,Pending,Pending,Pending,Pending,Pending,Pending
CLM000091,CUST00092,POL00002,2026-04-24,2026-04-29,glass_break,A stone from a truck shattered the front windshield.,32852,27852,Genuine,29,Pending,Pending,Pending,Pending,Pending,Pending
CLM000092,CUST00099,POL00016,2026-07-06,2026-07-10,smash,Vehicle was heavily damaged after colliding with another car.,176530,173530,Genuine,33,Pending,Pending,Pending,Pending,Pending,Pending
CLM000093,CUST00078,POL00004,2026-05-25,2026-05-27,smash,Front portion of the vehicle was severely smashed during an accident.,164154,162154,Fraud,95,Pending,Pending,Pending,Pending,Pending,Pending
CLM000094,CUST00094,POL00015,2026-03-15,2026-03-15,smash,Front portion of the vehicle was severely smashed during an accident.,161718,156718,Genuine,36,Pending,Pending,Pending,Pending,Pending,Pending
CLM000095,CUST00099,POL00016,2026-02-19,2026-02-24,smash,Major highway collision caused extensive front-end damage.,147880,146880,Genuine,11,Pending,Pending,Pending,Pending,Pending,Pending
CLM000096,CUST00092,POL00002,2026-05-01,2026-05-03,smash,Vehicle was heavily damaged after colliding with another car.,56028,53028,Genuine,23,Pending,Pending,Pending,Pending,Pending,Pending
CLM000097,CUST00010,POL00023,2026-02-25,2026-02-28,smash,Front portion of the vehicle was severely smashed during an accident.,139364,137364,Fraud,72,Pending,Pending,Pending,Pending,Pending,Pending
CLM000098,CUST00094,POL00015,2026-04-03,2026-04-05,smash,Front portion of the vehicle was severely smashed during an accident.,110443,107443,Genuine,5,Pending,Pending,Pending,Pending,Pending,Pending
CLM000099,CUST00045,POL00018,2026-02-05,2026-02-07,smash,Vehicle was heavily damaged after colliding with another car.,179453,176453,Genuine,32,Pending,Pending,Pending,Pending,Pending,Pending
CLM000100,CUST00064,POL00014,2026-03-06,2026-03-08,smash,A high-speed accident caused significant structural damage.,63979,61979,Genuine,27,Pending,Pending,Pending,Pending,Pending,Pending
CLM000101,CUST00092,POL00002,2026-05-19,2026-05-20,smash,Front portion of the vehicle was severely smashed during an accident.,51061,50061,Genuine,36,Pending,Pending,Pending,Pending,Pending,Pending
CLM000102,CUST00092,POL00002,2026-05-13,2026-05-16,smash,Major highway collision caused extensive front-end damage.,82850,80850,Genuine,7,Pending,Pending,Pending,Pending,Pending,Pending
CLM000103,CUST00011,POL00019,2026-06-17,2026-06-18,smash,Vehicle collided with a divider resulting in severe body damage.,169226,166226,Genuine,31,Pending,Pending,Pending,Pending,Pending,Pending
CLM000104,CUST00078,POL00004,2026-05-06,2026-05-06,dent,Another vehicle hit the car while waiting at a traffic signal.,16420,11420,Genuine,23,Pending,Pending,Pending,Pending,Pending,Pending
CLM000105,CUST00045,POL00018,2026-04-29,2026-04-29,smash,Vehicle was heavily damaged after colliding with another car.,144924,139924,Genuine,40,Pending,Pending,Pending,Pending,Pending,Pending
CLM000106,CUST00003,POL00012,2026-07-04,2026-07-09,smash,Vehicle collided with a divider resulting in severe body damage.,98311,95311,Genuine,28,Pending,Pending,Pending,Pending,Pending,Pending
CLM000107,CUST00083,POL00027,2026-02-02,2026-02-04,smash,Vehicle was heavily damaged after colliding with another car.,79015,78015,Genuine,34,Pending,Pending,Pending,Pending,Pending,Pending
CLM000108,CUST00020,POL00017,2026-03-16,2026-03-17,smash,Vehicle was heavily damaged after colliding with another car.,89893,84893,Fraud,77,Pending,Pending,Pending,Pending,Pending,Pending
CLM000109,CUST00020,POL00017,2026-03-28,2026-04-01,smash,Vehicle was heavily damaged after colliding with another car.,147290,145290,Genuine,11,Pending,Pending,Pending,Pending,Pending,Pending
CLM000110,CUST00047,POL00010,2026-07-06,2026-07-11,smash,A high-speed accident caused significant structural damage.,108115,103115,Genuine,28,Pending,Pending,Pending,Pending,Pending,Pending
CLM000111,CUST00026,POL00030,2026-07-08,2026-07-13,smash,Vehicle collided with a divider resulting in severe body damage.,74878,73878,Genuine,34,Pending,Pending,Pending,Pending,Pending,Pending
CLM000112,CUST00003,POL00012,2026-07-14,2026-07-18,smash,Vehicle collided with a divider resulting in severe body damage.,179606,177606,Genuine,18,Pending,Pending,Pending,Pending,Pending,Pending
CLM000113,CUST00011,POL00019,2026-06-28,2026-07-02,smash,A high-speed accident caused significant structural damage.,153369,152369,Genuine,14,Pending,Pending,Pending,Pending,Pending,Pending
CLM000114,CUST00083,POL00027,2026-03-03,2026-03-05,smash,Major highway collision caused extensive front-end damage.,51947,48947,Genuine,20,Pending,Pending,Pending,Pending,Pending,Pending
CLM000115,CUST00087,POL00020,2026-04-01,2026-04-04,dent,A low-speed collision caused dents on the front bumper.,32304,27304,Genuine,9,Pending,Pending,Pending,Pending,Pending,Pending
CLM000116,CUST00020,POL00017,2026-07-16,2026-07-19,smash,Vehicle was heavily damaged after colliding with another car.,55683,52683,Genuine,6,Pending,Pending,Pending,Pending,Pending,Pending
CLM000117,CUST00003,POL00012,2026-05-10,2026-05-14,smash,Vehicle collided with a divider resulting in severe body damage.,143375,138375,Fraud,72,Pending,Pending,Pending,Pending,Pending,Pending
CLM000118,CUST00047,POL00010,2026-05-17,2026-05-20,smash,Front portion of the vehicle was severely smashed during an accident.,132978,129978,Genuine,38,Pending,Pending,Pending,Pending,Pending,Pending
CLM000119,CUST00099,POL00016,2026-04-17,2026-04-19,smash,Vehicle was heavily damaged after colliding with another car.,135316,133316,Genuine,19,Pending,Pending,Pending,Pending,Pending,Pending
CLM000120,CUST00010,POL00023,2026-06-22,2026-06-27,smash,Vehicle was heavily damaged after colliding with another car.,105936,102936,Genuine,28,Pending,Pending,Pending,Pending,Pending,Pending
CLM000121,CUST00026,POL00030,2026-06-28,2026-07-02,smash,Major highway collision caused extensive front-end damage.,106606,105606,Genuine,28,Pending,Pending,Pending,Pending,Pending,Pending
CLM000122,CUST00010,POL00023,2026-05-19,2026-05-23,smash,A high-speed accident caused significant structural damage.,96346,91346,Genuine,8,Pending,Pending,Pending,Pending,Pending,Pending
CLM000123,CUST00010,POL00023,2026-05-03,2026-05-07,smash,A high-speed accident caused significant structural damage.,136079,131079,Genuine,11,Pending,Pending,Pending,Pending,Pending,Pending
CLM000124,CUST00026,POL00030,2026-07-24,2026-07-25,smash,A high-speed accident caused significant structural damage.,160776,159776,Genuine,22,Pending,Pending,Pending,Pending,Pending,Pending
CLM000125,CUST00010,POL00023,2026-07-14,2026-07-15,scratch,Vehicle was scratched while parking in a shopping mall.,5972,3972,Genuine,30,Pending,Pending,Pending,Pending,Pending,Pending
CLM000126,CUST00020,POL00017,2026-05-13,2026-05-18,smash,A high-speed accident caused significant structural damage.,105028,100028,Genuine,28,Pending,Pending,Pending,Pending,Pending,Pending
CLM000127,CUST00078,POL00004,2026-04-09,2026-04-14,dent,Another vehicle hit the car while waiting at a traffic signal.,32721,31721,Genuine,22,Pending,Pending,Pending,Pending,Pending,Pending
CLM000128,CUST00094,POL00015,2026-05-04,2026-05-07,smash,Major highway collision caused extensive front-end damage.,85804,83804,Genuine,12,Pending,Pending,Pending,Pending,Pending,Pending
CLM000129,CUST00011,POL00019,2026-02-28,2026-02-28,smash,Major highway collision caused extensive front-end damage.,137442,134442,Fraud,82,Pending,Pending,Pending,Pending,Pending,Pending
CLM000130,CUST00092,POL00002,2026-03-26,2026-03-31,scratch,Side panel was scratched while passing through a narrow street.,7186,4186,Genuine,5,Pending,Pending,Pending,Pending,Pending,Pending
CLM000131,CUST00083,POL00027,2026-07-13,2026-07-16,smash,Major highway collision caused extensive front-end damage.,142231,140231,Genuine,27,Pending,Pending,Pending,Pending,Pending,Pending
CLM000132,CUST00092,POL00002,2026-05-18,2026-05-18,dent,Another vehicle hit the car while waiting at a traffic signal.,18258,13258,Genuine,31,Pending,Pending,Pending,Pending,Pending,Pending
CLM000133,CUST00026,POL00030,2026-07-04,2026-07-05,smash,Vehicle was heavily damaged after colliding with another car.,110305,107305,Fraud,97,Pending,Pending,Pending,Pending,Pending,Pending
CLM000134,CUST00011,POL00019,2026-05-07,2026-05-08,smash,Major highway collision caused extensive front-end damage.,164101,161101,Genuine,19,Pending,Pending,Pending,Pending,Pending,Pending
CLM000135,CUST00003,POL00012,2026-05-27,2026-05-28,dent,Driver hit a roadside pole while taking a turn.,19504,17504,Genuine,14,Pending,Pending,Pending,Pending,Pending,Pending
CLM000136,CUST00099,POL00016,2026-02-07,2026-02-11,smash,Front portion of the vehicle was severely smashed during an accident.,174687,169687,Genuine,33,Pending,Pending,Pending,Pending,Pending,Pending
CLM000137,CUST00087,POL00020,2026-05-22,2026-05-26,smash,Major highway collision caused extensive front-end damage.,107640,106640,Genuine,24,Pending,Pending,Pending,Pending,Pending,Pending
CLM000138,CUST00064,POL00014,2026-05-19,2026-05-19,scratch,Vehicle was scratched while parking in a shopping mall.,10565,5565,Genuine,28,Pending,Pending,Pending,Pending,Pending,Pending
CLM000139,CUST00078,POL00004,2026-03-25,2026-03-26,scratch,Vehicle was scratched while parking in a shopping mall.,12366,10366,Genuine,35,Pending,Pending,Pending,Pending,Pending,Pending
CLM000140,CUST00099,POL00016,2026-04-10,2026-04-13,smash,Front portion of the vehicle was severely smashed during an accident.,61053,59053,Fraud,92,Pending,Pending,Pending,Pending,Pending,Pending
CLM000141,CUST00020,POL00017,2026-02-20,2026-02-25,dent,A low-speed collision caused dents on the front bumper.,20694,15694,Genuine,8,Pending,Pending,Pending,Pending,Pending,Pending
CLM000142,CUST00087,POL00020,2026-05-07,2026-05-07,dent,Vehicle was dented after accidental impact with a divider.,30229,25229,Genuine,14,Pending,Pending,Pending,Pending,Pending,Pending
CLM000143,CUST00092,POL00002,2026-05-13,2026-05-17,glass_break,Windshield developed cracks following a highway incident.,37687,35687,Genuine,10,Pending,Pending,Pending,Pending,Pending,Pending
CLM000144,CUST00047,POL00010,2026-06-15,2026-06-16,glass_break,Side window broke after impact from roadside debris.,39748,36748,Fraud,79,Pending,Pending,Pending,Pending,Pending,Pending
CLM000145,CUST00011,POL00019,2026-03-24,2026-03-28,smash,Front portion of the vehicle was severely smashed during an accident.,70308,69308,Genuine,11,Pending,Pending,Pending,Pending,Pending,Pending
CLM000146,CUST00045,POL00018,2026-02-04,2026-02-08,smash,Vehicle collided with a divider resulting in severe body damage.,67176,62176,Fraud,75,Pending,Pending,Pending,Pending,Pending,Pending
CLM000147,CUST00087,POL00020,2026-06-02,2026-06-06,glass_break,A stone from a truck shattered the front windshield.,27566,22566,Genuine,33,Pending,Pending,Pending,Pending,Pending,Pending
CLM000148,CUST00020,POL00017,2026-04-25,2026-04-29,smash,Front portion of the vehicle was severely smashed during an accident.,138907,133907,Genuine,23,Pending,Pending,Pending,Pending,Pending,Pending
CLM000149,CUST00064,POL00014,2026-04-27,2026-05-01,glass_break,Windshield cracked after being struck by flying debris.,21070,18070,Fraud,85,Pending,Pending,Pending,Pending,Pending,Pending
CLM000150,CUST00011,POL00019,2026-04-11,2026-04-11,scratch,Driver accidentally brushed the vehicle against a concrete wall while reversing.,7469,2469,Genuine,14,Pending,Pending,Pending,Pending,Pending,Pending
CLM000151,CUST00094,POL00015,2026-04-24,2026-04-24,scratch,Minor scratches occurred due to contact with another parked vehicle.,3872,1000,Genuine,20,Pending,Pending,Pending,Pending,Pending,Pending
CLM000152,CUST00011,POL00019,2026-07-22,2026-07-24,scratch,Side panel was scratched while passing through a narrow street.,14709,11709,Genuine,13,Pending,Pending,Pending,Pending,Pending,Pending
CLM000153,CUST00047,POL00010,2026-06-23,2026-06-27,glass_break,Glass damage occurred due to falling construction material.,12344,11344,Fraud,76,Pending,Pending,Pending,Pending,Pending,Pending
CLM000154,CUST00010,POL00023,2026-02-18,2026-02-22,glass_break,Windshield developed cracks following a highway incident.,31736,30736,Fraud,83,Pending,Pending,Pending,Pending,Pending,Pending
CLM000155,CUST00083,POL00027,2026-06-25,2026-06-27,scratch,Side panel was scratched while passing through a narrow street.,11782,10782,Genuine,20,Pending,Pending,Pending,Pending,Pending,Pending
CLM000156,CUST00045,POL00018,2026-03-19,2026-03-21,scratch,Vehicle was scratched while parking in a shopping mall.,12349,7349,Genuine,10,Pending,Pending,Pending,Pending,Pending,Pending
CLM000157,CUST00083,POL00027,2026-07-27,2026-07-29,smash,Major highway collision caused extensive front-end damage.,133318,128318,Genuine,21,Pending,Pending,Pending,Pending,Pending,Pending
CLM000158,CUST00064,POL00014,2026-03-14,2026-03-16,dent,Driver hit a roadside pole while taking a turn.,32090,29090,Genuine,27,Pending,Pending,Pending,Pending,Pending,Pending
CLM000159,CUST00010,POL00023,2026-04-05,2026-04-05,glass_break,Side window broke after impact from roadside debris.,23945,21945,Fraud,94,Pending,Pending,Pending,Pending,Pending,Pending
CLM000160,CUST00003,POL00012,2026-04-01,2026-04-03,dent,Vehicle suffered a dent after a rear-end collision.,18341,15341,Genuine,39,Pending,Pending,Pending,Pending,Pending,Pending
CLM000161,CUST00026,POL00030,2026-04-11,2026-04-14,dent,Another vehicle hit the car while waiting at a traffic signal.,29487,26487,Genuine,28,Pending,Pending,Pending,Pending,Pending,Pending
CLM000162,CUST00010,POL00023,2026-05-24,2026-05-24,scratch,Side panel was scratched while passing through a narrow street.,14338,9338,Genuine,38,Pending,Pending,Pending,Pending,Pending,Pending
CLM000163,CUST00092,POL00002,2026-02-12,2026-02-14,glass_break,Side window broke after impact from roadside debris.,31252,28252,Genuine,25,Pending,Pending,Pending,Pending,Pending,Pending
CLM000164,CUST00083,POL00027,2026-05-02,2026-05-06,dent,Another vehicle hit the car while waiting at a traffic signal.,30602,25602,Genuine,7,Pending,Pending,Pending,Pending,Pending,Pending
CLM000165,CUST00098,POL00007,2026-07-24,2026-07-25,dent,Vehicle was dented after accidental impact with a divider.,29993,24993,Genuine,15,Pending,Pending,Pending,Pending,Pending,Pending
CLM000166,CUST00020,POL00017,2026-02-27,2026-02-28,scratch,Side panel was scratched while passing through a narrow street.,6866,3866,Genuine,7,Pending,Pending,Pending,Pending,Pending,Pending
CLM000167,CUST00045,POL00018,2026-05-29,2026-05-29,glass_break,Windshield cracked after being struck by flying debris.,21023,18023,Genuine,22,Pending,Pending,Pending,Pending,Pending,Pending
CLM000168,CUST00047,POL00010,2026-06-07,2026-06-11,glass_break,Side window broke after impact from roadside debris.,19717,16717,Genuine,33,Pending,Pending,Pending,Pending,Pending,Pending
CLM000169,CUST00045,POL00018,2026-07-09,2026-07-14,glass_break,Side window broke after impact from roadside debris.,16853,11853,Genuine,33,Pending,Pending,Pending,Pending,Pending,Pending
CLM000170,CUST00087,POL00020,2026-02-02,2026-02-07,dent,Driver hit a roadside pole while taking a turn.,25765,22765,Genuine,15,Pending,Pending,Pending,Pending,Pending,Pending
CLM000171,CUST00010,POL00023,2026-07-25,2026-07-27,dent,Vehicle was dented after accidental impact with a divider.,14585,12585,Genuine,36,Pending,Pending,Pending,Pending,Pending,Pending
CLM000172,CUST00003,POL00012,2026-03-19,2026-03-22,dent,Another vehicle hit the car while waiting at a traffic signal.,10825,9825,Genuine,35,Pending,Pending,Pending,Pending,Pending,Pending
CLM000173,CUST00083,POL00027,2026-05-04,2026-05-05,dent,Vehicle was dented after accidental impact with a divider.,10430,5430,Genuine,38,Pending,Pending,Pending,Pending,Pending,Pending
CLM000174,CUST00078,POL00004,2026-06-19,2026-06-20,dent,A low-speed collision caused dents on the front bumper.,9815,8815,Genuine,24,Pending,Pending,Pending,Pending,Pending,Pending
CLM000175,CUST00026,POL00030,2026-05-22,2026-05-23,scratch,Minor scratches occurred due to contact with another parked vehicle.,7105,5105,Genuine,40,Pending,Pending,Pending,Pending,Pending,Pending
CLM000176,CUST00047,POL00010,2026-03-09,2026-03-09,scratch,Vehicle was scratched while parking in a shopping mall.,12513,10513,Genuine,26,Pending,Pending,Pending,Pending,Pending,Pending
CLM000177,CUST00026,POL00030,2026-03-26,2026-03-31,dent,Vehicle was dented after accidental impact with a divider.,14907,9907,Genuine,6,Pending,Pending,Pending,Pending,Pending,Pending
CLM000178,CUST00094,POL00015,2026-02-05,2026-02-05,dent,Driver hit a roadside pole while taking a turn.,16024,11024,Genuine,9,Pending,Pending,Pending,Pending,Pending,Pending
CLM000179,CUST00092,POL00002,2026-05-11,2026-05-16,dent,A low-speed collision caused dents on the front bumper.,14685,11685,Genuine,25,Pending,Pending,Pending,Pending,Pending,Pending
CLM000180,CUST00098,POL00007,2026-06-30,2026-07-02,dent,Another vehicle hit the car while waiting at a traffic signal.,26404,25404,Genuine,34,Pending,Pending,Pending,Pending,Pending,Pending
CLM000181,CUST00087,POL00020,2026-05-29,2026-05-30,dent,A low-speed collision caused dents on the front bumper.,17509,12509,Genuine,31,Pending,Pending,Pending,Pending,Pending,Pending
CLM000182,CUST00094,POL00015,2026-03-26,2026-03-26,scratch,Vehicle was scratched while parking in a shopping mall.,11433,6433,Genuine,24,Pending,Pending,Pending,Pending,Pending,Pending
CLM000183,CUST00064,POL00014,2026-03-27,2026-03-31,dent,Another vehicle hit the car while waiting at a traffic signal.,15049,12049,Fraud,79,Pending,Pending,Pending,Pending,Pending,Pending
CLM000184,CUST00026,POL00030,2026-04-19,2026-04-21,smash,Major highway collision caused extensive front-end damage.,106482,104482,Genuine,28,Pending,Pending,Pending,Pending,Pending,Pending
CLM000185,CUST00047,POL00010,2026-04-07,2026-04-11,dent,A low-speed collision caused dents on the front bumper.,26128,23128,Fraud,86,Pending,Pending,Pending,Pending,Pending,Pending
CLM000186,CUST00094,POL00015,2026-06-25,2026-06-26,smash,Front portion of the vehicle was severely smashed during an accident.,98915,95915,Genuine,28,Pending,Pending,Pending,Pending,Pending,Pending
CLM000187,CUST00003,POL00012,2026-03-21,2026-03-24,glass_break,A stone from a truck shattered the front windshield.,14550,12550,Genuine,35,Pending,Pending,Pending,Pending,Pending,Pending
CLM000188,CUST00094,POL00015,2026-03-23,2026-03-27,smash,Vehicle was heavily damaged after colliding with another car.,101505,98505,Genuine,37,Pending,Pending,Pending,Pending,Pending,Pending
CLM000189,CUST00099,POL00016,2026-02-05,2026-02-10,smash,Major highway collision caused extensive front-end damage.,93416,92416,Genuine,24,Pending,Pending,Pending,Pending,Pending,Pending
CLM000190,CUST00010,POL00023,2026-02-23,2026-02-26,smash,Vehicle collided with a divider resulting in severe body damage.,56731,51731,Fraud,90,Pending,Pending,Pending,Pending,Pending,Pending
CLM000191,CUST00045,POL00018,2026-04-17,2026-04-22,dent,Driver hit a roadside pole while taking a turn.,8620,3620,Genuine,14,Pending,Pending,Pending,Pending,Pending,Pending
CLM000192,CUST00083,POL00027,2026-06-08,2026-06-12,smash,A high-speed accident caused significant structural damage.,145342,144342,Genuine,38,Pending,Pending,Pending,Pending,Pending,Pending
CLM000193,CUST00092,POL00002,2026-05-05,2026-05-09,smash,A high-speed accident caused significant structural damage.,175394,173394,Genuine,39,Pending,Pending,Pending,Pending,Pending,Pending
CLM000194,CUST00010,POL00023,2026-05-16,2026-05-18,dent,Driver hit a roadside pole while taking a turn.,16077,13077,Genuine,19,Pending,Pending,Pending,Pending,Pending,Pending
CLM000195,CUST00064,POL00014,2026-04-25,2026-04-28,glass_break,Side window broke after impact from roadside debris.,29921,26921,Genuine,39,Pending,Pending,Pending,Pending,Pending,Pending
CLM000196,CUST00020,POL00017,2026-02-14,2026-02-16,smash,Vehicle was heavily damaged after colliding with another car.,175214,174214,Genuine,33,Pending,Pending,Pending,Pending,Pending,Pending
CLM000197,CUST00092,POL00002,2026-03-03,2026-03-04,smash,Vehicle collided with a divider resulting in severe body damage.,141248,138248,Fraud,89,Pending,Pending,Pending,Pending,Pending,Pending
CLM000198,CUST00078,POL00004,2026-04-02,2026-04-02,smash,Vehicle collided with a divider resulting in severe body damage.,80518,79518,Fraud,80,Pending,Pending,Pending,Pending,Pending,Pending
CLM000199,CUST00087,POL00020,2026-05-19,2026-05-21,smash,A high-speed accident caused significant structural damage.,135575,130575,Genuine,17,Pending,Pending,Pending,Pending,Pending,Pending
CLM000200,CUST00003,POL00012,2026-04-16,2026-04-17,smash,Major highway collision caused extensive front-end damage.,146821,145821,Genuine,16,Pending,Pending,Pending,Pending,Pending,Pending
CLM000201,CUST00094,POL00015,2026-02-27,2026-02-27,scratch,Minor scratches occurred due to contact with another parked vehicle.,7742,6742,Fraud,88,Pending,Pending,Pending,Pending,Pending,Pending
CLM000202,CUST00087,POL00020,2026-05-08,2026-05-09,glass_break,Windshield developed cracks following a highway incident.,42672,39672,Genuine,12,Pending,Pending,Pending,Pending,Pending,Pending
CLM000203,CUST00094,POL00015,2026-06-17,2026-06-21,glass_break,Windshield developed cracks following a highway incident.,34092,31092,Genuine,17,Pending,Pending,Pending,Pending,Pending,Pending
CLM000204,CUST00045,POL00018,2026-03-31,2026-04-02,scratch,Driver accidentally brushed the vehicle against a concrete wall while reversing.,9567,8567,Genuine,13,Pending,Pending,Pending,Pending,Pending,Pending
CLM000205,CUST00047,POL00010,2026-03-04,2026-03-09,smash,Front portion of the vehicle was severely smashed during an accident.,108554,105554,Genuine,24,Pending,Pending,Pending,Pending,Pending,Pending
CLM000206,CUST00098,POL00007,2026-05-14,2026-05-15,smash,Vehicle was heavily damaged after colliding with another car.,80972,79972,Genuine,34,Pending,Pending,Pending,Pending,Pending,Pending
CLM000207,CUST00020,POL00017,2026-06-27,2026-06-30,dent,Driver hit a roadside pole while taking a turn.,17667,14667,Genuine,19,Pending,Pending,Pending,Pending,Pending,Pending
CLM000208,CUST00064,POL00014,2026-05-29,2026-06-03,dent,Vehicle was dented after accidental impact with a divider.,31001,26001,Genuine,18,Pending,Pending,Pending,Pending,Pending,Pending
CLM000209,CUST00098,POL00007,2026-07-16,2026-07-20,glass_break,Glass damage occurred due to falling construction material.,35709,34709,Genuine,12,Pending,Pending,Pending,Pending,Pending,Pending
CLM000210,CUST00087,POL00020,2026-03-04,2026-03-07,smash,Major highway collision caused extensive front-end damage.,93007,88007,Fraud,76,Pending,Pending,Pending,Pending,Pending,Pending
CLM000211,CUST00094,POL00015,2026-03-10,2026-03-13,smash,A high-speed accident caused significant structural damage.,117272,112272,Genuine,8,Pending,Pending,Pending,Pending,Pending,Pending
CLM000212,CUST00020,POL00017,2026-04-14,2026-04-16,smash,Major highway collision caused extensive front-end damage.,147754,145754,Genuine,7,Pending,Pending,Pending,Pending,Pending,Pending
CLM000213,CUST00098,POL00007,2026-02-17,2026-02-22,smash,Vehicle was heavily damaged after colliding with another car.,87629,82629,Fraud,74,Pending,Pending,Pending,Pending,Pending,Pending
CLM000214,CUST00083,POL00027,2026-06-27,2026-07-02,smash,A high-speed accident caused significant structural damage.,99236,98236,Genuine,39,Pending,Pending,Pending,Pending,Pending,Pending
CLM000215,CUST00020,POL00017,2026-05-16,2026-05-19,smash,Front portion of the vehicle was severely smashed during an accident.,66691,64691,Genuine,6,Pending,Pending,Pending,Pending,Pending,Pending
CLM000216,CUST00094,POL00015,2026-06-13,2026-06-18,smash,Major highway collision caused extensive front-end damage.,82441,77441,Genuine,22,Pending,Pending,Pending,Pending,Pending,Pending
CLM000217,CUST00026,POL00030,2026-07-06,2026-07-10,smash,Major highway collision caused extensive front-end damage.,150408,149408,Genuine,9,Pending,Pending,Pending,Pending,Pending,Pending
CLM000218,CUST00087,POL00020,2026-06-06,2026-06-06,glass_break,A stone from a truck shattered the front windshield.,14899,9899,Genuine,39,Pending,Pending,Pending,Pending,Pending,Pending
CLM000219,CUST00092,POL00002,2026-02-12,2026-02-16,dent,Driver hit a roadside pole while taking a turn.,27592,24592,Genuine,14,Pending,Pending,Pending,Pending,Pending,Pending
CLM000220,CUST00094,POL00015,2026-03-11,2026-03-14,scratch,Vehicle was scratched while parking in a shopping mall.,12121,10121,Genuine,32,Pending,Pending,Pending,Pending,Pending,Pending
CLM000221,CUST00020,POL00017,2026-04-26,2026-04-27,dent,Vehicle was dented after accidental impact with a divider.,18444,13444,Genuine,24,Pending,Pending,Pending,Pending,Pending,Pending
CLM000222,CUST00010,POL00023,2026-03-10,2026-03-13,dent,Another vehicle hit the car while waiting at a traffic signal.,31185,29185,Genuine,8,Pending,Pending,Pending,Pending,Pending,Pending
CLM000223,CUST00026,POL00030,2026-04-28,2026-04-28,glass_break,Glass damage occurred due to falling construction material.,25325,22325,Genuine,33,Pending,Pending,Pending,Pending,Pending,Pending
CLM000224,CUST00092,POL00002,2026-03-03,2026-03-08,dent,Vehicle was dented after accidental impact with a divider.,30074,29074,Genuine,17,Pending,Pending,Pending,Pending,Pending,Pending
CLM000225,CUST00003,POL00012,2026-07-01,2026-07-06,dent,Another vehicle hit the car while waiting at a traffic signal.,17934,16934,Genuine,17,Pending,Pending,Pending,Pending,Pending,Pending
CLM000226,CUST00010,POL00023,2026-04-25,2026-04-28,smash,Front portion of the vehicle was severely smashed during an accident.,169947,167947,Genuine,23,Pending,Pending,Pending,Pending,Pending,Pending
CLM000227,CUST00020,POL00017,2026-05-11,2026-05-12,smash,A high-speed accident caused significant structural damage.,117215,112215,Genuine,35,Pending,Pending,Pending,Pending,Pending,Pending
CLM000228,CUST00047,POL00010,2026-03-04,2026-03-08,dent,Another vehicle hit the car while waiting at a traffic signal.,15250,13250,Fraud,87,Pending,Pending,Pending,Pending,Pending,Pending
CLM000229,CUST00045,POL00018,2026-03-26,2026-03-30,scratch,Minor scratches occurred due to contact with another parked vehicle.,6768,1768,Genuine,20,Pending,Pending,Pending,Pending,Pending,Pending
CLM000230,CUST00087,POL00020,2026-03-28,2026-03-29,scratch,Scratches were noticed after the vehicle was parked overnight.,5756,2756,Genuine,39,Pending,Pending,Pending,Pending,Pending,Pending
CLM000231,CUST00045,POL00018,2026-06-26,2026-07-01,scratch,Driver accidentally brushed the vehicle against a concrete wall while reversing.,13948,12948,Genuine,31,Pending,Pending,Pending,Pending,Pending,Pending
CLM000232,CUST00003,POL00012,2026-02-13,2026-02-16,scratch,Vehicle was scratched while parking in a shopping mall.,6583,1583,Genuine,35,Pending,Pending,Pending,Pending,Pending,Pending
CLM000233,CUST00078,POL00004,2026-07-27,2026-07-31,smash,Vehicle was heavily damaged after colliding with another car.,52192,49192,Genuine,23,Pending,Pending,Pending,Pending,Pending,Pending
CLM000234,CUST00099,POL00016,2026-05-28,2026-05-30,smash,A high-speed accident caused significant structural damage.,69516,67516,Genuine,38,Pending,Pending,Pending,Pending,Pending,Pending
CLM000235,CUST00010,POL00023,2026-05-16,2026-05-21,smash,Major highway collision caused extensive front-end damage.,110161,108161,Genuine,19,Pending,Pending,Pending,Pending,Pending,Pending
CLM000236,CUST00094,POL00015,2026-02-02,2026-02-03,smash,Major highway collision caused extensive front-end damage.,99436,94436,Fraud,70,Pending,Pending,Pending,Pending,Pending,Pending
CLM000237,CUST00045,POL00018,2026-06-03,2026-06-04,smash,Front portion of the vehicle was severely smashed during an accident.,178100,177100,Genuine,7,Pending,Pending,Pending,Pending,Pending,Pending
CLM000238,CUST00087,POL00020,2026-06-16,2026-06-18,dent,Vehicle suffered a dent after a rear-end collision.,30427,27427,Genuine,7,Pending,Pending,Pending,Pending,Pending,Pending
CLM000239,CUST00010,POL00023,2026-06-20,2026-06-24,dent,Driver hit a roadside pole while taking a turn.,34899,29899,Genuine,24,Pending,Pending,Pending,Pending,Pending,Pending
CLM000240,CUST00099,POL00016,2026-07-18,2026-07-18,glass_break,Windshield developed cracks following a highway incident.,21171,20171,Genuine,27,Pending,Pending,Pending,Pending,Pending,Pending
CLM000241,CUST00026,POL00030,2026-07-24,2026-07-29,dent,A low-speed collision caused dents on the front bumper.,33198,28198,Genuine,25,Pending,Pending,Pending,Pending,Pending,Pending
CLM000242,CUST00003,POL00012,2026-07-10,2026-07-14,smash,A high-speed accident caused significant structural damage.,122487,117487,Genuine,29,Pending,Pending,Pending,Pending,Pending,Pending
CLM000243,CUST00020,POL00017,2026-04-23,2026-04-25,scratch,Minor scratches occurred due to contact with another parked vehicle.,7390,5390,Genuine,14,Pending,Pending,Pending,Pending,Pending,Pending
CLM000244,CUST00094,POL00015,2026-06-28,2026-06-28,dent,Driver hit a roadside pole while taking a turn.,22573,19573,Genuine,11,Pending,Pending,Pending,Pending,Pending,Pending
CLM000245,CUST00026,POL00030,2026-03-01,2026-03-05,dent,A low-speed collision caused dents on the front bumper.,8860,7860,Genuine,10,Pending,Pending,Pending,Pending,Pending,Pending
CLM000246,CUST00098,POL00007,2026-05-30,2026-06-03,glass_break,Glass damage occurred due to falling construction material.,37414,36414,Genuine,40,Pending,Pending,Pending,Pending,Pending,Pending
CLM000247,CUST00003,POL00012,2026-06-24,2026-06-24,smash,Vehicle collided with a divider resulting in severe body damage.,68198,65198,Genuine,36,Pending,Pending,Pending,Pending,Pending,Pending
CLM000248,CUST00003,POL00012,2026-02-21,2026-02-24,scratch,Scratches were noticed after the vehicle was parked overnight.,10933,9933,Genuine,20,Pending,Pending,Pending,Pending,Pending,Pending
CLM000249,CUST00064,POL00014,2026-02-23,2026-02-26,smash,A high-speed accident caused significant structural damage.,89932,88932,Genuine,26,Pending,Pending,Pending,Pending,Pending,Pending
CLM000250,CUST00094,POL00015,2026-03-31,2026-04-02,smash,Vehicle collided with a divider resulting in severe body damage.,177693,175693,Genuine,17,Pending,Pending,Pending,Pending,Pending,Pending
CLM000251,CUST00045,POL00018,2026-05-09,2026-05-12,smash,A high-speed accident caused significant structural damage.,141089,136089,Genuine,20,Pending,Pending,Pending,Pending,Pending,Pending
CLM000252,CUST00083,POL00027,2026-07-25,2026-07-30,smash,Vehicle was heavily damaged after colliding with another car.,76188,74188,Genuine,40,Pending,Pending,Pending,Pending,Pending,Pending
CLM000253,CUST00064,POL00014,2026-02-19,2026-02-21,dent,Driver hit a roadside pole while taking a turn.,10266,5266,Genuine,13,Pending,Pending,Pending,Pending,Pending,Pending
CLM000254,CUST00026,POL00030,2026-03-04,2026-03-07,scratch,Scratches were noticed after the vehicle was parked overnight.,9932,4932,Genuine,35,Pending,Pending,Pending,Pending,Pending,Pending
CLM000255,CUST00078,POL00004,2026-02-13,2026-02-18,scratch,Minor scratches occurred due to contact with another parked vehicle.,14495,13495,Genuine,20,Pending,Pending,Pending,Pending,Pending,Pending
CLM000256,CUST00094,POL00015,2026-04-12,2026-04-12,dent,Vehicle suffered a dent after a rear-end collision.,29136,24136,Genuine,26,Pending,Pending,Pending,Pending,Pending,Pending
CLM000257,CUST00094,POL00015,2026-04-04,2026-04-09,dent,Vehicle was dented after accidental impact with a divider.,32472,30472,Genuine,30,Pending,Pending,Pending,Pending,Pending,Pending
CLM000258,CUST00026,POL00030,2026-07-02,2026-07-07,dent,Driver hit a roadside pole while taking a turn.,11425,8425,Genuine,10,Pending,Pending,Pending,Pending,Pending,Pending
CLM000259,CUST00047,POL00010,2026-04-10,2026-04-15,scratch,Side panel was scratched while passing through a narrow street.,6389,1389,Genuine,11,Pending,Pending,Pending,Pending,Pending,Pending
CLM000260,CUST00064,POL00014,2026-02-16,2026-02-16,scratch,Driver accidentally brushed the vehicle against a concrete wall while reversing.,14645,13645,Fraud,80,Pending,Pending,Pending,Pending,Pending,Pending
CLM000261,CUST00045,POL00018,2026-06-02,2026-06-05,scratch,Driver accidentally brushed the vehicle against a concrete wall while reversing.,5623,2623,Genuine,34,Pending,Pending,Pending,Pending,Pending,Pending
CLM000262,CUST00098,POL00007,2026-04-23,2026-04-23,dent,Driver hit a roadside pole while taking a turn.,8956,6956,Genuine,32,Pending,Pending,Pending,Pending,Pending,Pending
CLM000263,CUST00094,POL00015,2026-04-05,2026-04-05,dent,A low-speed collision caused dents on the front bumper.,11334,9334,Genuine,17,Pending,Pending,Pending,Pending,Pending,Pending
CLM000264,CUST00045,POL00018,2026-05-02,2026-05-05,glass_break,Glass damage occurred due to falling construction material.,37469,32469,Genuine,27,Pending,Pending,Pending,Pending,Pending,Pending
CLM000265,CUST00078,POL00004,2026-07-01,2026-07-02,scratch,Minor scratches occurred due to contact with another parked vehicle.,12669,11669,Genuine,25,Pending,Pending,Pending,Pending,Pending,Pending
CLM000266,CUST00003,POL00012,2026-03-06,2026-03-09,glass_break,Windshield developed cracks following a highway incident.,21264,16264,Genuine,13,Pending,Pending,Pending,Pending,Pending,Pending
CLM000267,CUST00098,POL00007,2026-05-12,2026-05-15,dent,Vehicle was dented after accidental impact with a divider.,13467,8467,Genuine,16,Pending,Pending,Pending,Pending,Pending,Pending
CLM000268,CUST00083,POL00027,2026-03-24,2026-03-29,dent,Another vehicle hit the car while waiting at a traffic signal.,12473,10473,Genuine,40,Pending,Pending,Pending,Pending,Pending,Pending
CLM000269,CUST00098,POL00007,2026-03-09,2026-03-09,scratch,Driver accidentally brushed the vehicle against a concrete wall while reversing.,14634,9634,Genuine,10,Pending,Pending,Pending,Pending,Pending,Pending
CLM000270,CUST00087,POL00020,2026-03-09,2026-03-14,scratch,Side panel was scratched while passing through a narrow street.,11808,8808,Genuine,34,Pending,Pending,Pending,Pending,Pending,Pending
CLM000271,CUST00092,POL00002,2026-04-10,2026-04-14,dent,Driver hit a roadside pole while taking a turn.,33398,30398,Genuine,7,Pending,Pending,Pending,Pending,Pending,Pending
CLM000272,CUST00020,POL00017,2026-04-10,2026-04-10,scratch,Driver accidentally brushed the vehicle against a concrete wall while reversing.,3528,1000,Genuine,10,Pending,Pending,Pending,Pending,Pending,Pending
CLM000273,CUST00099,POL00016,2026-06-09,2026-06-10,dent,Vehicle suffered a dent after a rear-end collision.,27997,22997,Genuine,13,Pending,Pending,Pending,Pending,Pending,Pending
CLM000274,CUST00047,POL00010,2026-05-18,2026-05-22,scratch,Minor scratches occurred due to contact with another parked vehicle.,11827,9827,Genuine,23,Pending,Pending,Pending,Pending,Pending,Pending
CLM000275,CUST00047,POL00010,2026-05-29,2026-05-30,dent,A low-speed collision caused dents on the front bumper.,17087,15087,Genuine,13,Pending,Pending,Pending,Pending,Pending,Pending
CLM000276,CUST00026,POL00030,2026-04-07,2026-04-07,smash,Major highway collision caused extensive front-end damage.,68634,65634,Genuine,29,Pending,Pending,Pending,Pending,Pending,Pending
CLM000277,CUST00026,POL00030,2026-03-05,2026-03-05,scratch,Vehicle was scratched while parking in a shopping mall.,9046,4046,Genuine,25,Pending,Pending,Pending,Pending,Pending,Pending
CLM000278,CUST00098,POL00007,2026-06-07,2026-06-10,scratch,Minor scratches occurred due to contact with another parked vehicle.,11756,6756,Genuine,32,Pending,Pending,Pending,Pending,Pending,Pending
CLM000279,CUST00078,POL00004,2026-05-05,2026-05-10,scratch,Vehicle was scratched while parking in a shopping mall.,12468,10468,Genuine,36,Pending,Pending,Pending,Pending,Pending,Pending
CLM000280,CUST00098,POL00007,2026-04-13,2026-04-14,scratch,Driver accidentally brushed the vehicle against a concrete wall while reversing.,5035,3035,Genuine,5,Pending,Pending,Pending,Pending,Pending,Pending
CLM000281,CUST00011,POL00019,2026-02-11,2026-02-16,scratch,Driver accidentally brushed the vehicle against a concrete wall while reversing.,13724,10724,Genuine,28,Pending,Pending,Pending,Pending,Pending,Pending
CLM000282,CUST00011,POL00019,2026-07-07,2026-07-07,smash,Vehicle collided with a divider resulting in severe body damage.,141677,139677,Genuine,10,Pending,Pending,Pending,Pending,Pending,Pending
CLM000283,CUST00094,POL00015,2026-05-05,2026-05-05,scratch,Side panel was scratched while passing through a narrow street.,6705,1705,Fraud,92,Pending,Pending,Pending,Pending,Pending,Pending
CLM000284,CUST00087,POL00020,2026-07-05,2026-07-07,scratch,Minor scratches occurred due to contact with another parked vehicle.,9276,8276,Genuine,11,Pending,Pending,Pending,Pending,Pending,Pending
CLM000285,CUST00045,POL00018,2026-07-29,2026-08-02,smash,Vehicle collided with a divider resulting in severe body damage.,134092,132092,Fraud,88,Pending,Pending,Pending,Pending,Pending,Pending
CLM000286,CUST00011,POL00019,2026-06-06,2026-06-06,dent,Vehicle suffered a dent after a rear-end collision.,32519,30519,Genuine,33,Pending,Pending,Pending,Pending,Pending,Pending
CLM000287,CUST00098,POL00007,2026-05-22,2026-05-27,dent,Vehicle suffered a dent after a rear-end collision.,22070,19070,Genuine,20,Pending,Pending,Pending,Pending,Pending,Pending
CLM000288,CUST00010,POL00023,2026-06-13,2026-06-18,glass_break,Windshield developed cracks following a highway incident.,13757,10757,Genuine,37,Pending,Pending,Pending,Pending,Pending,Pending
CLM000289,CUST00099,POL00016,2026-02-18,2026-02-22,dent,Vehicle suffered a dent after a rear-end collision.,24216,19216,Genuine,36,Pending,Pending,Pending,Pending,Pending,Pending
CLM000290,CUST00026,POL00030,2026-04-02,2026-04-02,scratch,Vehicle was scratched while parking in a shopping mall.,9337,4337,Genuine,16,Pending,Pending,Pending,Pending,Pending,Pending
CLM000291,CUST00064,POL00014,2026-03-24,2026-03-26,scratch,Scratches were noticed after the vehicle was parked overnight.,3652,2652,Genuine,30,Pending,Pending,Pending,Pending,Pending,Pending
CLM000292,CUST00087,POL00020,2026-07-11,2026-07-15,scratch,Driver accidentally brushed the vehicle against a concrete wall while reversing.,13494,11494,Genuine,24,Pending,Pending,Pending,Pending,Pending,Pending
CLM000293,CUST00003,POL00012,2026-07-17,2026-07-18,glass_break,Windshield cracked after being struck by flying debris.,16332,13332,Genuine,20,Pending,Pending,Pending,Pending,Pending,Pending
CLM000294,CUST00094,POL00015,2026-07-01,2026-07-01,glass_break,A stone from a truck shattered the front windshield.,15606,12606,Genuine,16,Pending,Pending,Pending,Pending,Pending,Pending
CLM000295,CUST00099,POL00016,2026-07-01,2026-07-01,glass_break,Side window broke after impact from roadside debris.,28990,26990,Genuine,22,Pending,Pending,Pending,Pending,Pending,Pending
CLM000296,CUST00003,POL00012,2026-04-30,2026-04-30,smash,Vehicle was heavily damaged after colliding with another car.,143365,142365,Genuine,37,Pending,Pending,Pending,Pending,Pending,Pending
CLM000297,CUST00087,POL00020,2026-06-03,2026-06-08,dent,Vehicle was dented after accidental impact with a divider.,33340,32340,Genuine,12,Pending,Pending,Pending,Pending,Pending,Pending
CLM000298,CUST00083,POL00027,2026-06-16,2026-06-16,glass_break,Glass damage occurred due to falling construction material.,15013,10013,Genuine,14,Pending,Pending,Pending,Pending,Pending,Pending
CLM000299,CUST00087,POL00020,2026-03-07,2026-03-09,scratch,Vehicle was scratched while parking in a shopping mall.,9819,6819,Genuine,9,Pending,Pending,Pending,Pending,Pending,Pending
CLM000300,CUST00045,POL00018,2026-05-20,2026-05-22,glass_break,Side window broke after impact from roadside debris.,15009,10009,Fraud,84,Pending,Pending,Pending,Pending,Pending,Pending
CLM000301,CUST00047,POL00010,2026-02-22,2026-02-23,smash,Vehicle was heavily damaged after colliding with another car.,98354,96354,Genuine,24,Pending,Pending,Pending,Pending,Pending,Pending
CLM000302,CUST00010,POL00023,2026-04-18,2026-04-18,smash,Vehicle collided with a divider resulting in severe body damage.,146005,144005,Fraud,99,Pending,Pending,Pending,Pending,Pending,Pending
CLM000303,CUST00026,POL00030,2026-07-05,2026-07-06,glass_break,Glass damage occurred due to falling construction material.,12095,7095,Genuine,24,Pending,Pending,Pending,Pending,Pending,Pending
CLM000304,CUST00011,POL00019,2026-03-20,2026-03-23,dent,A low-speed collision caused dents on the front bumper.,12665,9665,Genuine,19,Pending,Pending,Pending,Pending,Pending,Pending
CLM000305,CUST00011,POL00019,2026-07-12,2026-07-16,scratch,Scratches were noticed after the vehicle was parked overnight.,4565,2565,Genuine,30,Pending,Pending,Pending,Pending,Pending,Pending
CLM000306,CUST00064,POL00014,2026-02-02,2026-02-07,smash,A high-speed accident caused significant structural damage.,88230,85230,Genuine,30,Pending,Pending,Pending,Pending,Pending,Pending
CLM000307,CUST00099,POL00016,2026-06-22,2026-06-22,glass_break,A stone from a truck shattered the front windshield.,16894,14894,Genuine,11,Pending,Pending,Pending,Pending,Pending,Pending
CLM000308,CUST00047,POL00010,2026-04-07,2026-04-09,scratch,Side panel was scratched while passing through a narrow street.,4978,1978,Genuine,18,Pending,Pending,Pending,Pending,Pending,Pending
CLM000309,CUST00078,POL00004,2026-06-06,2026-06-08,scratch,Driver accidentally brushed the vehicle against a concrete wall while reversing.,14240,11240,Genuine,7,Pending,Pending,Pending,Pending,Pending,Pending
CLM000310,CUST00026,POL00030,2026-06-17,2026-06-17,glass_break,Windshield developed cracks following a highway incident.,37968,36968,Genuine,21,Pending,Pending,Pending,Pending,Pending,Pending
CLM000311,CUST00045,POL00018,2026-06-30,2026-06-30,glass_break,Windshield cracked after being struck by flying debris.,42280,41280,Genuine,13,Pending,Pending,Pending,Pending,Pending,Pending
CLM000312,CUST00010,POL00023,2026-07-12,2026-07-12,glass_break,Windshield cracked after being struck by flying debris.,36395,35395,Genuine,21,Pending,Pending,Pending,Pending,Pending,Pending
CLM000313,CUST00098,POL00007,2026-07-19,2026-07-20,glass_break,Glass damage occurred due to falling construction material.,18027,15027,Genuine,34,Pending,Pending,Pending,Pending,Pending,Pending
CLM000314,CUST00011,POL00019,2026-05-02,2026-05-03,glass_break,A stone from a truck shattered the front windshield.,13932,8932,Genuine,16,Pending,Pending,Pending,Pending,Pending,Pending
CLM000315,CUST00011,POL00019,2026-04-17,2026-04-21,glass_break,Windshield developed cracks following a highway incident.,14270,12270,Genuine,36,Pending,Pending,Pending,Pending,Pending,Pending
CLM000316,CUST00047,POL00010,2026-05-29,2026-06-03,dent,Vehicle was dented after accidental impact with a divider.,12496,7496,Genuine,38,Pending,Pending,Pending,Pending,Pending,Pending
CLM000317,CUST00098,POL00007,2026-05-10,2026-05-13,glass_break,Side window broke after impact from roadside debris.,43763,40763,Genuine,37,Pending,Pending,Pending,Pending,Pending,Pending
CLM000318,CUST00078,POL00004,2026-07-17,2026-07-20,glass_break,Glass damage occurred due to falling construction material.,26353,25353,Genuine,22,Pending,Pending,Pending,Pending,Pending,Pending
CLM000319,CUST00094,POL00015,2026-03-17,2026-03-22,glass_break,Windshield cracked after being struck by flying debris.,18562,16562,Genuine,22,Pending,Pending,Pending,Pending,Pending,Pending
CLM000320,CUST00011,POL00019,2026-02-03,2026-02-05,glass_break,Glass damage occurred due to falling construction material.,23384,21384,Genuine,25,Pending,Pending,Pending,Pending,Pending,Pending
CLM000321,CUST00078,POL00004,2026-03-15,2026-03-17,glass_break,A stone from a truck shattered the front windshield.,21312,19312,Genuine,36,Pending,Pending,Pending,Pending,Pending,Pending
CLM000322,CUST00064,POL00014,2026-07-31,2026-08-02,glass_break,Glass damage occurred due to falling construction material.,27245,25245,Fraud,85,Pending,Pending,Pending,Pending,Pending,Pending
CLM000323,CUST00010,POL00023,2026-03-03,2026-03-08,smash,Vehicle collided with a divider resulting in severe body damage.,73260,70260,Fraud,74,Pending,Pending,Pending,Pending,Pending,Pending
CLM000324,CUST00026,POL00030,2026-05-15,2026-05-17,smash,Vehicle collided with a divider resulting in severe body damage.,98967,93967,Genuine,26,Pending,Pending,Pending,Pending,Pending,Pending
CLM000325,CUST00026,POL00030,2026-03-10,2026-03-15,smash,Front portion of the vehicle was severely smashed during an accident.,175915,170915,Genuine,16,Pending,Pending,Pending,Pending,Pending,Pending
CLM000326,CUST00011,POL00019,2026-07-31,2026-08-05,smash,Front portion of the vehicle was severely smashed during an accident.,90215,87215,Fraud,93,Pending,Pending,Pending,Pending,Pending,Pending
CLM000327,CUST00003,POL00012,2026-02-18,2026-02-22,smash,Major highway collision caused extensive front-end damage.,128956,125956,Genuine,19,Pending,Pending,Pending,Pending,Pending,Pending
CLM000328,CUST00094,POL00015,2026-06-19,2026-06-24,smash,Major highway collision caused extensive front-end damage.,60198,58198,Genuine,25,Pending,Pending,Pending,Pending,Pending,Pending
CLM000329,CUST00094,POL00015,2026-05-27,2026-05-27,smash,Major highway collision caused extensive front-end damage.,77483,75483,Genuine,27,Pending,Pending,Pending,Pending,Pending,Pending
CLM000330,CUST00045,POL00018,2026-04-26,2026-04-28,smash,Front portion of the vehicle was severely smashed during an accident.,105004,103004,Genuine,36,Pending,Pending,Pending,Pending,Pending,Pending
CLM000331,CUST00094,POL00015,2026-07-23,2026-07-25,smash,Major highway collision caused extensive front-end damage.,135323,133323,Fraud,72,Pending,Pending,Pending,Pending,Pending,Pending
CLM000332,CUST00078,POL00004,2026-07-12,2026-07-16,smash,Major highway collision caused extensive front-end damage.,94801,92801,Genuine,15,Pending,Pending,Pending,Pending,Pending,Pending
CLM000333,CUST00047,POL00010,2026-02-26,2026-03-01,smash,Vehicle collided with a divider resulting in severe body damage.,54062,49062,Genuine,15,Pending,Pending,Pending,Pending,Pending,Pending
CLM000334,CUST00011,POL00019,2026-03-15,2026-03-17,smash,A high-speed accident caused significant structural damage.,177716,175716,Genuine,40,Pending,Pending,Pending,Pending,Pending,Pending
CLM000335,CUST00099,POL00016,2026-07-31,2026-08-03,smash,Major highway collision caused extensive front-end damage.,101498,96498,Fraud,81,Pending,Pending,Pending,Pending,Pending,Pending
CLM000336,CUST00026,POL00030,2026-07-11,2026-07-14,smash,Major highway collision caused extensive front-end damage.,62712,61712,Genuine,23,Pending,Pending,Pending,Pending,Pending,Pending
CLM000337,CUST00092,POL00002,2026-04-23,2026-04-24,smash,A high-speed accident caused significant structural damage.,167293,164293,Fraud,87,Pending,Pending,Pending,Pending,Pending,Pending
CLM000338,CUST00047,POL00010,2026-06-04,2026-06-06,smash,Front portion of the vehicle was severely smashed during an accident.,55848,52848,Genuine,21,Pending,Pending,Pending,Pending,Pending,Pending
CLM000339,CUST00026,POL00030,2026-03-03,2026-03-04,smash,Front portion of the vehicle was severely smashed during an accident.,137574,134574,Genuine,31,Pending,Pending,Pending,Pending,Pending,Pending
CLM000340,CUST00064,POL00014,2026-04-01,2026-04-03,smash,Major highway collision caused extensive front-end damage.,140055,135055,Genuine,20,Pending,Pending,Pending,Pending,Pending,Pending
CLM000341,CUST00045,POL00018,2026-04-08,2026-04-09,smash,Vehicle collided with a divider resulting in severe body damage.,124870,122870,Fraud,94,Pending,Pending,Pending,Pending,Pending,Pending
CLM000342,CUST00099,POL00016,2026-06-10,2026-06-15,smash,Vehicle collided with a divider resulting in severe body damage.,105492,104492,Genuine,32,Pending,Pending,Pending,Pending,Pending,Pending
CLM000343,CUST00098,POL00007,2026-03-20,2026-03-23,smash,Major highway collision caused extensive front-end damage.,100868,95868,Genuine,22,Pending,Pending,Pending,Pending,Pending,Pending
CLM000344,CUST00045,POL00018,2026-05-19,2026-05-23,smash,A high-speed accident caused significant structural damage.,69424,68424,Genuine,11,Pending,Pending,Pending,Pending,Pending,Pending
CLM000345,CUST00026,POL00030,2026-04-19,2026-04-20,smash,Front portion of the vehicle was severely smashed during an accident.,113646,108646,Fraud,78,Pending,Pending,Pending,Pending,Pending,Pending
CLM000346,CUST00010,POL00023,2026-05-24,2026-05-26,smash,Major highway collision caused extensive front-end damage.,140507,138507,Fraud,85,Pending,Pending,Pending,Pending,Pending,Pending
CLM000347,CUST00078,POL00004,2026-06-03,2026-06-04,smash,A high-speed accident caused significant structural damage.,160473,155473,Genuine,11,Pending,Pending,Pending,Pending,Pending,Pending
CLM000348,CUST00020,POL00017,2026-04-18,2026-04-23,smash,Vehicle was heavily damaged after colliding with another car.,104627,103627,Genuine,18,Pending,Pending,Pending,Pending,Pending,Pending
CLM000349,CUST00094,POL00015,2026-03-08,2026-03-08,glass_break,A stone from a truck shattered the front windshield.,32389,27389,Genuine,38,Pending,Pending,Pending,Pending,Pending,Pending
CLM000350,CUST00099,POL00016,2026-06-11,2026-06-13,smash,A high-speed accident caused significant structural damage.,54334,49334,Fraud,81,Pending,Pending,Pending,Pending,Pending,Pending
CLM000351,CUST00087,POL00020,2026-04-27,2026-04-30,smash,Front portion of the vehicle was severely smashed during an accident.,170989,169989,Genuine,20,Pending,Pending,Pending,Pending,Pending,Pending
CLM000352,CUST00045,POL00018,2026-02-05,2026-02-05,smash,A high-speed accident caused significant structural damage.,122264,119264,Genuine,21,Pending,Pending,Pending,Pending,Pending,Pending
CLM000353,CUST00092,POL00002,2026-02-08,2026-02-09,smash,A high-speed accident caused significant structural damage.,161912,159912,Genuine,19,Pending,Pending,Pending,Pending,Pending,Pending
CLM000354,CUST00026,POL00030,2026-02-28,2026-02-28,smash,Vehicle collided with a divider resulting in severe body damage.,51166,46166,Genuine,16,Pending,Pending,Pending,Pending,Pending,Pending
CLM000355,CUST00094,POL00015,2026-05-03,2026-05-06,smash,A high-speed accident caused significant structural damage.,176749,173749,Genuine,29,Pending,Pending,Pending,Pending,Pending,Pending
CLM000356,CUST00094,POL00015,2026-03-23,2026-03-28,smash,A high-speed accident caused significant structural damage.,118241,113241,Genuine,5,Pending,Pending,Pending,Pending,Pending,Pending
CLM000357,CUST00083,POL00027,2026-05-22,2026-05-24,dent,A low-speed collision caused dents on the front bumper.,10091,7091,Genuine,25,Pending,Pending,Pending,Pending,Pending,Pending
CLM000358,CUST00047,POL00010,2026-02-14,2026-02-17,glass_break,Side window broke after impact from roadside debris.,38482,35482,Genuine,6,Pending,Pending,Pending,Pending,Pending,Pending
CLM000359,CUST00094,POL00015,2026-02-06,2026-02-10,scratch,Side panel was scratched while passing through a narrow street.,3578,1578,Genuine,19,Pending,Pending,Pending,Pending,Pending,Pending
CLM000360,CUST00098,POL00007,2026-06-29,2026-07-04,smash,A high-speed accident caused significant structural damage.,160184,158184,Genuine,35,Pending,Pending,Pending,Pending,Pending,Pending
CLM000361,CUST00003,POL00012,2026-04-15,2026-04-17,glass_break,Side window broke after impact from roadside debris.,17852,15852,Genuine,24,Pending,Pending,Pending,Pending,Pending,Pending
CLM000362,CUST00010,POL00023,2026-03-04,2026-03-08,dent,Vehicle was dented after accidental impact with a divider.,11859,6859,Fraud,90,Pending,Pending,Pending,Pending,Pending,Pending
CLM000363,CUST00003,POL00012,2026-07-18,2026-07-19,smash,Vehicle collided with a divider resulting in severe body damage.,65704,60704,Genuine,31,Pending,Pending,Pending,Pending,Pending,Pending
CLM000364,CUST00078,POL00004,2026-07-11,2026-07-14,dent,A low-speed collision caused dents on the front bumper.,22993,20993,Genuine,16,Pending,Pending,Pending,Pending,Pending,Pending
CLM000365,CUST00099,POL00016,2026-03-06,2026-03-07,dent,Another vehicle hit the car while waiting at a traffic signal.,22812,19812,Genuine,15,Pending,Pending,Pending,Pending,Pending,Pending
CLM000366,CUST00094,POL00015,2026-04-24,2026-04-24,smash,Major highway collision caused extensive front-end damage.,106283,101283,Genuine,35,Pending,Pending,Pending,Pending,Pending,Pending
CLM000367,CUST00098,POL00007,2026-06-13,2026-06-13,smash,Major highway collision caused extensive front-end damage.,166917,163917,Genuine,38,Pending,Pending,Pending,Pending,Pending,Pending
CLM000368,CUST00045,POL00018,2026-06-19,2026-06-19,scratch,Vehicle was scratched while parking in a shopping mall.,5112,4112,Genuine,24,Pending,Pending,Pending,Pending,Pending,Pending
CLM000369,CUST00087,POL00020,2026-05-05,2026-05-08,scratch,Minor scratches occurred due to contact with another parked vehicle.,11524,8524,Genuine,13,Pending,Pending,Pending,Pending,Pending,Pending
CLM000370,CUST00020,POL00017,2026-06-07,2026-06-12,dent,Vehicle suffered a dent after a rear-end collision.,15484,13484,Genuine,13,Pending,Pending,Pending,Pending,Pending,Pending
CLM000371,CUST00047,POL00010,2026-03-17,2026-03-21,scratch,Vehicle was scratched while parking in a shopping mall.,13658,12658,Genuine,21,Pending,Pending,Pending,Pending,Pending,Pending
CLM000372,CUST00011,POL00019,2026-04-09,2026-04-12,dent,Vehicle suffered a dent after a rear-end collision.,8646,7646,Genuine,31,Pending,Pending,Pending,Pending,Pending,Pending
CLM000373,CUST00083,POL00027,2026-02-12,2026-02-16,scratch,Minor scratches occurred due to contact with another parked vehicle.,14390,13390,Genuine,11,Pending,Pending,Pending,Pending,Pending,Pending
CLM000374,CUST00098,POL00007,2026-03-26,2026-03-27,smash,Front portion of the vehicle was severely smashed during an accident.,144210,143210,Genuine,11,Pending,Pending,Pending,Pending,Pending,Pending
CLM000375,CUST00087,POL00020,2026-03-13,2026-03-16,dent,Driver hit a roadside pole while taking a turn.,31050,26050,Genuine,7,Pending,Pending,Pending,Pending,Pending,Pending
CLM000376,CUST00099,POL00016,2026-06-23,2026-06-23,dent,Vehicle was dented after accidental impact with a divider.,8417,7417,Genuine,36,Pending,Pending,Pending,Pending,Pending,Pending
CLM000377,CUST00064,POL00014,2026-05-25,2026-05-28,scratch,Vehicle was scratched while parking in a shopping mall.,13556,11556,Genuine,23,Pending,Pending,Pending,Pending,Pending,Pending
CLM000378,CUST00098,POL00007,2026-07-07,2026-07-07,smash,Major highway collision caused extensive front-end damage.,97214,94214,Genuine,12,Pending,Pending,Pending,Pending,Pending,Pending
CLM000379,CUST00094,POL00015,2026-07-08,2026-07-10,dent,A low-speed collision caused dents on the front bumper.,19715,14715,Genuine,22,Pending,Pending,Pending,Pending,Pending,Pending
CLM000380,CUST00094,POL00015,2026-04-15,2026-04-20,dent,Driver hit a roadside pole while taking a turn.,22959,19959,Genuine,35,Pending,Pending,Pending,Pending,Pending,Pending
CLM000381,CUST00083,POL00027,2026-03-08,2026-03-13,dent,Another vehicle hit the car while waiting at a traffic signal.,11398,6398,Genuine,35,Pending,Pending,Pending,Pending,Pending,Pending
CLM000382,CUST00011,POL00019,2026-03-30,2026-04-02,dent,Vehicle suffered a dent after a rear-end collision.,28032,27032,Genuine,13,Pending,Pending,Pending,Pending,Pending,Pending
CLM000383,CUST00047,POL00010,2026-02-08,2026-02-12,smash,Front portion of the vehicle was severely smashed during an accident.,84290,81290,Fraud,97,Pending,Pending,Pending,Pending,Pending,Pending
CLM000384,CUST00026,POL00030,2026-03-30,2026-04-01,dent,Another vehicle hit the car while waiting at a traffic signal.,25141,24141,Genuine,20,Pending,Pending,Pending,Pending,Pending,Pending
CLM000385,CUST00047,POL00010,2026-03-27,2026-03-28,dent,Vehicle suffered a dent after a rear-end collision.,29082,27082,Genuine,35,Pending,Pending,Pending,Pending,Pending,Pending
CLM000386,CUST00078,POL00004,2026-02-17,2026-02-20,dent,Another vehicle hit the car while waiting at a traffic signal.,17114,16114,Genuine,40,Pending,Pending,Pending,Pending,Pending,Pending
CLM000387,CUST00099,POL00016,2026-04-08,2026-04-10,dent,Vehicle suffered a dent after a rear-end collision.,34255,29255,Genuine,36,Pending,Pending,Pending,Pending,Pending,Pending
CLM000388,CUST00047,POL00010,2026-07-31,2026-07-31,dent,Vehicle was dented after accidental impact with a divider.,21219,16219,Fraud,87,Pending,Pending,Pending,Pending,Pending,Pending
CLM000389,CUST00087,POL00020,2026-07-18,2026-07-19,dent,Another vehicle hit the car while waiting at a traffic signal.,30002,25002,Genuine,28,Pending,Pending,Pending,Pending,Pending,Pending
CLM000390,CUST00083,POL00027,2026-07-07,2026-07-12,dent,Driver hit a roadside pole while taking a turn.,29534,26534,Genuine,12,Pending,Pending,Pending,Pending,Pending,Pending
CLM000391,CUST00064,POL00014,2026-02-02,2026-02-02,dent,Vehicle suffered a dent after a rear-end collision.,34211,31211,Genuine,28,Pending,Pending,Pending,Pending,Pending,Pending
CLM000392,CUST00011,POL00019,2026-06-13,2026-06-13,dent,Another vehicle hit the car while waiting at a traffic signal.,32330,27330,Genuine,17,Pending,Pending,Pending,Pending,Pending,Pending
CLM000393,CUST00094,POL00015,2026-02-19,2026-02-24,dent,Vehicle was dented after accidental impact with a divider.,19073,18073,Genuine,7,Pending,Pending,Pending,Pending,Pending,Pending
CLM000394,CUST00064,POL00014,2026-03-18,2026-03-23,dent,Vehicle suffered a dent after a rear-end collision.,27310,25310,Genuine,5,Pending,Pending,Pending,Pending,Pending,Pending
CLM000395,CUST00003,POL00012,2026-06-29,2026-06-29,dent,Another vehicle hit the car while waiting at a traffic signal.,33594,31594,Genuine,16,Pending,Pending,Pending,Pending,Pending,Pending
CLM000396,CUST00078,POL00004,2026-05-17,2026-05-20,dent,Driver hit a roadside pole while taking a turn.,27955,25955,Genuine,26,Pending,Pending,Pending,Pending,Pending,Pending
CLM000397,CUST00047,POL00010,2026-02-20,2026-02-21,dent,Driver hit a roadside pole while taking a turn.,25950,22950,Genuine,40,Pending,Pending,Pending,Pending,Pending,Pending
CLM000398,CUST00099,POL00016,2026-03-25,2026-03-29,smash,A high-speed accident caused significant structural damage.,95258,93258,Genuine,16,Pending,Pending,Pending,Pending,Pending,Pending
CLM000399,CUST00094,POL00015,2026-05-19,2026-05-22,dent,Vehicle suffered a dent after a rear-end collision.,26698,21698,Genuine,39,Pending,Pending,Pending,Pending,Pending,Pending
CLM000400,CUST00092,POL00002,2026-05-19,2026-05-24,dent,A low-speed collision caused dents on the front bumper.,9738,8738,Genuine,15,Pending,Pending,Pending,Pending,Pending,Pending
CLM000401,CUST00098,POL00007,2026-07-05,2026-07-09,smash,Front portion of the vehicle was severely smashed during an accident.,148775,147775,Genuine,33,Pending,Pending,Pending,Pending,Pending,Pending
CLM000402,CUST00003,POL00012,2026-04-25,2026-04-28,smash,Vehicle was heavily damaged after colliding with another car.,116967,113967,Genuine,8,Pending,Pending,Pending,Pending,Pending,Pending
CLM000403,CUST00064,POL00014,2026-06-04,2026-06-09,smash,A high-speed accident caused significant structural damage.,147474,144474,Genuine,33,Pending,Pending,Pending,Pending,Pending,Pending
CLM000404,CUST00099,POL00016,2026-06-14,2026-06-15,glass_break,Glass damage occurred due to falling construction material.,41413,39413,Genuine,9,Pending,Pending,Pending,Pending,Pending,Pending
CLM000405,CUST00045,POL00018,2026-07-30,2026-08-01,glass_break,Windshield developed cracks following a highway incident.,30291,27291,Genuine,21,Pending,Pending,Pending,Pending,Pending,Pending
CLM000406,CUST00010,POL00023,2026-05-01,2026-05-01,glass_break,Side window broke after impact from roadside debris.,15332,12332,Genuine,40,Pending,Pending,Pending,Pending,Pending,Pending
CLM000407,CUST00010,POL00023,2026-07-08,2026-07-10,glass_break,A stone from a truck shattered the front windshield.,22444,17444,Genuine,30,Pending,Pending,Pending,Pending,Pending,Pending
CLM000408,CUST00011,POL00019,2026-04-01,2026-04-05,dent,Vehicle suffered a dent after a rear-end collision.,19822,16822,Genuine,38,Pending,Pending,Pending,Pending,Pending,Pending
CLM000409,CUST00047,POL00010,2026-04-25,2026-04-25,glass_break,Windshield developed cracks following a highway incident.,27751,25751,Genuine,25,Pending,Pending,Pending,Pending,Pending,Pending
CLM000410,CUST00011,POL00019,2026-02-15,2026-02-16,glass_break,Side window broke after impact from roadside debris.,36573,31573,Genuine,23,Pending,Pending,Pending,Pending,Pending,Pending
CLM000411,CUST00045,POL00018,2026-02-06,2026-02-09,glass_break,Windshield cracked after being struck by flying debris.,12480,11480,Genuine,18,Pending,Pending,Pending,Pending,Pending,Pending
CLM000412,CUST00083,POL00027,2026-05-08,2026-05-08,glass_break,Windshield cracked after being struck by flying debris.,16726,14726,Fraud,92,Pending,Pending,Pending,Pending,Pending,Pending
CLM000413,CUST00003,POL00012,2026-04-23,2026-04-26,glass_break,Windshield developed cracks following a highway incident.,16616,14616,Genuine,31,Pending,Pending,Pending,Pending,Pending,Pending
CLM000414,CUST00087,POL00020,2026-03-04,2026-03-04,glass_break,Windshield cracked after being struck by flying debris.,19753,18753,Genuine,9,Pending,Pending,Pending,Pending,Pending,Pending
CLM000415,CUST00011,POL00019,2026-04-25,2026-04-28,glass_break,Windshield cracked after being struck by flying debris.,31749,30749,Genuine,33,Pending,Pending,Pending,Pending,Pending,Pending
CLM000416,CUST00020,POL00017,2026-05-16,2026-05-21,glass_break,Side window broke after impact from roadside debris.,37624,34624,Genuine,14,Pending,Pending,Pending,Pending,Pending,Pending
CLM000417,CUST00020,POL00017,2026-03-16,2026-03-20,glass_break,Windshield cracked after being struck by flying debris.,14737,13737,Genuine,30,Pending,Pending,Pending,Pending,Pending,Pending
CLM000418,CUST00020,POL00017,2026-02-24,2026-02-26,glass_break,A stone from a truck shattered the front windshield.,39043,37043,Genuine,19,Pending,Pending,Pending,Pending,Pending,Pending
CLM000419,CUST00099,POL00016,2026-05-28,2026-05-28,glass_break,A stone from a truck shattered the front windshield.,42229,41229,Genuine,9,Pending,Pending,Pending,Pending,Pending,Pending
CLM000420,CUST00011,POL00019,2026-06-12,2026-06-14,glass_break,Windshield developed cracks following a highway incident.,27370,26370,Genuine,9,Pending,Pending,Pending,Pending,Pending,Pending
CLM000421,CUST00098,POL00007,2026-06-18,2026-06-18,glass_break,Side window broke after impact from roadside debris.,21987,18987,Genuine,32,Pending,Pending,Pending,Pending,Pending,Pending
CLM000422,CUST00011,POL00019,2026-03-31,2026-04-03,glass_break,Windshield developed cracks following a highway incident.,35559,33559,Genuine,26,Pending,Pending,Pending,Pending,Pending,Pending
CLM000423,CUST00011,POL00019,2026-05-21,2026-05-22,glass_break,Glass damage occurred due to falling construction material.,19132,17132,Genuine,10,Pending,Pending,Pending,Pending,Pending,Pending
CLM000424,CUST00087,POL00020,2026-03-05,2026-03-09,glass_break,Windshield developed cracks following a highway incident.,16941,15941,Genuine,6,Pending,Pending,Pending,Pending,Pending,Pending
CLM000425,CUST00099,POL00016,2026-03-03,2026-03-08,glass_break,Side window broke after impact from roadside debris.,42939,40939,Genuine,19,Pending,Pending,Pending,Pending,Pending,Pending
CLM000426,CUST00083,POL00027,2026-03-22,2026-03-23,glass_break,Windshield developed cracks following a highway incident.,35846,34846,Genuine,15,Pending,Pending,Pending,Pending,Pending,Pending
CLM000427,CUST00047,POL00010,2026-03-29,2026-03-30,glass_break,Windshield cracked after being struck by flying debris.,43686,40686,Fraud,94,Pending,Pending,Pending,Pending,Pending,Pending
CLM000428,CUST00003,POL00012,2026-07-20,2026-07-20,glass_break,Side window broke after impact from roadside debris.,25551,22551,Genuine,34,Pending,Pending,Pending,Pending,Pending,Pending
CLM000429,CUST00003,POL00012,2026-04-29,2026-05-03,glass_break,Windshield cracked after being struck by flying debris.,29256,27256,Genuine,29,Pending,Pending,Pending,Pending,Pending,Pending
CLM000430,CUST00064,POL00014,2026-03-29,2026-04-01,glass_break,Glass damage occurred due to falling construction material.,38597,35597,Genuine,27,Pending,Pending,Pending,Pending,Pending,Pending
CLM000431,CUST00011,POL00019,2026-05-21,2026-05-22,dent,Driver hit a roadside pole while taking a turn.,13426,11426,Fraud,90,Pending,Pending,Pending,Pending,Pending,Pending
CLM000432,CUST00094,POL00015,2026-07-02,2026-07-05,glass_break,Windshield developed cracks following a highway incident.,19754,17754,Genuine,26,Pending,Pending,Pending,Pending,Pending,Pending
CLM000433,CUST00020,POL00017,2026-03-07,2026-03-11,glass_break,A stone from a truck shattered the front windshield.,38928,37928,Genuine,13,Pending,Pending,Pending,Pending,Pending,Pending
CLM000434,CUST00083,POL00027,2026-03-21,2026-03-24,glass_break,Glass damage occurred due to falling construction material.,21624,20624,Genuine,16,Pending,Pending,Pending,Pending,Pending,Pending
CLM000435,CUST00094,POL00015,2026-03-30,2026-03-31,glass_break,A stone from a truck shattered the front windshield.,26194,21194,Genuine,35,Pending,Pending,Pending,Pending,Pending,Pending
CLM000436,CUST00099,POL00016,2026-04-06,2026-04-10,glass_break,Glass damage occurred due to falling construction material.,23919,20919,Genuine,26,Pending,Pending,Pending,Pending,Pending,Pending
CLM000437,CUST00020,POL00017,2026-03-24,2026-03-29,glass_break,Windshield developed cracks following a highway incident.,20664,19664,Fraud,86,Pending,Pending,Pending,Pending,Pending,Pending
CLM000438,CUST00010,POL00023,2026-03-25,2026-03-25,glass_break,Windshield cracked after being struck by flying debris.,43186,42186,Genuine,39,Pending,Pending,Pending,Pending,Pending,Pending
CLM000439,CUST00047,POL00010,2026-07-20,2026-07-25,glass_break,Glass damage occurred due to falling construction material.,12078,7078,Genuine,28,Pending,Pending,Pending,Pending,Pending,Pending
CLM000440,CUST00099,POL00016,2026-03-31,2026-04-01,glass_break,Windshield cracked after being struck by flying debris.,34971,33971,Genuine,21,Pending,Pending,Pending,Pending,Pending,Pending
CLM000441,CUST00045,POL00018,2026-03-06,2026-03-10,glass_break,Windshield cracked after being struck by flying debris.,24387,23387,Genuine,5,Pending,Pending,Pending,Pending,Pending,Pending
CLM000442,CUST00020,POL00017,2026-06-22,2026-06-25,smash,Front portion of the vehicle was severely smashed during an accident.,155419,152419,Genuine,11,Pending,Pending,Pending,Pending,Pending,Pending
CLM000443,CUST00003,POL00012,2026-06-09,2026-06-12,glass_break,Glass damage occurred due to falling construction material.,35962,32962,Genuine,30,Pending,Pending,Pending,Pending,Pending,Pending
CLM000444,CUST00026,POL00030,2026-04-21,2026-04-26,glass_break,A stone from a truck shattered the front windshield.,43703,40703,Genuine,27,Pending,Pending,Pending,Pending,Pending,Pending
CLM000445,CUST00083,POL00027,2026-05-06,2026-05-10,glass_break,Glass damage occurred due to falling construction material.,22603,21603,Genuine,30,Pending,Pending,Pending,Pending,Pending,Pending
CLM000446,CUST00087,POL00020,2026-02-28,2026-03-03,glass_break,Windshield cracked after being struck by flying debris.,12346,11346,Genuine,35,Pending,Pending,Pending,Pending,Pending,Pending
CLM000447,CUST00003,POL00012,2026-02-24,2026-03-01,glass_break,Glass damage occurred due to falling construction material.,17245,16245,Genuine,30,Pending,Pending,Pending,Pending,Pending,Pending
CLM000448,CUST00083,POL00027,2026-02-13,2026-02-17,glass_break,Side window broke after impact from roadside debris.,44398,39398,Fraud,97,Pending,Pending,Pending,Pending,Pending,Pending
CLM000449,CUST00045,POL00018,2026-06-21,2026-06-21,glass_break,Side window broke after impact from roadside debris.,23107,22107,Genuine,5,Pending,Pending,Pending,Pending,Pending,Pending
CLM000450,CUST00099,POL00016,2026-07-08,2026-07-12,glass_break,Side window broke after impact from roadside debris.,25127,24127,Genuine,9,Pending,Pending,Pending,Pending,Pending,Pending
CLM000451,CUST00078,POL00004,2026-05-26,2026-05-27,glass_break,Windshield developed cracks following a highway incident.,24748,19748,Genuine,5,Pending,Pending,Pending,Pending,Pending,Pending
CLM000452,CUST00098,POL00007,2026-05-27,2026-05-31,glass_break,Glass damage occurred due to falling construction material.,31284,28284,Genuine,37,Pending,Pending,Pending,Pending,Pending,Pending
CLM000453,CUST00003,POL00012,2026-02-07,2026-02-10,glass_break,Glass damage occurred due to falling construction material.,43695,41695,Genuine,34,Pending,Pending,Pending,Pending,Pending,Pending
CLM000454,CUST00064,POL00014,2026-02-08,2026-02-13,dent,Driver hit a roadside pole while taking a turn.,10213,5213,Genuine,19,Pending,Pending,Pending,Pending,Pending,Pending
CLM000455,CUST00087,POL00020,2026-05-29,2026-05-31,smash,Major highway collision caused extensive front-end damage.,120208,119208,Genuine,21,Pending,Pending,Pending,Pending,Pending,Pending
CLM000456,CUST00047,POL00010,2026-06-06,2026-06-10,smash,A high-speed accident caused significant structural damage.,122686,120686,Genuine,27,Pending,Pending,Pending,Pending,Pending,Pending
CLM000457,CUST00078,POL00004,2026-05-25,2026-05-26,smash,Vehicle collided with a divider resulting in severe body damage.,146614,144614,Genuine,20,Pending,Pending,Pending,Pending,Pending,Pending
CLM000458,CUST00094,POL00015,2026-02-08,2026-02-13,smash,Vehicle was heavily damaged after colliding with another car.,152097,151097,Fraud,72,Pending,Pending,Pending,Pending,Pending,Pending
CLM000459,CUST00098,POL00007,2026-03-28,2026-03-29,scratch,Scratches were noticed after the vehicle was parked overnight.,9081,6081,Genuine,22,Pending,Pending,Pending,Pending,Pending,Pending
CLM000460,CUST00083,POL00027,2026-03-31,2026-04-04,smash,Major highway collision caused extensive front-end damage.,66809,65809,Genuine,32,Pending,Pending,Pending,Pending,Pending,Pending
CLM000461,CUST00064,POL00014,2026-05-12,2026-05-17,smash,Major highway collision caused extensive front-end damage.,177992,176992,Genuine,34,Pending,Pending,Pending,Pending,Pending,Pending
CLM000462,CUST00064,POL00014,2026-06-14,2026-06-18,smash,A high-speed accident caused significant structural damage.,126153,125153,Genuine,21,Pending,Pending,Pending,Pending,Pending,Pending
CLM000463,CUST00020,POL00017,2026-06-08,2026-06-11,smash,A high-speed accident caused significant structural damage.,94970,91970,Genuine,32,Pending,Pending,Pending,Pending,Pending,Pending
CLM000464,CUST00010,POL00023,2026-07-06,2026-07-11,smash,A high-speed accident caused significant structural damage.,73578,71578,Genuine,19,Pending,Pending,Pending,Pending,Pending,Pending
CLM000465,CUST00026,POL00030,2026-04-01,2026-04-01,dent,Driver hit a roadside pole while taking a turn.,14424,12424,Genuine,14,Pending,Pending,Pending,Pending,Pending,Pending
CLM000466,CUST00011,POL00019,2026-05-28,2026-06-01,smash,Front portion of the vehicle was severely smashed during an accident.,117765,114765,Genuine,24,Pending,Pending,Pending,Pending,Pending,Pending
CLM000467,CUST00078,POL00004,2026-04-01,2026-04-06,smash,Major highway collision caused extensive front-end damage.,71409,70409,Genuine,21,Pending,Pending,Pending,Pending,Pending,Pending
CLM000468,CUST00087,POL00020,2026-05-04,2026-05-04,smash,Vehicle was heavily damaged after colliding with another car.,97312,94312,Genuine,21,Pending,Pending,Pending,Pending,Pending,Pending
CLM000469,CUST00010,POL00023,2026-05-02,2026-05-04,scratch,Scratches were noticed after the vehicle was parked overnight.,12435,10435,Genuine,23,Pending,Pending,Pending,Pending,Pending,Pending
CLM000470,CUST00045,POL00018,2026-06-19,2026-06-24,smash,A high-speed accident caused significant structural damage.,99947,96947,Genuine,14,Pending,Pending,Pending,Pending,Pending,Pending
CLM000471,CUST00026,POL00030,2026-05-11,2026-05-16,smash,A high-speed accident caused significant structural damage.,60369,58369,Genuine,25,Pending,Pending,Pending,Pending,Pending,Pending
CLM000472,CUST00078,POL00004,2026-04-07,2026-04-10,glass_break,A stone from a truck shattered the front windshield.,41156,38156,Genuine,38,Pending,Pending,Pending,Pending,Pending,Pending
CLM000473,CUST00087,POL00020,2026-06-08,2026-06-09,smash,Vehicle was heavily damaged after colliding with another car.,80753,77753,Genuine,10,Pending,Pending,Pending,Pending,Pending,Pending
CLM000474,CUST00010,POL00023,2026-03-19,2026-03-19,smash,Major highway collision caused extensive front-end damage.,121884,120884,Fraud,82,Pending,Pending,Pending,Pending,Pending,Pending
CLM000475,CUST00087,POL00020,2026-05-20,2026-05-23,smash,Vehicle collided with a divider resulting in severe body damage.,135830,130830,Genuine,20,Pending,Pending,Pending,Pending,Pending,Pending
CLM000476,CUST00099,POL00016,2026-04-01,2026-04-04,smash,Front portion of the vehicle was severely smashed during an accident.,54607,51607,Genuine,25,Pending,Pending,Pending,Pending,Pending,Pending
CLM000477,CUST00083,POL00027,2026-02-20,2026-02-25,smash,Front portion of the vehicle was severely smashed during an accident.,177079,175079,Genuine,34,Pending,Pending,Pending,Pending,Pending,Pending
CLM000478,CUST00047,POL00010,2026-05-14,2026-05-16,smash,Vehicle was heavily damaged after colliding with another car.,113131,111131,Genuine,33,Pending,Pending,Pending,Pending,Pending,Pending
CLM000479,CUST00078,POL00004,2026-03-17,2026-03-17,scratch,Side panel was scratched while passing through a narrow street.,3001,1001,Genuine,35,Pending,Pending,Pending,Pending,Pending,Pending
CLM000480,CUST00045,POL00018,2026-03-13,2026-03-15,dent,Driver hit a roadside pole while taking a turn.,34147,31147,Genuine,5,Pending,Pending,Pending,Pending,Pending,Pending
CLM000481,CUST00092,POL00002,2026-04-26,2026-04-27,smash,A high-speed accident caused significant structural damage.,82754,80754,Genuine,29,Pending,Pending,Pending,Pending,Pending,Pending
CLM000482,CUST00047,POL00010,2026-05-24,2026-05-27,dent,Driver hit a roadside pole while taking a turn.,33052,30052,Genuine,39,Pending,Pending,Pending,Pending,Pending,Pending
CLM000483,CUST00045,POL00018,2026-02-02,2026-02-06,dent,Another vehicle hit the car while waiting at a traffic signal.,11616,6616,Genuine,22,Pending,Pending,Pending,Pending,Pending,Pending
CLM000484,CUST00099,POL00016,2026-05-20,2026-05-22,dent,Driver hit a roadside pole while taking a turn.,9626,8626,Genuine,11,Pending,Pending,Pending,Pending,Pending,Pending
CLM000485,CUST00098,POL00007,2026-05-05,2026-05-08,dent,A low-speed collision caused dents on the front bumper.,10955,8955,Fraud,76,Pending,Pending,Pending,Pending,Pending,Pending
CLM000486,CUST00064,POL00014,2026-07-17,2026-07-19,scratch,Side panel was scratched while passing through a narrow street.,3519,1000,Genuine,14,Pending,Pending,Pending,Pending,Pending,Pending
CLM000487,CUST00026,POL00030,2026-06-30,2026-07-05,smash,Vehicle collided with a divider resulting in severe body damage.,75191,72191,Genuine,5,Pending,Pending,Pending,Pending,Pending,Pending
CLM000488,CUST00011,POL00019,2026-03-20,2026-03-25,scratch,Driver accidentally brushed the vehicle against a concrete wall while reversing.,3549,1549,Genuine,11,Pending,Pending,Pending,Pending,Pending,Pending
CLM000489,CUST00064,POL00014,2026-03-20,2026-03-20,scratch,Minor scratches occurred due to contact with another parked vehicle.,5598,4598,Genuine,40,Pending,Pending,Pending,Pending,Pending,Pending
CLM000490,CUST00011,POL00019,2026-07-03,2026-07-04,smash,Vehicle was heavily damaged after colliding with another car.,97241,96241,Genuine,18,Pending,Pending,Pending,Pending,Pending,Pending
CLM000491,CUST00047,POL00010,2026-07-29,2026-07-29,smash,Front portion of the vehicle was severely smashed during an accident.,126637,125637,Genuine,20,Pending,Pending,Pending,Pending,Pending,Pending
CLM000492,CUST00026,POL00030,2026-07-08,2026-07-13,smash,Front portion of the vehicle was severely smashed during an accident.,151029,150029,Genuine,36,Pending,Pending,Pending,Pending,Pending,Pending
CLM000493,CUST00094,POL00015,2026-06-29,2026-07-02,dent,Driver hit a roadside pole while taking a turn.,19649,17649,Genuine,11,Pending,Pending,Pending,Pending,Pending,Pending
CLM000494,CUST00011,POL00019,2026-05-01,2026-05-06,smash,Vehicle collided with a divider resulting in severe body damage.,146100,144100,Fraud,82,Pending,Pending,Pending,Pending,Pending,Pending
CLM000495,CUST00026,POL00030,2026-06-13,2026-06-17,dent,Driver hit a roadside pole while taking a turn.,22336,19336,Genuine,36,Pending,Pending,Pending,Pending,Pending,Pending
CLM000496,CUST00011,POL00019,2026-04-07,2026-04-09,smash,A high-speed accident caused significant structural damage.,163726,161726,Fraud,74,Pending,Pending,Pending,Pending,Pending,Pending
CLM000497,CUST00003,POL00012,2026-02-23,2026-02-25,dent,Vehicle was dented after accidental impact with a divider.,24579,19579,Genuine,6,Pending,Pending,Pending,Pending,Pending,Pending
CLM000498,CUST00087,POL00020,2026-03-12,2026-03-13,dent,Vehicle was dented after accidental impact with a divider.,25660,20660,Genuine,36,Pending,Pending,Pending,Pending,Pending,Pending
CLM000499,CUST00047,POL00010,2026-07-20,2026-07-21,scratch,Driver accidentally brushed the vehicle against a concrete wall while reversing.,8276,7276,Genuine,9,Pending,Pending,Pending,Pending,Pending,Pending
CLM000500,CUST00026,POL00030,2026-04-23,2026-04-28,dent,Another vehicle hit the car while waiting at a traffic signal.,14278,13278,Fraud,90,Pending,Pending,Pending,Pending,Pending,Pending
CLM000501,CUST00092,POL00002,2026-06-08,2026-06-13,dent,Another vehicle hit the car while waiting at a traffic signal.,27855,26855,Fraud,99,Pending,Pending,Pending,Pending,Pending,Pending
CLM000502,CUST00094,POL00015,2026-02-24,2026-02-26,smash,Front portion of the vehicle was severely smashed during an accident.,123140,118140,Genuine,8,Pending,Pending,Pending,Pending,Pending,Pending
CLM000503,CUST00011,POL00019,2026-07-06,2026-07-11,smash,Vehicle collided with a divider resulting in severe body damage.,60215,58215,Genuine,11,Pending,Pending,Pending,Pending,Pending,Pending
CLM000504,CUST00092,POL00002,2026-03-11,2026-03-16,smash,Front portion of the vehicle was severely smashed during an accident.,136098,134098,Genuine,16,Pending,Pending,Pending,Pending,Pending,Pending
CLM000505,CUST00026,POL00030,2026-07-05,2026-07-06,dent,Driver hit a roadside pole while taking a turn.,26892,23892,Genuine,32,Pending,Pending,Pending,Pending,Pending,Pending
CLM000506,CUST00064,POL00014,2026-03-13,2026-03-15,smash,A high-speed accident caused significant structural damage.,70732,65732,Genuine,25,Pending,Pending,Pending,Pending,Pending,Pending
CLM000507,CUST00078,POL00004,2026-04-26,2026-04-30,smash,A high-speed accident caused significant structural damage.,92395,90395,Genuine,18,Pending,Pending,Pending,Pending,Pending,Pending
CLM000508,CUST00010,POL00023,2026-03-21,2026-03-22,smash,A high-speed accident caused significant structural damage.,50025,49025,Genuine,6,Pending,Pending,Pending,Pending,Pending,Pending
CLM000509,CUST00010,POL00023,2026-03-12,2026-03-16,scratch,Scratches were noticed after the vehicle was parked overnight.,8159,7159,Genuine,22,Pending,Pending,Pending,Pending,Pending,Pending
CLM000510,CUST00045,POL00018,2026-03-04,2026-03-05,scratch,Driver accidentally brushed the vehicle against a concrete wall while reversing.,8827,6827,Genuine,28,Pending,Pending,Pending,Pending,Pending,Pending
CLM000511,CUST00064,POL00014,2026-03-30,2026-03-31,smash,Vehicle was heavily damaged after colliding with another car.,102402,100402,Genuine,25,Pending,Pending,Pending,Pending,Pending,Pending
CLM000512,CUST00094,POL00015,2026-05-07,2026-05-09,smash,Vehicle was heavily damaged after colliding with another car.,145786,140786,Fraud,71,Pending,Pending,Pending,Pending,Pending,Pending
CLM000513,CUST00020,POL00017,2026-07-18,2026-07-20,smash,Front portion of the vehicle was severely smashed during an accident.,135561,134561,Genuine,29,Pending,Pending,Pending,Pending,Pending,Pending
CLM000514,CUST00087,POL00020,2026-04-22,2026-04-25,smash,Front portion of the vehicle was severely smashed during an accident.,115850,113850,Fraud,91,Pending,Pending,Pending,Pending,Pending,Pending
CLM000515,CUST00087,POL00020,2026-04-01,2026-04-05,scratch,Vehicle was scratched while parking in a shopping mall.,9460,7460,Genuine,10,Pending,Pending,Pending,Pending,Pending,Pending
CLM000516,CUST00010,POL00023,2026-06-27,2026-06-30,smash,Front portion of the vehicle was severely smashed during an accident.,115774,110774,Genuine,13,Pending,Pending,Pending,Pending,Pending,Pending
CLM000517,CUST00098,POL00007,2026-05-29,2026-05-30,smash,Major highway collision caused extensive front-end damage.,124885,122885,Genuine,38,Pending,Pending,Pending,Pending,Pending,Pending
CLM000518,CUST00092,POL00002,2026-04-14,2026-04-16,smash,A high-speed accident caused significant structural damage.,171128,170128,Fraud,83,Pending,Pending,Pending,Pending,Pending,Pending
CLM000519,CUST00003,POL00012,2026-05-03,2026-05-07,scratch,Side panel was scratched while passing through a narrow street.,13738,12738,Genuine,15,Pending,Pending,Pending,Pending,Pending,Pending
CLM000520,CUST00045,POL00018,2026-07-03,2026-07-08,dent,Vehicle suffered a dent after a rear-end collision.,14543,11543,Genuine,10,Pending,Pending,Pending,Pending,Pending,Pending
CLM000521,CUST00003,POL00012,2026-05-14,2026-05-17,smash,Vehicle was heavily damaged after colliding with another car.,51800,48800,Genuine,12,Pending,Pending,Pending,Pending,Pending,Pending
CLM000522,CUST00078,POL00004,2026-05-26,2026-05-30,smash,Vehicle was heavily damaged after colliding with another car.,120517,118517,Genuine,38,Pending,Pending,Pending,Pending,Pending,Pending
CLM000523,CUST00020,POL00017,2026-05-20,2026-05-21,dent,Vehicle was dented after accidental impact with a divider.,27103,26103,Genuine,8,Pending,Pending,Pending,Pending,Pending,Pending
CLM000524,CUST00026,POL00030,2026-02-12,2026-02-17,dent,A low-speed collision caused dents on the front bumper.,8273,7273,Genuine,22,Pending,Pending,Pending,Pending,Pending,Pending
CLM000525,CUST00087,POL00020,2026-07-06,2026-07-08,dent,Another vehicle hit the car while waiting at a traffic signal.,20665,18665,Genuine,37,Pending,Pending,Pending,Pending,Pending,Pending
CLM000526,CUST00047,POL00010,2026-05-14,2026-05-16,scratch,Side panel was scratched while passing through a narrow street.,10503,9503,Genuine,38,Pending,Pending,Pending,Pending,Pending,Pending
CLM000527,CUST00094,POL00015,2026-06-01,2026-06-05,scratch,Minor scratches occurred due to contact with another parked vehicle.,8681,5681,Genuine,24,Pending,Pending,Pending,Pending,Pending,Pending
CLM000528,CUST00026,POL00030,2026-06-04,2026-06-05,dent,A low-speed collision caused dents on the front bumper.,34701,33701,Genuine,22,Pending,Pending,Pending,Pending,Pending,Pending
CLM000529,CUST00010,POL00023,2026-04-16,2026-04-17,smash,Front portion of the vehicle was severely smashed during an accident.,145668,140668,Genuine,19,Pending,Pending,Pending,Pending,Pending,Pending
CLM000530,CUST00011,POL00019,2026-02-14,2026-02-15,dent,Vehicle was dented after accidental impact with a divider.,18790,13790,Genuine,18,Pending,Pending,Pending,Pending,Pending,Pending
CLM000531,CUST00094,POL00015,2026-02-14,2026-02-18,dent,Driver hit a roadside pole while taking a turn.,31105,29105,Genuine,14,Pending,Pending,Pending,Pending,Pending,Pending
CLM000532,CUST00083,POL00027,2026-04-17,2026-04-20,smash,A high-speed accident caused significant structural damage.,91628,89628,Genuine,25,Pending,Pending,Pending,Pending,Pending,Pending
CLM000533,CUST00092,POL00002,2026-07-25,2026-07-29,dent,Vehicle was dented after accidental impact with a divider.,33529,31529,Genuine,16,Pending,Pending,Pending,Pending,Pending,Pending
CLM000534,CUST00011,POL00019,2026-07-11,2026-07-16,dent,Another vehicle hit the car while waiting at a traffic signal.,15608,13608,Genuine,27,Pending,Pending,Pending,Pending,Pending,Pending
CLM000535,CUST00047,POL00010,2026-03-28,2026-03-31,smash,Vehicle collided with a divider resulting in severe body damage.,135140,132140,Genuine,29,Pending,Pending,Pending,Pending,Pending,Pending
CLM000536,CUST00087,POL00020,2026-06-05,2026-06-10,dent,Driver hit a roadside pole while taking a turn.,21388,20388,Genuine,31,Pending,Pending,Pending,Pending,Pending,Pending
CLM000537,CUST00098,POL00007,2026-05-29,2026-06-01,scratch,Side panel was scratched while passing through a narrow street.,13109,8109,Genuine,34,Pending,Pending,Pending,Pending,Pending,Pending
CLM000538,CUST00083,POL00027,2026-03-19,2026-03-24,scratch,Vehicle was scratched while parking in a shopping mall.,8126,3126,Genuine,39,Pending,Pending,Pending,Pending,Pending,Pending
CLM000539,CUST00094,POL00015,2026-03-11,2026-03-14,scratch,Scratches were noticed after the vehicle was parked overnight.,7025,2025,Genuine,7,Pending,Pending,Pending,Pending,Pending,Pending
CLM000540,CUST00045,POL00018,2026-04-04,2026-04-05,dent,Another vehicle hit the car while waiting at a traffic signal.,21042,18042,Genuine,23,Pending,Pending,Pending,Pending,Pending,Pending
CLM000541,CUST00078,POL00004,2026-07-08,2026-07-13,smash,Front portion of the vehicle was severely smashed during an accident.,117760,115760,Genuine,33,Pending,Pending,Pending,Pending,Pending,Pending
CLM000542,CUST00047,POL00010,2026-04-06,2026-04-10,smash,Vehicle collided with a divider resulting in severe body damage.,104206,101206,Genuine,16,Pending,Pending,Pending,Pending,Pending,Pending
CLM000543,CUST00026,POL00030,2026-07-08,2026-07-08,dent,Another vehicle hit the car while waiting at a traffic signal.,30666,28666,Genuine,12,Pending,Pending,Pending,Pending,Pending,Pending
CLM000544,CUST00020,POL00017,2026-07-20,2026-07-21,dent,A low-speed collision caused dents on the front bumper.,33921,31921,Genuine,29,Pending,Pending,Pending,Pending,Pending,Pending
CLM000545,CUST00020,POL00017,2026-04-08,2026-04-10,smash,Vehicle collided with a divider resulting in severe body damage.,150814,149814,Genuine,24,Pending,Pending,Pending,Pending,Pending,Pending
CLM000546,CUST00045,POL00018,2026-03-26,2026-03-30,dent,Vehicle suffered a dent after a rear-end collision.,28400,25400,Fraud,85,Pending,Pending,Pending,Pending,Pending,Pending
CLM000547,CUST00026,POL00030,2026-07-11,2026-07-15,dent,Vehicle was dented after accidental impact with a divider.,29609,24609,Genuine,33,Pending,Pending,Pending,Pending,Pending,Pending
CLM000548,CUST00003,POL00012,2026-07-17,2026-07-22,smash,A high-speed accident caused significant structural damage.,132396,130396,Fraud,74,Pending,Pending,Pending,Pending,Pending,Pending
CLM000549,CUST00099,POL00016,2026-07-19,2026-07-19,scratch,Side panel was scratched while passing through a narrow street.,12471,9471,Genuine,10,Pending,Pending,Pending,Pending,Pending,Pending
CLM000550,CUST00026,POL00030,2026-07-22,2026-07-22,dent,A low-speed collision caused dents on the front bumper.,29657,27657,Genuine,28,Pending,Pending,Pending,Pending,Pending,Pending
CLM000551,CUST00083,POL00027,2026-06-30,2026-07-05,scratch,Minor scratches occurred due to contact with another parked vehicle.,10001,9001,Genuine,13,Pending,Pending,Pending,Pending,Pending,Pending
CLM000552,CUST00020,POL00017,2026-03-07,2026-03-12,scratch,Scratches were noticed after the vehicle was parked overnight.,6438,4438,Genuine,11,Pending,Pending,Pending,Pending,Pending,Pending
CLM000553,CUST00047,POL00010,2026-06-28,2026-07-02,dent,Vehicle was dented after accidental impact with a divider.,27950,24950,Genuine,27,Pending,Pending,Pending,Pending,Pending,Pending
CLM000554,CUST00020,POL00017,2026-07-31,2026-07-31,scratch,Vehicle was scratched while parking in a shopping mall.,5947,3947,Genuine,17,Pending,Pending,Pending,Pending,Pending,Pending
CLM000555,CUST00026,POL00030,2026-05-03,2026-05-07,dent,Driver hit a roadside pole while taking a turn.,14793,9793,Genuine,26,Pending,Pending,Pending,Pending,Pending,Pending
CLM000556,CUST00098,POL00007,2026-05-16,2026-05-20,smash,Front portion of the vehicle was severely smashed during an accident.,86913,83913,Genuine,24,Pending,Pending,Pending,Pending,Pending,Pending
CLM000557,CUST00020,POL00017,2026-06-17,2026-06-18,dent,A low-speed collision caused dents on the front bumper.,18921,15921,Genuine,6,Pending,Pending,Pending,Pending,Pending,Pending
CLM000558,CUST00098,POL00007,2026-06-22,2026-06-27,dent,Another vehicle hit the car while waiting at a traffic signal.,34124,33124,Genuine,35,Pending,Pending,Pending,Pending,Pending,Pending
CLM000559,CUST00010,POL00023,2026-03-11,2026-03-15,dent,Vehicle suffered a dent after a rear-end collision.,9835,6835,Genuine,25,Pending,Pending,Pending,Pending,Pending,Pending
CLM000560,CUST00098,POL00007,2026-05-06,2026-05-09,scratch,Scratches were noticed after the vehicle was parked overnight.,4084,2084,Genuine,6,Pending,Pending,Pending,Pending,Pending,Pending
CLM000561,CUST00064,POL00014,2026-05-12,2026-05-17,scratch,Vehicle was scratched while parking in a shopping mall.,12751,11751,Genuine,24,Pending,Pending,Pending,Pending,Pending,Pending
CLM000562,CUST00078,POL00004,2026-06-06,2026-06-10,dent,A low-speed collision caused dents on the front bumper.,15787,12787,Genuine,24,Pending,Pending,Pending,Pending,Pending,Pending
CLM000563,CUST00087,POL00020,2026-03-24,2026-03-24,smash,Vehicle was heavily damaged after colliding with another car.,151946,149946,Genuine,33,Pending,Pending,Pending,Pending,Pending,Pending
CLM000564,CUST00064,POL00014,2026-07-06,2026-07-10,smash,Vehicle collided with a divider resulting in severe body damage.,146002,143002,Genuine,14,Pending,Pending,Pending,Pending,Pending,Pending
CLM000565,CUST00020,POL00017,2026-07-20,2026-07-25,dent,Vehicle was dented after accidental impact with a divider.,20700,19700,Fraud,99,Pending,Pending,Pending,Pending,Pending,Pending
CLM000566,CUST00003,POL00012,2026-05-13,2026-05-18,dent,Driver hit a roadside pole while taking a turn.,11378,8378,Fraud,94,Pending,Pending,Pending,Pending,Pending,Pending
CLM000567,CUST00045,POL00018,2026-05-23,2026-05-24,glass_break,A stone from a truck shattered the front windshield.,30130,27130,Genuine,12,Pending,Pending,Pending,Pending,Pending,Pending
CLM000568,CUST00078,POL00004,2026-05-11,2026-05-13,glass_break,A stone from a truck shattered the front windshield.,18709,16709,Genuine,40,Pending,Pending,Pending,Pending,Pending,Pending
CLM000569,CUST00045,POL00018,2026-03-15,2026-03-18,glass_break,Windshield cracked after being struck by flying debris.,16668,13668,Genuine,26,Pending,Pending,Pending,Pending,Pending,Pending
CLM000570,CUST00098,POL00007,2026-04-13,2026-04-16,glass_break,A stone from a truck shattered the front windshield.,15306,14306,Genuine,10,Pending,Pending,Pending,Pending,Pending,Pending
CLM000571,CUST00098,POL00007,2026-07-11,2026-07-14,glass_break,Glass damage occurred due to falling construction material.,33779,31779,Genuine,39,Pending,Pending,Pending,Pending,Pending,Pending
CLM000572,CUST00078,POL00004,2026-04-02,2026-04-03,glass_break,A stone from a truck shattered the front windshield.,41857,38857,Genuine,34,Pending,Pending,Pending,Pending,Pending,Pending
CLM000573,CUST00087,POL00020,2026-05-09,2026-05-12,glass_break,Windshield developed cracks following a highway incident.,37695,35695,Genuine,26,Pending,Pending,Pending,Pending,Pending,Pending
CLM000574,CUST00003,POL00012,2026-05-20,2026-05-22,glass_break,Glass damage occurred due to falling construction material.,35032,30032,Genuine,15,Pending,Pending,Pending,Pending,Pending,Pending
CLM000575,CUST00003,POL00012,2026-05-15,2026-05-19,glass_break,Windshield developed cracks following a highway incident.,19011,16011,Genuine,9,Pending,Pending,Pending,Pending,Pending,Pending
CLM000576,CUST00047,POL00010,2026-07-15,2026-07-17,glass_break,A stone from a truck shattered the front windshield.,27970,25970,Genuine,29,Pending,Pending,Pending,Pending,Pending,Pending
CLM000577,CUST00020,POL00017,2026-03-07,2026-03-10,dent,Vehicle suffered a dent after a rear-end collision.,30745,28745,Genuine,9,Pending,Pending,Pending,Pending,Pending,Pending
CLM000578,CUST00094,POL00015,2026-02-28,2026-02-28,glass_break,Glass damage occurred due to falling construction material.,23545,20545,Genuine,9,Pending,Pending,Pending,Pending,Pending,Pending
CLM000579,CUST00020,POL00017,2026-03-05,2026-03-10,glass_break,Windshield cracked after being struck by flying debris.,16029,15029,Genuine,13,Pending,Pending,Pending,Pending,Pending,Pending
CLM000580,CUST00003,POL00012,2026-06-11,2026-06-12,glass_break,Side window broke after impact from roadside debris.,31103,26103,Genuine,33,Pending,Pending,Pending,Pending,Pending,Pending
CLM000581,CUST00099,POL00016,2026-04-19,2026-04-20,glass_break,Side window broke after impact from roadside debris.,34561,33561,Genuine,37,Pending,Pending,Pending,Pending,Pending,Pending
CLM000582,CUST00011,POL00019,2026-06-01,2026-06-04,glass_break,Glass damage occurred due to falling construction material.,35543,34543,Genuine,6,Pending,Pending,Pending,Pending,Pending,Pending
CLM000583,CUST00083,POL00027,2026-06-07,2026-06-12,glass_break,A stone from a truck shattered the front windshield.,37086,32086,Genuine,39,Pending,Pending,Pending,Pending,Pending,Pending
CLM000584,CUST00011,POL00019,2026-05-19,2026-05-24,glass_break,A stone from a truck shattered the front windshield.,37204,34204,Genuine,14,Pending,Pending,Pending,Pending,Pending,Pending
CLM000585,CUST00045,POL00018,2026-02-13,2026-02-16,glass_break,A stone from a truck shattered the front windshield.,13029,11029,Genuine,36,Pending,Pending,Pending,Pending,Pending,Pending
CLM000586,CUST00094,POL00015,2026-03-23,2026-03-26,smash,Front portion of the vehicle was severely smashed during an accident.,167123,162123,Genuine,34,Pending,Pending,Pending,Pending,Pending,Pending
CLM000587,CUST00094,POL00015,2026-06-01,2026-06-06,smash,Front portion of the vehicle was severely smashed during an accident.,74352,69352,Genuine,36,Pending,Pending,Pending,Pending,Pending,Pending
CLM000588,CUST00026,POL00030,2026-03-05,2026-03-08,glass_break,Windshield cracked after being struck by flying debris.,14481,9481,Genuine,12,Pending,Pending,Pending,Pending,Pending,Pending
CLM000589,CUST00011,POL00019,2026-05-30,2026-06-02,smash,Major highway collision caused extensive front-end damage.,117757,116757,Genuine,10,Pending,Pending,Pending,Pending,Pending,Pending
CLM000590,CUST00045,POL00018,2026-03-07,2026-03-12,glass_break,Side window broke after impact from roadside debris.,12706,7706,Genuine,35,Pending,Pending,Pending,Pending,Pending,Pending
CLM000591,CUST00087,POL00020,2026-03-09,2026-03-11,glass_break,Windshield cracked after being struck by flying debris.,22977,21977,Genuine,24,Pending,Pending,Pending,Pending,Pending,Pending
CLM000592,CUST00020,POL00017,2026-05-19,2026-05-22,scratch,Vehicle was scratched while parking in a shopping mall.,3845,1000,Genuine,6,Pending,Pending,Pending,Pending,Pending,Pending
CLM000593,CUST00064,POL00014,2026-05-27,2026-05-27,glass_break,Windshield cracked after being struck by flying debris.,28518,26518,Genuine,22,Pending,Pending,Pending,Pending,Pending,Pending
CLM000594,CUST00026,POL00030,2026-02-02,2026-02-03,smash,Vehicle was heavily damaged after colliding with another car.,108543,105543,Genuine,21,Pending,Pending,Pending,Pending,Pending,Pending
CLM000595,CUST00083,POL00027,2026-03-27,2026-03-30,scratch,Side panel was scratched while passing through a narrow street.,4382,2382,Genuine,14,Pending,Pending,Pending,Pending,Pending,Pending
CLM000596,CUST00099,POL00016,2026-07-18,2026-07-23,glass_break,Side window broke after impact from roadside debris.,22963,20963,Genuine,27,Pending,Pending,Pending,Pending,Pending,Pending
CLM000597,CUST00003,POL00012,2026-06-02,2026-06-05,glass_break,Windshield developed cracks following a highway incident.,38132,33132,Genuine,39,Pending,Pending,Pending,Pending,Pending,Pending
CLM000598,CUST00011,POL00019,2026-04-08,2026-04-11,smash,A high-speed accident caused significant structural damage.,164069,159069,Fraud,99,Pending,Pending,Pending,Pending,Pending,Pending
CLM000599,CUST00078,POL00004,2026-05-27,2026-06-01,glass_break,Glass damage occurred due to falling construction material.,29864,26864,Genuine,11,Pending,Pending,Pending,Pending,Pending,Pending
CLM000600,CUST00098,POL00007,2026-05-12,2026-05-16,glass_break,Windshield cracked after being struck by flying debris.,24774,21774,Genuine,16,Pending,Pending,Pending,Pending,Pending,Pending
CLM000601,CUST00003,POL00012,2026-06-05,2026-06-10,glass_break,Side window broke after impact from roadside debris.,18402,17402,Genuine,27,Pending,Pending,Pending,Pending,Pending,Pending
CLM000602,CUST00026,POL00030,2026-02-13,2026-02-14,smash,Front portion of the vehicle was severely smashed during an accident.,131185,130185,Fraud,89,Pending,Pending,Pending,Pending,Pending,Pending
CLM000603,CUST00045,POL00018,2026-07-03,2026-07-08,smash,Vehicle collided with a divider resulting in severe body damage.,162255,160255,Genuine,16,Pending,Pending,Pending,Pending,Pending,Pending
CLM000604,CUST00099,POL00016,2026-04-13,2026-04-18,smash,A high-speed accident caused significant structural damage.,172707,171707,Genuine,22,Pending,Pending,Pending,Pending,Pending,Pending
CLM000605,CUST00010,POL00023,2026-07-16,2026-07-18,smash,A high-speed accident caused significant structural damage.,151856,150856,Genuine,26,Pending,Pending,Pending,Pending,Pending,Pending
CLM000606,CUST00078,POL00004,2026-07-04,2026-07-05,scratch,Scratches were noticed after the vehicle was parked overnight.,6287,1287,Genuine,36,Pending,Pending,Pending,Pending,Pending,Pending
CLM000607,CUST00094,POL00015,2026-03-07,2026-03-12,glass_break,Side window broke after impact from roadside debris.,28973,27973,Fraud,72,Pending,Pending,Pending,Pending,Pending,Pending
CLM000608,CUST00083,POL00027,2026-06-23,2026-06-28,glass_break,Side window broke after impact from roadside debris.,12056,11056,Genuine,22,Pending,Pending,Pending,Pending,Pending,Pending
CLM000609,CUST00064,POL00014,2026-03-15,2026-03-16,glass_break,Windshield cracked after being struck by flying debris.,44157,39157,Genuine,9,Pending,Pending,Pending,Pending,Pending,Pending
CLM000610,CUST00064,POL00014,2026-07-17,2026-07-22,glass_break,Windshield cracked after being struck by flying debris.,35522,32522,Genuine,30,Pending,Pending,Pending,Pending,Pending,Pending
CLM000611,CUST00020,POL00017,2026-03-12,2026-03-12,glass_break,Windshield developed cracks following a highway incident.,42122,39122,Genuine,16,Pending,Pending,Pending,Pending,Pending,Pending
CLM000612,CUST00011,POL00019,2026-06-13,2026-06-14,dent,Vehicle suffered a dent after a rear-end collision.,28664,25664,Genuine,33,Pending,Pending,Pending,Pending,Pending,Pending
CLM000613,CUST00099,POL00016,2026-03-26,2026-03-30,dent,Another vehicle hit the car while waiting at a traffic signal.,20739,19739,Genuine,24,Pending,Pending,Pending,Pending,Pending,Pending
CLM000614,CUST00047,POL00010,2026-02-14,2026-02-19,glass_break,Glass damage occurred due to falling construction material.,34132,33132,Genuine,18,Pending,Pending,Pending,Pending,Pending,Pending
CLM000615,CUST00003,POL00012,2026-06-25,2026-06-28,scratch,Vehicle was scratched while parking in a shopping mall.,12492,10492,Genuine,7,Pending,Pending,Pending,Pending,Pending,Pending
CLM000616,CUST00045,POL00018,2026-07-19,2026-07-21,scratch,Vehicle was scratched while parking in a shopping mall.,14490,12490,Fraud,90,Pending,Pending,Pending,Pending,Pending,Pending
CLM000617,CUST00092,POL00002,2026-07-15,2026-07-16,scratch,Side panel was scratched while passing through a narrow street.,4047,3047,Genuine,19,Pending,Pending,Pending,Pending,Pending,Pending
CLM000618,CUST00003,POL00012,2026-07-20,2026-07-24,scratch,Driver accidentally brushed the vehicle against a concrete wall while reversing.,4979,2979,Genuine,18,Pending,Pending,Pending,Pending,Pending,Pending
CLM000619,CUST00098,POL00007,2026-03-12,2026-03-13,scratch,Side panel was scratched while passing through a narrow street.,5314,1000,Genuine,28,Pending,Pending,Pending,Pending,Pending,Pending
CLM000620,CUST00010,POL00023,2026-03-29,2026-03-29,scratch,Vehicle was scratched while parking in a shopping mall.,4637,1000,Genuine,6,Pending,Pending,Pending,Pending,Pending,Pending
CLM000621,CUST00098,POL00007,2026-02-04,2026-02-05,scratch,Driver accidentally brushed the vehicle against a concrete wall while reversing.,13678,10678,Genuine,35,Pending,Pending,Pending,Pending,Pending,Pending
CLM000622,CUST00098,POL00007,2026-02-25,2026-03-02,scratch,Vehicle was scratched while parking in a shopping mall.,10379,5379,Genuine,16,Pending,Pending,Pending,Pending,Pending,Pending
CLM000623,CUST00026,POL00030,2026-03-11,2026-03-12,scratch,Driver accidentally brushed the vehicle against a concrete wall while reversing.,4442,1442,Genuine,5,Pending,Pending,Pending,Pending,Pending,Pending
CLM000624,CUST00047,POL00010,2026-05-22,2026-05-22,scratch,Driver accidentally brushed the vehicle against a concrete wall while reversing.,8929,6929,Genuine,18,Pending,Pending,Pending,Pending,Pending,Pending
CLM000625,CUST00098,POL00007,2026-07-18,2026-07-23,scratch,Minor scratches occurred due to contact with another parked vehicle.,5888,3888,Genuine,7,Pending,Pending,Pending,Pending,Pending,Pending
CLM000626,CUST00010,POL00023,2026-03-16,2026-03-17,scratch,Driver accidentally brushed the vehicle against a concrete wall while reversing.,8477,3477,Genuine,8,Pending,Pending,Pending,Pending,Pending,Pending
CLM000627,CUST00047,POL00010,2026-04-15,2026-04-16,scratch,Minor scratches occurred due to contact with another parked vehicle.,6855,1855,Genuine,25,Pending,Pending,Pending,Pending,Pending,Pending
CLM000628,CUST00094,POL00015,2026-04-26,2026-04-27,scratch,Vehicle was scratched while parking in a shopping mall.,4606,2606,Genuine,17,Pending,Pending,Pending,Pending,Pending,Pending
CLM000629,CUST00087,POL00020,2026-06-16,2026-06-19,scratch,Minor scratches occurred due to contact with another parked vehicle.,10141,8141,Genuine,34,Pending,Pending,Pending,Pending,Pending,Pending
CLM000630,CUST00011,POL00019,2026-07-23,2026-07-28,scratch,Scratches were noticed after the vehicle was parked overnight.,8875,5875,Genuine,13,Pending,Pending,Pending,Pending,Pending,Pending
CLM000631,CUST00098,POL00007,2026-06-05,2026-06-07,scratch,Scratches were noticed after the vehicle was parked overnight.,10627,5627,Genuine,26,Pending,Pending,Pending,Pending,Pending,Pending
CLM000632,CUST00047,POL00010,2026-03-28,2026-03-29,scratch,Scratches were noticed after the vehicle was parked overnight.,12056,10056,Genuine,38,Pending,Pending,Pending,Pending,Pending,Pending
CLM000633,CUST00064,POL00014,2026-05-29,2026-05-31,scratch,Side panel was scratched while passing through a narrow street.,14960,9960,Genuine,20,Pending,Pending,Pending,Pending,Pending,Pending
CLM000634,CUST00064,POL00014,2026-04-02,2026-04-07,scratch,Scratches were noticed after the vehicle was parked overnight.,3083,1000,Genuine,7,Pending,Pending,Pending,Pending,Pending,Pending
CLM000635,CUST00099,POL00016,2026-07-10,2026-07-14,scratch,Vehicle was scratched while parking in a shopping mall.,14413,13413,Genuine,20,Pending,Pending,Pending,Pending,Pending,Pending
CLM000636,CUST00047,POL00010,2026-07-27,2026-07-30,scratch,Minor scratches occurred due to contact with another parked vehicle.,7846,5846,Genuine,10,Pending,Pending,Pending,Pending,Pending,Pending
CLM000637,CUST00020,POL00017,2026-06-26,2026-07-01,scratch,Side panel was scratched while passing through a narrow street.,12562,11562,Genuine,34,Pending,Pending,Pending,Pending,Pending,Pending
CLM000638,CUST00045,POL00018,2026-04-24,2026-04-29,scratch,Minor scratches occurred due to contact with another parked vehicle.,13377,12377,Genuine,9,Pending,Pending,Pending,Pending,Pending,Pending
CLM000639,CUST00010,POL00023,2026-02-23,2026-02-25,scratch,Vehicle was scratched while parking in a shopping mall.,14436,12436,Genuine,10,Pending,Pending,Pending,Pending,Pending,Pending
CLM000640,CUST00087,POL00020,2026-04-29,2026-04-30,scratch,Scratches were noticed after the vehicle was parked overnight.,8989,3989,Genuine,28,Pending,Pending,Pending,Pending,Pending,Pending
CLM000641,CUST00099,POL00016,2026-03-05,2026-03-10,scratch,Driver accidentally brushed the vehicle against a concrete wall while reversing.,8487,6487,Genuine,35,Pending,Pending,Pending,Pending,Pending,Pending
CLM000642,CUST00083,POL00027,2026-04-27,2026-04-29,scratch,Side panel was scratched while passing through a narrow street.,11250,6250,Genuine,9,Pending,Pending,Pending,Pending,Pending,Pending
CLM000643,CUST00083,POL00027,2026-02-09,2026-02-14,scratch,Vehicle was scratched while parking in a shopping mall.,14629,11629,Genuine,28,Pending,Pending,Pending,Pending,Pending,Pending
CLM000644,CUST00047,POL00010,2026-07-04,2026-07-05,scratch,Minor scratches occurred due to contact with another parked vehicle.,9400,7400,Genuine,9,Pending,Pending,Pending,Pending,Pending,Pending
CLM000645,CUST00045,POL00018,2026-05-17,2026-05-20,scratch,Scratches were noticed after the vehicle was parked overnight.,5465,3465,Genuine,6,Pending,Pending,Pending,Pending,Pending,Pending
CLM000646,CUST00020,POL00017,2026-07-26,2026-07-27,scratch,Scratches were noticed after the vehicle was parked overnight.,10272,9272,Genuine,9,Pending,Pending,Pending,Pending,Pending,Pending
CLM000647,CUST00094,POL00015,2026-03-13,2026-03-16,scratch,Side panel was scratched while passing through a narrow street.,13584,10584,Genuine,38,Pending,Pending,Pending,Pending,Pending,Pending
CLM000648,CUST00087,POL00020,2026-05-19,2026-05-19,scratch,Driver accidentally brushed the vehicle against a concrete wall while reversing.,5813,2813,Genuine,28,Pending,Pending,Pending,Pending,Pending,Pending
CLM000649,CUST00064,POL00014,2026-06-15,2026-06-16,scratch,Driver accidentally brushed the vehicle against a concrete wall while reversing.,13135,11135,Genuine,23,Pending,Pending,Pending,Pending,Pending,Pending
CLM000650,CUST00026,POL00030,2026-06-14,2026-06-15,scratch,Scratches were noticed after the vehicle was parked overnight.,8187,6187,Genuine,28,Pending,Pending,Pending,Pending,Pending,Pending
CLM000651,CUST00098,POL00007,2026-03-17,2026-03-19,scratch,Vehicle was scratched while parking in a shopping mall.,5423,2423,Genuine,15,Pending,Pending,Pending,Pending,Pending,Pending
CLM000652,CUST00011,POL00019,2026-03-24,2026-03-26,scratch,Minor scratches occurred due to contact with another parked vehicle.,10504,7504,Genuine,39,Pending,Pending,Pending,Pending,Pending,Pending
CLM000653,CUST00010,POL00023,2026-07-21,2026-07-22,glass_break,Glass damage occurred due to falling construction material.,40973,37973,Genuine,35,Pending,Pending,Pending,Pending,Pending,Pending
CLM000654,CUST00099,POL00016,2026-07-17,2026-07-21,glass_break,A stone from a truck shattered the front windshield.,26441,21441,Genuine,25,Pending,Pending,Pending,Pending,Pending,Pending
CLM000655,CUST00020,POL00017,2026-03-22,2026-03-25,glass_break,A stone from a truck shattered the front windshield.,17478,12478,Genuine,10,Pending,Pending,Pending,Pending,Pending,Pending
CLM000656,CUST00020,POL00017,2026-04-28,2026-05-01,glass_break,Side window broke after impact from roadside debris.,35662,30662,Genuine,32,Pending,Pending,Pending,Pending,Pending,Pending
CLM000657,CUST00098,POL00007,2026-06-06,2026-06-11,glass_break,Windshield developed cracks following a highway incident.,32190,27190,Genuine,10,Pending,Pending,Pending,Pending,Pending,Pending
CLM000658,CUST00099,POL00016,2026-06-25,2026-06-26,glass_break,Side window broke after impact from roadside debris.,39776,34776,Genuine,10,Pending,Pending,Pending,Pending,Pending,Pending
CLM000659,CUST00045,POL00018,2026-05-23,2026-05-26,glass_break,A stone from a truck shattered the front windshield.,36626,35626,Fraud,90,Pending,Pending,Pending,Pending,Pending,Pending
CLM000660,CUST00098,POL00007,2026-07-21,2026-07-23,glass_break,Glass damage occurred due to falling construction material.,24190,19190,Genuine,36,Pending,Pending,Pending,Pending,Pending,Pending
CLM000661,CUST00098,POL00007,2026-02-18,2026-02-23,scratch,Side panel was scratched while passing through a narrow street.,3439,2439,Genuine,24,Pending,Pending,Pending,Pending,Pending,Pending
CLM000662,CUST00099,POL00016,2026-07-24,2026-07-24,dent,A low-speed collision caused dents on the front bumper.,13877,8877,Genuine,20,Pending,Pending,Pending,Pending,Pending,Pending
CLM000663,CUST00047,POL00010,2026-02-04,2026-02-04,dent,A low-speed collision caused dents on the front bumper.,23744,18744,Genuine,35,Pending,Pending,Pending,Pending,Pending,Pending
CLM000664,CUST00078,POL00004,2026-05-01,2026-05-02,smash,Major highway collision caused extensive front-end damage.,57669,55669,Genuine,13,Pending,Pending,Pending,Pending,Pending,Pending
CLM000665,CUST00087,POL00020,2026-02-18,2026-02-18,scratch,Scratches were noticed after the vehicle was parked overnight.,8832,7832,Genuine,38,Pending,Pending,Pending,Pending,Pending,Pending
CLM000666,CUST00083,POL00027,2026-02-06,2026-02-08,smash,A high-speed accident caused significant structural damage.,128480,126480,Genuine,25,Pending,Pending,Pending,Pending,Pending,Pending
CLM000667,CUST00092,POL00002,2026-03-29,2026-04-01,scratch,Minor scratches occurred due to contact with another parked vehicle.,3211,1211,Genuine,28,Pending,Pending,Pending,Pending,Pending,Pending
CLM000668,CUST00083,POL00027,2026-02-24,2026-03-01,scratch,Scratches were noticed after the vehicle was parked overnight.,11247,9247,Genuine,40,Pending,Pending,Pending,Pending,Pending,Pending
CLM000669,CUST00099,POL00016,2026-05-03,2026-05-05,scratch,Minor scratches occurred due to contact with another parked vehicle.,4909,2909,Genuine,35,Pending,Pending,Pending,Pending,Pending,Pending
CLM000670,CUST00020,POL00017,2026-07-01,2026-07-02,scratch,Driver accidentally brushed the vehicle against a concrete wall while reversing.,14630,11630,Fraud,96,Pending,Pending,Pending,Pending,Pending,Pending
CLM000671,CUST00083,POL00027,2026-04-14,2026-04-19,scratch,Vehicle was scratched while parking in a shopping mall.,5053,3053,Genuine,10,Pending,Pending,Pending,Pending,Pending,Pending
CLM000672,CUST00099,POL00016,2026-02-13,2026-02-17,smash,Front portion of the vehicle was severely smashed during an accident.,55572,53572,Fraud,95,Pending,Pending,Pending,Pending,Pending,Pending
CLM000673,CUST00045,POL00018,2026-07-07,2026-07-07,scratch,Scratches were noticed after the vehicle was parked overnight.,3709,2709,Genuine,5,Pending,Pending,Pending,Pending,Pending,Pending
CLM000674,CUST00099,POL00016,2026-05-21,2026-05-25,scratch,Minor scratches occurred due to contact with another parked vehicle.,13987,10987,Fraud,74,Pending,Pending,Pending,Pending,Pending,Pending
CLM000675,CUST00092,POL00002,2026-03-18,2026-03-19,scratch,Driver accidentally brushed the vehicle against a concrete wall while reversing.,12342,11342,Genuine,5,Pending,Pending,Pending,Pending,Pending,Pending
CLM000676,CUST00064,POL00014,2026-04-29,2026-05-04,scratch,Scratches were noticed after the vehicle was parked overnight.,4616,2616,Genuine,35,Pending,Pending,Pending,Pending,Pending,Pending
CLM000677,CUST00098,POL00007,2026-06-03,2026-06-06,scratch,Vehicle was scratched while parking in a shopping mall.,8813,3813,Genuine,37,Pending,Pending,Pending,Pending,Pending,Pending
CLM000678,CUST00020,POL00017,2026-05-19,2026-05-23,scratch,Vehicle was scratched while parking in a shopping mall.,11515,9515,Genuine,28,Pending,Pending,Pending,Pending,Pending,Pending
CLM000679,CUST00078,POL00004,2026-02-06,2026-02-09,scratch,Driver accidentally brushed the vehicle against a concrete wall while reversing.,9304,6304,Genuine,24,Pending,Pending,Pending,Pending,Pending,Pending
CLM000680,CUST00011,POL00019,2026-06-16,2026-06-16,scratch,Side panel was scratched while passing through a narrow street.,4140,1000,Genuine,28,Pending,Pending,Pending,Pending,Pending,Pending
CLM000681,CUST00011,POL00019,2026-04-20,2026-04-25,scratch,Scratches were noticed after the vehicle was parked overnight.,13789,12789,Genuine,30,Pending,Pending,Pending,Pending,Pending,Pending
CLM000682,CUST00064,POL00014,2026-06-30,2026-07-01,scratch,Side panel was scratched while passing through a narrow street.,8959,6959,Genuine,30,Pending,Pending,Pending,Pending,Pending,Pending
CLM000683,CUST00020,POL00017,2026-03-29,2026-04-02,scratch,Minor scratches occurred due to contact with another parked vehicle.,9557,6557,Genuine,30,Pending,Pending,Pending,Pending,Pending,Pending
CLM000684,CUST00045,POL00018,2026-07-24,2026-07-24,scratch,Vehicle was scratched while parking in a shopping mall.,7107,2107,Genuine,13,Pending,Pending,Pending,Pending,Pending,Pending
CLM000685,CUST00099,POL00016,2026-07-12,2026-07-17,scratch,Scratches were noticed after the vehicle was parked overnight.,9269,6269,Genuine,11,Pending,Pending,Pending,Pending,Pending,Pending
CLM000686,CUST00078,POL00004,2026-03-15,2026-03-17,scratch,Scratches were noticed after the vehicle was parked overnight.,13847,8847,Genuine,21,Pending,Pending,Pending,Pending,Pending,Pending
CLM000687,CUST00026,POL00030,2026-04-09,2026-04-12,scratch,Vehicle was scratched while parking in a shopping mall.,9285,4285,Genuine,29,Pending,Pending,Pending,Pending,Pending,Pending
CLM000688,CUST00094,POL00015,2026-04-23,2026-04-26,scratch,Vehicle was scratched while parking in a shopping mall.,5689,1000,Genuine,24,Pending,Pending,Pending,Pending,Pending,Pending
CLM000689,CUST00087,POL00020,2026-05-25,2026-05-28,scratch,Scratches were noticed after the vehicle was parked overnight.,12211,10211,Genuine,30,Pending,Pending,Pending,Pending,Pending,Pending
CLM000690,CUST00092,POL00002,2026-06-29,2026-07-01,scratch,Minor scratches occurred due to contact with another parked vehicle.,8250,7250,Fraud,71,Pending,Pending,Pending,Pending,Pending,Pending
CLM000691,CUST00047,POL00010,2026-04-17,2026-04-19,scratch,Vehicle was scratched while parking in a shopping mall.,4594,1000,Genuine,27,Pending,Pending,Pending,Pending,Pending,Pending
CLM000692,CUST00010,POL00023,2026-05-14,2026-05-14,scratch,Minor scratches occurred due to contact with another parked vehicle.,8113,7113,Genuine,9,Pending,Pending,Pending,Pending,Pending,Pending
CLM000693,CUST00064,POL00014,2026-05-24,2026-05-24,scratch,Side panel was scratched while passing through a narrow street.,10551,5551,Genuine,31,Pending,Pending,Pending,Pending,Pending,Pending
CLM000694,CUST00026,POL00030,2026-07-06,2026-07-11,scratch,Driver accidentally brushed the vehicle against a concrete wall while reversing.,9394,6394,Genuine,36,Pending,Pending,Pending,Pending,Pending,Pending
CLM000695,CUST00087,POL00020,2026-06-10,2026-06-13,scratch,Vehicle was scratched while parking in a shopping mall.,13073,10073,Genuine,32,Pending,Pending,Pending,Pending,Pending,Pending
CLM000696,CUST00011,POL00019,2026-03-05,2026-03-05,scratch,Scratches were noticed after the vehicle was parked overnight.,7871,2871,Genuine,10,Pending,Pending,Pending,Pending,Pending,Pending
CLM000697,CUST00003,POL00012,2026-07-12,2026-07-17,smash,A high-speed accident caused significant structural damage.,155013,150013,Genuine,27,Pending,Pending,Pending,Pending,Pending,Pending
CLM000698,CUST00003,POL00012,2026-04-06,2026-04-11,scratch,Scratches were noticed after the vehicle was parked overnight.,9788,4788,Genuine,37,Pending,Pending,Pending,Pending,Pending,Pending
CLM000699,CUST00083,POL00027,2026-05-24,2026-05-29,scratch,Scratches were noticed after the vehicle was parked overnight.,11178,9178,Genuine,34,Pending,Pending,Pending,Pending,Pending,Pending
CLM000700,CUST00020,POL00017,2026-06-23,2026-06-28,glass_break,Side window broke after impact from roadside debris.,25149,22149,Genuine,20,Pending,Pending,Pending,Pending,Pending,Pending
CLM000701,CUST00083,POL00027,2026-02-16,2026-02-17,glass_break,Side window broke after impact from roadside debris.,25340,20340,Genuine,23,Pending,Pending,Pending,Pending,Pending,Pending
CLM000702,CUST00078,POL00004,2026-05-13,2026-05-16,smash,Vehicle was heavily damaged after colliding with another car.,69655,67655,Fraud,95,Pending,Pending,Pending,Pending,Pending,Pending
CLM000703,CUST00003,POL00012,2026-05-21,2026-05-26,glass_break,Glass damage occurred due to falling construction material.,22443,19443,Genuine,21,Pending,Pending,Pending,Pending,Pending,Pending
CLM000704,CUST00064,POL00014,2026-07-10,2026-07-12,dent,Vehicle was dented after accidental impact with a divider.,23920,22920,Fraud,98,Pending,Pending,Pending,Pending,Pending,Pending
CLM000705,CUST00083,POL00027,2026-06-01,2026-06-01,smash,Front portion of the vehicle was severely smashed during an accident.,138037,137037,Genuine,13,Pending,Pending,Pending,Pending,Pending,Pending
CLM000706,CUST00078,POL00004,2026-05-12,2026-05-14,smash,Front portion of the vehicle was severely smashed during an accident.,165941,164941,Genuine,12,Pending,Pending,Pending,Pending,Pending,Pending
CLM000707,CUST00094,POL00015,2026-05-22,2026-05-25,smash,Vehicle was heavily damaged after colliding with another car.,78574,76574,Fraud,76,Pending,Pending,Pending,Pending,Pending,Pending
CLM000708,CUST00045,POL00018,2026-05-11,2026-05-15,smash,Vehicle was heavily damaged after colliding with another car.,119922,116922,Genuine,12,Pending,Pending,Pending,Pending,Pending,Pending
CLM000709,CUST00026,POL00030,2026-05-14,2026-05-14,smash,Front portion of the vehicle was severely smashed during an accident.,165269,163269,Genuine,28,Pending,Pending,Pending,Pending,Pending,Pending
CLM000710,CUST00099,POL00016,2026-05-13,2026-05-18,smash,A high-speed accident caused significant structural damage.,170252,168252,Genuine,29,Pending,Pending,Pending,Pending,Pending,Pending
CLM000711,CUST00026,POL00030,2026-05-27,2026-05-29,smash,Major highway collision caused extensive front-end damage.,100917,99917,Genuine,30,Pending,Pending,Pending,Pending,Pending,Pending
CLM000712,CUST00047,POL00010,2026-07-23,2026-07-25,smash,Major highway collision caused extensive front-end damage.,170047,165047,Genuine,31,Pending,Pending,Pending,Pending,Pending,Pending
CLM000713,CUST00047,POL00010,2026-06-20,2026-06-25,smash,A high-speed accident caused significant structural damage.,144029,139029,Genuine,11,Pending,Pending,Pending,Pending,Pending,Pending
CLM000714,CUST00064,POL00014,2026-07-18,2026-07-23,smash,Vehicle collided with a divider resulting in severe body damage.,145581,142581,Genuine,6,Pending,Pending,Pending,Pending,Pending,Pending
CLM000715,CUST00099,POL00016,2026-03-06,2026-03-06,smash,Major highway collision caused extensive front-end damage.,102515,100515,Genuine,25,Pending,Pending,Pending,Pending,Pending,Pending
CLM000716,CUST00099,POL00016,2026-04-07,2026-04-10,dent,Driver hit a roadside pole while taking a turn.,30470,25470,Genuine,25,Pending,Pending,Pending,Pending,Pending,Pending
CLM000717,CUST00092,POL00002,2026-04-22,2026-04-25,smash,Front portion of the vehicle was severely smashed during an accident.,76039,75039,Genuine,16,Pending,Pending,Pending,Pending,Pending,Pending
CLM000718,CUST00010,POL00023,2026-06-11,2026-06-13,smash,Vehicle collided with a divider resulting in severe body damage.,134817,132817,Genuine,34,Pending,Pending,Pending,Pending,Pending,Pending
CLM000719,CUST00078,POL00004,2026-06-18,2026-06-22,smash,Major highway collision caused extensive front-end damage.,84099,82099,Fraud,81,Pending,Pending,Pending,Pending,Pending,Pending
CLM000720,CUST00064,POL00014,2026-06-09,2026-06-10,smash,A high-speed accident caused significant structural damage.,158430,153430,Fraud,92,Pending,Pending,Pending,Pending,Pending,Pending
CLM000721,CUST00003,POL00012,2026-05-20,2026-05-25,smash,Vehicle collided with a divider resulting in severe body damage.,67065,62065,Genuine,18,Pending,Pending,Pending,Pending,Pending,Pending
CLM000722,CUST00064,POL00014,2026-02-23,2026-02-26,smash,Vehicle collided with a divider resulting in severe body damage.,53771,50771,Genuine,20,Pending,Pending,Pending,Pending,Pending,Pending
CLM000723,CUST00045,POL00018,2026-02-04,2026-02-07,smash,Vehicle collided with a divider resulting in severe body damage.,51352,46352,Fraud,80,Pending,Pending,Pending,Pending,Pending,Pending
CLM000724,CUST00094,POL00015,2026-07-16,2026-07-16,smash,A high-speed accident caused significant structural damage.,128275,125275,Fraud,87,Pending,Pending,Pending,Pending,Pending,Pending
CLM000725,CUST00083,POL00027,2026-02-23,2026-02-26,smash,A high-speed accident caused significant structural damage.,173118,172118,Fraud,86,Pending,Pending,Pending,Pending,Pending,Pending
CLM000726,CUST00083,POL00027,2026-06-18,2026-06-22,smash,Vehicle was heavily damaged after colliding with another car.,176885,175885,Genuine,21,Pending,Pending,Pending,Pending,Pending,Pending
CLM000727,CUST00078,POL00004,2026-05-12,2026-05-12,smash,Vehicle collided with a divider resulting in severe body damage.,91591,86591,Fraud,73,Pending,Pending,Pending,Pending,Pending,Pending
CLM000728,CUST00047,POL00010,2026-03-21,2026-03-23,smash,Vehicle was heavily damaged after colliding with another car.,87083,84083,Genuine,21,Pending,Pending,Pending,Pending,Pending,Pending
CLM000729,CUST00083,POL00027,2026-06-03,2026-06-04,glass_break,Windshield cracked after being struck by flying debris.,40835,39835,Genuine,8,Pending,Pending,Pending,Pending,Pending,Pending
CLM000730,CUST00047,POL00010,2026-07-21,2026-07-24,dent,A low-speed collision caused dents on the front bumper.,23307,18307,Genuine,36,Pending,Pending,Pending,Pending,Pending,Pending
CLM000731,CUST00098,POL00007,2026-06-09,2026-06-11,smash,Vehicle collided with a divider resulting in severe body damage.,160865,158865,Fraud,72,Pending,Pending,Pending,Pending,Pending,Pending
CLM000732,CUST00064,POL00014,2026-03-19,2026-03-23,smash,Vehicle collided with a divider resulting in severe body damage.,166771,164771,Genuine,5,Pending,Pending,Pending,Pending,Pending,Pending
CLM000733,CUST00087,POL00020,2026-05-20,2026-05-25,smash,Major highway collision caused extensive front-end damage.,138723,137723,Genuine,6,Pending,Pending,Pending,Pending,Pending,Pending
CLM000734,CUST00003,POL00012,2026-02-13,2026-02-16,smash,Vehicle was heavily damaged after colliding with another car.,70155,69155,Fraud,96,Pending,Pending,Pending,Pending,Pending,Pending
CLM000735,CUST00003,POL00012,2026-05-09,2026-05-14,smash,Front portion of the vehicle was severely smashed during an accident.,177109,176109,Genuine,33,Pending,Pending,Pending,Pending,Pending,Pending
CLM000736,CUST00078,POL00004,2026-03-13,2026-03-17,dent,Another vehicle hit the car while waiting at a traffic signal.,17271,14271,Genuine,9,Pending,Pending,Pending,Pending,Pending,Pending
CLM000737,CUST00010,POL00023,2026-06-08,2026-06-09,glass_break,Windshield developed cracks following a highway incident.,27733,22733,Fraud,97,Pending,Pending,Pending,Pending,Pending,Pending
CLM000738,CUST00026,POL00030,2026-02-06,2026-02-10,dent,Driver hit a roadside pole while taking a turn.,17782,12782,Genuine,24,Pending,Pending,Pending,Pending,Pending,Pending
CLM000739,CUST00094,POL00015,2026-04-01,2026-04-03,scratch,Scratches were noticed after the vehicle was parked overnight.,11399,9399,Genuine,29,Pending,Pending,Pending,Pending,Pending,Pending
CLM000740,CUST00099,POL00016,2026-07-08,2026-07-08,dent,Vehicle was dented after accidental impact with a divider.,28115,26115,Genuine,32,Pending,Pending,Pending,Pending,Pending,Pending
CLM000741,CUST00083,POL00027,2026-02-20,2026-02-25,dent,Vehicle was dented after accidental impact with a divider.,30486,28486,Genuine,38,Pending,Pending,Pending,Pending,Pending,Pending
CLM000742,CUST00087,POL00020,2026-02-06,2026-02-08,dent,Driver hit a roadside pole while taking a turn.,10594,5594,Genuine,13,Pending,Pending,Pending,Pending,Pending,Pending
CLM000743,CUST00045,POL00018,2026-04-14,2026-04-17,dent,Vehicle suffered a dent after a rear-end collision.,10507,9507,Genuine,37,Pending,Pending,Pending,Pending,Pending,Pending
CLM000744,CUST00020,POL00017,2026-07-02,2026-07-07,dent,Another vehicle hit the car while waiting at a traffic signal.,16351,15351,Genuine,6,Pending,Pending,Pending,Pending,Pending,Pending
CLM000745,CUST00087,POL00020,2026-05-12,2026-05-16,scratch,Side panel was scratched while passing through a narrow street.,4364,1000,Genuine,24,Pending,Pending,Pending,Pending,Pending,Pending
CLM000746,CUST00064,POL00014,2026-02-27,2026-03-01,dent,Vehicle suffered a dent after a rear-end collision.,34542,32542,Genuine,10,Pending,Pending,Pending,Pending,Pending,Pending
CLM000747,CUST00064,POL00014,2026-03-31,2026-04-03,scratch,Side panel was scratched while passing through a narrow street.,9470,8470,Fraud,90,Pending,Pending,Pending,Pending,Pending,Pending
CLM000748,CUST00083,POL00027,2026-06-29,2026-06-30,smash,Major highway collision caused extensive front-end damage.,138316,133316,Genuine,10,Pending,Pending,Pending,Pending,Pending,Pending
CLM000749,CUST00087,POL00020,2026-03-30,2026-04-04,smash,Vehicle collided with a divider resulting in severe body damage.,177208,175208,Genuine,18,Pending,Pending,Pending,Pending,Pending,Pending
CLM000750,CUST00094,POL00015,2026-07-26,2026-07-26,smash,Vehicle collided with a divider resulting in severe body damage.,89441,84441,Fraud,83,Pending,Pending,Pending,Pending,Pending,Pending
CLM000751,CUST00047,POL00010,2026-06-10,2026-06-12,smash,Front portion of the vehicle was severely smashed during an accident.,111799,110799,Genuine,20,Pending,Pending,Pending,Pending,Pending,Pending
CLM000752,CUST00010,POL00023,2026-03-05,2026-03-09,smash,Front portion of the vehicle was severely smashed during an accident.,63456,58456,Genuine,36,Pending,Pending,Pending,Pending,Pending,Pending
CLM000753,CUST00064,POL00014,2026-03-18,2026-03-18,smash,Vehicle was heavily damaged after colliding with another car.,113714,108714,Genuine,8,Pending,Pending,Pending,Pending,Pending,Pending
CLM000754,CUST00083,POL00027,2026-03-27,2026-03-31,smash,A high-speed accident caused significant structural damage.,167031,162031,Genuine,12,Pending,Pending,Pending,Pending,Pending,Pending
CLM000755,CUST00047,POL00010,2026-05-04,2026-05-07,scratch,Driver accidentally brushed the vehicle against a concrete wall while reversing.,5643,2643,Genuine,35,Pending,Pending,Pending,Pending,Pending,Pending
CLM000756,CUST00011,POL00019,2026-04-23,2026-04-26,smash,A high-speed accident caused significant structural damage.,161863,156863,Fraud,79,Pending,Pending,Pending,Pending,Pending,Pending
CLM000757,CUST00092,POL00002,2026-06-17,2026-06-18,dent,Driver hit a roadside pole while taking a turn.,30632,29632,Genuine,13,Pending,Pending,Pending,Pending,Pending,Pending
CLM000758,CUST00098,POL00007,2026-07-27,2026-07-29,smash,A high-speed accident caused significant structural damage.,89800,87800,Genuine,8,Pending,Pending,Pending,Pending,Pending,Pending
CLM000759,CUST00047,POL00010,2026-04-12,2026-04-12,scratch,Scratches were noticed after the vehicle was parked overnight.,11248,10248,Genuine,26,Pending,Pending,Pending,Pending,Pending,Pending
CLM000760,CUST00010,POL00023,2026-03-11,2026-03-13,scratch,Driver accidentally brushed the vehicle against a concrete wall while reversing.,7224,4224,Genuine,7,Pending,Pending,Pending,Pending,Pending,Pending
CLM000761,CUST00092,POL00002,2026-07-04,2026-07-08,dent,Vehicle was dented after accidental impact with a divider.,34181,29181,Genuine,12,Pending,Pending,Pending,Pending,Pending,Pending
CLM000762,CUST00020,POL00017,2026-04-30,2026-05-01,dent,A low-speed collision caused dents on the front bumper.,11454,9454,Genuine,18,Pending,Pending,Pending,Pending,Pending,Pending
CLM000763,CUST00092,POL00002,2026-06-26,2026-06-26,dent,Driver hit a roadside pole while taking a turn.,11253,9253,Genuine,26,Pending,Pending,Pending,Pending,Pending,Pending
CLM000764,CUST00078,POL00004,2026-07-10,2026-07-12,glass_break,Side window broke after impact from roadside debris.,43042,40042,Genuine,15,Pending,Pending,Pending,Pending,Pending,Pending
CLM000765,CUST00098,POL00007,2026-04-13,2026-04-16,smash,Vehicle was heavily damaged after colliding with another car.,148724,143724,Genuine,13,Pending,Pending,Pending,Pending,Pending,Pending
CLM000766,CUST00011,POL00019,2026-07-14,2026-07-14,scratch,Minor scratches occurred due to contact with another parked vehicle.,10251,8251,Genuine,38,Pending,Pending,Pending,Pending,Pending,Pending
CLM000767,CUST00099,POL00016,2026-03-06,2026-03-06,smash,Front portion of the vehicle was severely smashed during an accident.,58056,53056,Genuine,14,Pending,Pending,Pending,Pending,Pending,Pending
CLM000768,CUST00026,POL00030,2026-05-21,2026-05-25,glass_break,Glass damage occurred due to falling construction material.,31944,28944,Genuine,5,Pending,Pending,Pending,Pending,Pending,Pending
CLM000769,CUST00064,POL00014,2026-02-03,2026-02-05,scratch,Side panel was scratched while passing through a narrow street.,13549,11549,Genuine,33,Pending,Pending,Pending,Pending,Pending,Pending
CLM000770,CUST00098,POL00007,2026-03-20,2026-03-24,scratch,Minor scratches occurred due to contact with another parked vehicle.,11805,8805,Genuine,13,Pending,Pending,Pending,Pending,Pending,Pending
CLM000771,CUST00083,POL00027,2026-03-15,2026-03-19,scratch,Minor scratches occurred due to contact with another parked vehicle.,8582,6582,Fraud,98,Pending,Pending,Pending,Pending,Pending,Pending
CLM000772,CUST00010,POL00023,2026-02-21,2026-02-25,scratch,Minor scratches occurred due to contact with another parked vehicle.,4809,3809,Genuine,21,Pending,Pending,Pending,Pending,Pending,Pending
CLM000773,CUST00099,POL00016,2026-03-05,2026-03-09,glass_break,Glass damage occurred due to falling construction material.,31527,30527,Genuine,20,Pending,Pending,Pending,Pending,Pending,Pending
CLM000774,CUST00045,POL00018,2026-07-05,2026-07-07,glass_break,Glass damage occurred due to falling construction material.,21173,16173,Genuine,20,Pending,Pending,Pending,Pending,Pending,Pending
CLM000775,CUST00011,POL00019,2026-07-08,2026-07-08,glass_break,Windshield developed cracks following a highway incident.,21604,16604,Genuine,10,Pending,Pending,Pending,Pending,Pending,Pending
CLM000776,CUST00020,POL00017,2026-03-03,2026-03-07,scratch,Scratches were noticed after the vehicle was parked overnight.,4279,1279,Genuine,30,Pending,Pending,Pending,Pending,Pending,Pending
CLM000777,CUST00011,POL00019,2026-04-16,2026-04-17,glass_break,A stone from a truck shattered the front windshield.,39749,34749,Genuine,36,Pending,Pending,Pending,Pending,Pending,Pending
CLM000778,CUST00011,POL00019,2026-04-01,2026-04-01,smash,Vehicle collided with a divider resulting in severe body damage.,176881,175881,Genuine,34,Pending,Pending,Pending,Pending,Pending,Pending
CLM000779,CUST00064,POL00014,2026-03-20,2026-03-21,smash,Major highway collision caused extensive front-end damage.,65842,62842,Genuine,7,Pending,Pending,Pending,Pending,Pending,Pending
CLM000780,CUST00047,POL00010,2026-06-25,2026-06-29,dent,Another vehicle hit the car while waiting at a traffic signal.,17633,12633,Fraud,74,Pending,Pending,Pending,Pending,Pending,Pending
CLM000781,CUST00083,POL00027,2026-05-03,2026-05-03,dent,Vehicle suffered a dent after a rear-end collision.,13999,8999,Fraud,87,Pending,Pending,Pending,Pending,Pending,Pending
CLM000782,CUST00003,POL00012,2026-02-26,2026-02-27,glass_break,A stone from a truck shattered the front windshield.,41646,38646,Genuine,35,Pending,Pending,Pending,Pending,Pending,Pending
CLM000783,CUST00092,POL00002,2026-04-23,2026-04-24,glass_break,Windshield developed cracks following a highway incident.,33313,32313,Genuine,31,Pending,Pending,Pending,Pending,Pending,Pending
CLM000784,CUST00047,POL00010,2026-06-19,2026-06-24,smash,Major highway collision caused extensive front-end damage.,166659,161659,Genuine,10,Pending,Pending,Pending,Pending,Pending,Pending
CLM000785,CUST00094,POL00015,2026-03-06,2026-03-06,smash,Front portion of the vehicle was severely smashed during an accident.,123315,122315,Genuine,39,Pending,Pending,Pending,Pending,Pending,Pending
CLM000786,CUST00010,POL00023,2026-06-09,2026-06-10,smash,Front portion of the vehicle was severely smashed during an accident.,136278,134278,Genuine,22,Pending,Pending,Pending,Pending,Pending,Pending
CLM000787,CUST00011,POL00019,2026-05-05,2026-05-08,dent,Driver hit a roadside pole while taking a turn.,27296,26296,Genuine,6,Pending,Pending,Pending,Pending,Pending,Pending
CLM000788,CUST00003,POL00012,2026-03-15,2026-03-16,smash,A high-speed accident caused significant structural damage.,83708,82708,Fraud,73,Pending,Pending,Pending,Pending,Pending,Pending
CLM000789,CUST00094,POL00015,2026-07-16,2026-07-20,smash,A high-speed accident caused significant structural damage.,70214,67214,Genuine,15,Pending,Pending,Pending,Pending,Pending,Pending
CLM000790,CUST00087,POL00020,2026-05-10,2026-05-12,smash,Vehicle was heavily damaged after colliding with another car.,101110,100110,Genuine,31,Pending,Pending,Pending,Pending,Pending,Pending
CLM000791,CUST00078,POL00004,2026-04-24,2026-04-24,smash,A high-speed accident caused significant structural damage.,148583,146583,Genuine,37,Pending,Pending,Pending,Pending,Pending,Pending
CLM000792,CUST00003,POL00012,2026-02-19,2026-02-20,smash,Major highway collision caused extensive front-end damage.,103356,102356,Genuine,31,Pending,Pending,Pending,Pending,Pending,Pending
CLM000793,CUST00011,POL00019,2026-04-08,2026-04-08,smash,Front portion of the vehicle was severely smashed during an accident.,150005,148005,Genuine,31,Pending,Pending,Pending,Pending,Pending,Pending
CLM000794,CUST00098,POL00007,2026-04-14,2026-04-18,smash,Vehicle was heavily damaged after colliding with another car.,179146,177146,Genuine,39,Pending,Pending,Pending,Pending,Pending,Pending
CLM000795,CUST00094,POL00015,2026-03-30,2026-04-01,dent,Vehicle was dented after accidental impact with a divider.,17478,15478,Fraud,99,Pending,Pending,Pending,Pending,Pending,Pending
CLM000796,CUST00098,POL00007,2026-05-20,2026-05-20,dent,Driver hit a roadside pole while taking a turn.,28716,26716,Genuine,37,Pending,Pending,Pending,Pending,Pending,Pending
CLM000797,CUST00098,POL00007,2026-05-21,2026-05-24,scratch,Driver accidentally brushed the vehicle against a concrete wall while reversing.,14443,13443,Genuine,40,Pending,Pending,Pending,Pending,Pending,Pending
CLM000798,CUST00099,POL00016,2026-05-05,2026-05-06,scratch,Side panel was scratched while passing through a narrow street.,7282,2282,Genuine,25,Pending,Pending,Pending,Pending,Pending,Pending
CLM000799,CUST00099,POL00016,2026-02-09,2026-02-10,dent,Another vehicle hit the car while waiting at a traffic signal.,8067,3067,Fraud,70,Pending,Pending,Pending,Pending,Pending,Pending
CLM000800,CUST00092,POL00002,2026-02-09,2026-02-09,dent,A low-speed collision caused dents on the front bumper.,29340,28340,Genuine,33,Pending,Pending,Pending,Pending,Pending,Pending
CLM000801,CUST00094,POL00015,2026-06-12,2026-06-15,dent,Vehicle suffered a dent after a rear-end collision.,13806,12806,Genuine,28,Pending,Pending,Pending,Pending,Pending,Pending
CLM000802,CUST00003,POL00012,2026-06-05,2026-06-06,dent,Another vehicle hit the car while waiting at a traffic signal.,30300,27300,Genuine,24,Pending,Pending,Pending,Pending,Pending,Pending
CLM000803,CUST00010,POL00023,2026-02-18,2026-02-21,dent,Vehicle suffered a dent after a rear-end collision.,31070,29070,Fraud,96,Pending,Pending,Pending,Pending,Pending,Pending
CLM000804,CUST00020,POL00017,2026-07-15,2026-07-19,dent,Driver hit a roadside pole while taking a turn.,26080,24080,Genuine,16,Pending,Pending,Pending,Pending,Pending,Pending
CLM000805,CUST00098,POL00007,2026-02-04,2026-02-09,dent,Vehicle was dented after accidental impact with a divider.,15469,12469,Genuine,6,Pending,Pending,Pending,Pending,Pending,Pending
CLM000806,CUST00010,POL00023,2026-05-10,2026-05-13,smash,Vehicle was heavily damaged after colliding with another car.,172931,167931,Genuine,8,Pending,Pending,Pending,Pending,Pending,Pending
CLM000807,CUST00003,POL00012,2026-07-19,2026-07-21,smash,Vehicle was heavily damaged after colliding with another car.,97378,96378,Genuine,19,Pending,Pending,Pending,Pending,Pending,Pending
CLM000808,CUST00083,POL00027,2026-07-25,2026-07-30,glass_break,A stone from a truck shattered the front windshield.,24753,21753,Fraud,88,Pending,Pending,Pending,Pending,Pending,Pending
CLM000809,CUST00011,POL00019,2026-07-24,2026-07-27,glass_break,Windshield developed cracks following a highway incident.,22779,19779,Genuine,11,Pending,Pending,Pending,Pending,Pending,Pending
CLM000810,CUST00026,POL00030,2026-07-18,2026-07-20,glass_break,Glass damage occurred due to falling construction material.,28197,27197,Genuine,26,Pending,Pending,Pending,Pending,Pending,Pending
CLM000811,CUST00011,POL00019,2026-07-23,2026-07-26,glass_break,Side window broke after impact from roadside debris.,41258,40258,Fraud,71,Pending,Pending,Pending,Pending,Pending,Pending
CLM000812,CUST00011,POL00019,2026-07-15,2026-07-15,glass_break,Windshield cracked after being struck by flying debris.,15590,12590,Genuine,32,Pending,Pending,Pending,Pending,Pending,Pending
CLM000813,CUST00026,POL00030,2026-04-06,2026-04-09,glass_break,Windshield developed cracks following a highway incident.,18280,13280,Genuine,5,Pending,Pending,Pending,Pending,Pending,Pending
CLM000814,CUST00092,POL00002,2026-07-04,2026-07-04,glass_break,Windshield cracked after being struck by flying debris.,13702,8702,Genuine,17,Pending,Pending,Pending,Pending,Pending,Pending
CLM000815,CUST00087,POL00020,2026-02-23,2026-02-26,glass_break,A stone from a truck shattered the front windshield.,20256,17256,Genuine,35,Pending,Pending,Pending,Pending,Pending,Pending
CLM000816,CUST00003,POL00012,2026-02-15,2026-02-17,glass_break,Side window broke after impact from roadside debris.,20367,17367,Genuine,37,Pending,Pending,Pending,Pending,Pending,Pending
CLM000817,CUST00026,POL00030,2026-03-21,2026-03-25,glass_break,A stone from a truck shattered the front windshield.,34472,31472,Genuine,5,Pending,Pending,Pending,Pending,Pending,Pending
CLM000818,CUST00020,POL00017,2026-07-14,2026-07-16,glass_break,A stone from a truck shattered the front windshield.,34532,32532,Genuine,17,Pending,Pending,Pending,Pending,Pending,Pending
CLM000819,CUST00064,POL00014,2026-05-08,2026-05-09,glass_break,Windshield cracked after being struck by flying debris.,33701,30701,Genuine,31,Pending,Pending,Pending,Pending,Pending,Pending
CLM000820,CUST00020,POL00017,2026-02-22,2026-02-23,glass_break,A stone from a truck shattered the front windshield.,12242,10242,Genuine,34,Pending,Pending,Pending,Pending,Pending,Pending
CLM000821,CUST00026,POL00030,2026-04-30,2026-04-30,glass_break,Windshield cracked after being struck by flying debris.,36635,34635,Genuine,5,Pending,Pending,Pending,Pending,Pending,Pending
CLM000822,CUST00078,POL00004,2026-07-20,2026-07-20,glass_break,A stone from a truck shattered the front windshield.,31043,26043,Genuine,28,Pending,Pending,Pending,Pending,Pending,Pending
CLM000823,CUST00094,POL00015,2026-03-12,2026-03-13,smash,Vehicle collided with a divider resulting in severe body damage.,166048,163048,Genuine,26,Pending,Pending,Pending,Pending,Pending,Pending
CLM000824,CUST00064,POL00014,2026-06-26,2026-06-29,smash,Major highway collision caused extensive front-end damage.,169360,168360,Fraud,91,Pending,Pending,Pending,Pending,Pending,Pending
CLM000825,CUST00094,POL00015,2026-03-19,2026-03-23,scratch,Side panel was scratched while passing through a narrow street.,6934,3934,Genuine,15,Pending,Pending,Pending,Pending,Pending,Pending
CLM000826,CUST00020,POL00017,2026-02-04,2026-02-06,smash,A high-speed accident caused significant structural damage.,154188,152188,Genuine,29,Pending,Pending,Pending,Pending,Pending,Pending
CLM000827,CUST00094,POL00015,2026-06-23,2026-06-25,smash,Vehicle collided with a divider resulting in severe body damage.,150018,148018,Genuine,23,Pending,Pending,Pending,Pending,Pending,Pending
CLM000828,CUST00045,POL00018,2026-04-02,2026-04-07,smash,Front portion of the vehicle was severely smashed during an accident.,161608,156608,Genuine,10,Pending,Pending,Pending,Pending,Pending,Pending
CLM000829,CUST00094,POL00015,2026-06-16,2026-06-18,smash,A high-speed accident caused significant structural damage.,148452,145452,Genuine,34,Pending,Pending,Pending,Pending,Pending,Pending
CLM000830,CUST00087,POL00020,2026-06-08,2026-06-09,smash,Vehicle collided with a divider resulting in severe body damage.,85171,80171,Genuine,7,Pending,Pending,Pending,Pending,Pending,Pending
CLM000831,CUST00045,POL00018,2026-04-27,2026-04-29,scratch,Scratches were noticed after the vehicle was parked overnight.,8013,3013,Genuine,15,Pending,Pending,Pending,Pending,Pending,Pending
CLM000832,CUST00064,POL00014,2026-04-03,2026-04-07,smash,Front portion of the vehicle was severely smashed during an accident.,108262,105262,Genuine,7,Pending,Pending,Pending,Pending,Pending,Pending
CLM000833,CUST00094,POL00015,2026-05-11,2026-05-13,dent,Another vehicle hit the car while waiting at a traffic signal.,22172,17172,Genuine,36,Pending,Pending,Pending,Pending,Pending,Pending
CLM000834,CUST00094,POL00015,2026-05-17,2026-05-21,dent,Vehicle was dented after accidental impact with a divider.,16703,15703,Genuine,10,Pending,Pending,Pending,Pending,Pending,Pending
CLM000835,CUST00011,POL00019,2026-06-10,2026-06-12,dent,Driver hit a roadside pole while taking a turn.,11885,10885,Genuine,39,Pending,Pending,Pending,Pending,Pending,Pending
CLM000836,CUST00087,POL00020,2026-03-14,2026-03-16,dent,Vehicle suffered a dent after a rear-end collision.,34724,31724,Genuine,13,Pending,Pending,Pending,Pending,Pending,Pending
CLM000837,CUST00003,POL00012,2026-04-02,2026-04-07,smash,Front portion of the vehicle was severely smashed during an accident.,173969,168969,Genuine,5,Pending,Pending,Pending,Pending,Pending,Pending
CLM000838,CUST00092,POL00002,2026-03-03,2026-03-07,smash,Vehicle was heavily damaged after colliding with another car.,144809,142809,Genuine,38,Pending,Pending,Pending,Pending,Pending,Pending
CLM000839,CUST00003,POL00012,2026-06-08,2026-06-11,smash,Vehicle was heavily damaged after colliding with another car.,160860,158860,Genuine,31,Pending,Pending,Pending,Pending,Pending,Pending
CLM000840,CUST00010,POL00023,2026-03-26,2026-03-31,smash,A high-speed accident caused significant structural damage.,164524,162524,Genuine,5,Pending,Pending,Pending,Pending,Pending,Pending
CLM000841,CUST00047,POL00010,2026-05-16,2026-05-18,dent,Vehicle was dented after accidental impact with a divider.,30471,25471,Genuine,39,Pending,Pending,Pending,Pending,Pending,Pending
CLM000842,CUST00010,POL00023,2026-04-25,2026-04-26,smash,Vehicle was heavily damaged after colliding with another car.,70144,67144,Genuine,30,Pending,Pending,Pending,Pending,Pending,Pending
CLM000843,CUST00011,POL00019,2026-02-18,2026-02-20,smash,Major highway collision caused extensive front-end damage.,112230,111230,Genuine,33,Pending,Pending,Pending,Pending,Pending,Pending
CLM000844,CUST00083,POL00027,2026-07-14,2026-07-17,dent,A low-speed collision caused dents on the front bumper.,30577,25577,Fraud,76,Pending,Pending,Pending,Pending,Pending,Pending
CLM000845,CUST00098,POL00007,2026-03-21,2026-03-21,dent,Driver hit a roadside pole while taking a turn.,25183,24183,Genuine,28,Pending,Pending,Pending,Pending,Pending,Pending
CLM000846,CUST00003,POL00012,2026-07-14,2026-07-17,dent,Driver hit a roadside pole while taking a turn.,11628,9628,Genuine,35,Pending,Pending,Pending,Pending,Pending,Pending
CLM000847,CUST00094,POL00015,2026-03-03,2026-03-04,dent,Vehicle was dented after accidental impact with a divider.,34800,29800,Genuine,24,Pending,Pending,Pending,Pending,Pending,Pending
CLM000848,CUST00020,POL00017,2026-02-27,2026-02-28,dent,Vehicle was dented after accidental impact with a divider.,12675,7675,Fraud,82,Pending,Pending,Pending,Pending,Pending,Pending
CLM000849,CUST00045,POL00018,2026-02-16,2026-02-19,dent,A low-speed collision caused dents on the front bumper.,23161,22161,Genuine,23,Pending,Pending,Pending,Pending,Pending,Pending
CLM000850,CUST00020,POL00017,2026-04-05,2026-04-08,dent,Driver hit a roadside pole while taking a turn.,16163,14163,Genuine,32,Pending,Pending,Pending,Pending,Pending,Pending
CLM000851,CUST00083,POL00027,2026-05-18,2026-05-23,smash,Major highway collision caused extensive front-end damage.,166069,164069,Genuine,39,Pending,Pending,Pending,Pending,Pending,Pending
CLM000852,CUST00047,POL00010,2026-03-24,2026-03-26,dent,Another vehicle hit the car while waiting at a traffic signal.,11972,8972,Fraud,73,Pending,Pending,Pending,Pending,Pending,Pending
CLM000853,CUST00020,POL00017,2026-02-18,2026-02-23,smash,Vehicle was heavily damaged after colliding with another car.,116330,115330,Genuine,9,Pending,Pending,Pending,Pending,Pending,Pending
CLM000854,CUST00010,POL00023,2026-06-27,2026-06-29,dent,Another vehicle hit the car while waiting at a traffic signal.,20998,19998,Fraud,73,Pending,Pending,Pending,Pending,Pending,Pending
CLM000855,CUST00010,POL00023,2026-06-26,2026-06-29,smash,A high-speed accident caused significant structural damage.,121883,119883,Genuine,33,Pending,Pending,Pending,Pending,Pending,Pending
CLM000856,CUST00011,POL00019,2026-04-22,2026-04-23,smash,Major highway collision caused extensive front-end damage.,63174,61174,Genuine,39,Pending,Pending,Pending,Pending,Pending,Pending
CLM000857,CUST00020,POL00017,2026-07-23,2026-07-28,smash,Front portion of the vehicle was severely smashed during an accident.,107757,104757,Fraud,92,Pending,Pending,Pending,Pending,Pending,Pending
CLM000858,CUST00011,POL00019,2026-04-09,2026-04-09,smash,Front portion of the vehicle was severely smashed during an accident.,156366,155366,Genuine,24,Pending,Pending,Pending,Pending,Pending,Pending
CLM000859,CUST00083,POL00027,2026-06-10,2026-06-10,smash,Major highway collision caused extensive front-end damage.,171742,169742,Genuine,20,Pending,Pending,Pending,Pending,Pending,Pending
CLM000860,CUST00078,POL00004,2026-06-05,2026-06-05,dent,Driver hit a roadside pole while taking a turn.,34887,32887,Genuine,9,Pending,Pending,Pending,Pending,Pending,Pending
CLM000861,CUST00064,POL00014,2026-02-22,2026-02-23,smash,Front portion of the vehicle was severely smashed during an accident.,64114,61114,Genuine,17,Pending,Pending,Pending,Pending,Pending,Pending
CLM000862,CUST00047,POL00010,2026-07-28,2026-07-31,glass_break,Side window broke after impact from roadside debris.,26010,25010,Genuine,16,Pending,Pending,Pending,Pending,Pending,Pending
CLM000863,CUST00078,POL00004,2026-02-15,2026-02-19,glass_break,Side window broke after impact from roadside debris.,26424,25424,Genuine,22,Pending,Pending,Pending,Pending,Pending,Pending
CLM000864,CUST00020,POL00017,2026-03-16,2026-03-20,glass_break,A stone from a truck shattered the front windshield.,31761,26761,Genuine,11,Pending,Pending,Pending,Pending,Pending,Pending
CLM000865,CUST00094,POL00015,2026-02-11,2026-02-14,glass_break,Windshield cracked after being struck by flying debris.,37465,35465,Genuine,25,Pending,Pending,Pending,Pending,Pending,Pending
CLM000866,CUST00026,POL00030,2026-06-02,2026-06-02,smash,Front portion of the vehicle was severely smashed during an accident.,116981,114981,Genuine,5,Pending,Pending,Pending,Pending,Pending,Pending
CLM000867,CUST00010,POL00023,2026-06-26,2026-06-28,glass_break,Windshield developed cracks following a highway incident.,40082,38082,Genuine,8,Pending,Pending,Pending,Pending,Pending,Pending
CLM000868,CUST00094,POL00015,2026-05-08,2026-05-09,smash,A high-speed accident caused significant structural damage.,76789,75789,Genuine,33,Pending,Pending,Pending,Pending,Pending,Pending
CLM000869,CUST00010,POL00023,2026-07-25,2026-07-26,dent,A low-speed collision caused dents on the front bumper.,33945,28945,Genuine,23,Pending,Pending,Pending,Pending,Pending,Pending
CLM000870,CUST00003,POL00012,2026-02-26,2026-03-01,smash,Front portion of the vehicle was severely smashed during an accident.,57087,55087,Genuine,19,Pending,Pending,Pending,Pending,Pending,Pending
CLM000871,CUST00010,POL00023,2026-06-12,2026-06-12,scratch,Driver accidentally brushed the vehicle against a concrete wall while reversing.,3099,2099,Genuine,9,Pending,Pending,Pending,Pending,Pending,Pending
CLM000872,CUST00087,POL00020,2026-04-03,2026-04-05,glass_break,A stone from a truck shattered the front windshield.,25393,23393,Genuine,32,Pending,Pending,Pending,Pending,Pending,Pending
CLM000873,CUST00083,POL00027,2026-02-19,2026-02-20,smash,A high-speed accident caused significant structural damage.,129410,127410,Genuine,33,Pending,Pending,Pending,Pending,Pending,Pending
CLM000874,CUST00094,POL00015,2026-03-24,2026-03-28,glass_break,Windshield developed cracks following a highway incident.,36754,34754,Genuine,32,Pending,Pending,Pending,Pending,Pending,Pending
CLM000875,CUST00020,POL00017,2026-03-01,2026-03-05,dent,Driver hit a roadside pole while taking a turn.,22004,21004,Genuine,24,Pending,Pending,Pending,Pending,Pending,Pending
CLM000876,CUST00064,POL00014,2026-02-26,2026-03-01,scratch,Vehicle was scratched while parking in a shopping mall.,8011,3011,Genuine,40,Pending,Pending,Pending,Pending,Pending,Pending
CLM000877,CUST00010,POL00023,2026-03-25,2026-03-30,scratch,Minor scratches occurred due to contact with another parked vehicle.,5535,3535,Fraud,97,Pending,Pending,Pending,Pending,Pending,Pending
CLM000878,CUST00010,POL00023,2026-04-18,2026-04-18,scratch,Vehicle was scratched while parking in a shopping mall.,9113,4113,Genuine,9,Pending,Pending,Pending,Pending,Pending,Pending
CLM000879,CUST00026,POL00030,2026-03-23,2026-03-28,scratch,Side panel was scratched while passing through a narrow street.,10148,7148,Genuine,27,Pending,Pending,Pending,Pending,Pending,Pending
CLM000880,CUST00026,POL00030,2026-03-31,2026-03-31,scratch,Minor scratches occurred due to contact with another parked vehicle.,9313,4313,Genuine,20,Pending,Pending,Pending,Pending,Pending,Pending
CLM000881,CUST00083,POL00027,2026-05-27,2026-05-28,scratch,Scratches were noticed after the vehicle was parked overnight.,12919,7919,Genuine,14,Pending,Pending,Pending,Pending,Pending,Pending
CLM000882,CUST00045,POL00018,2026-03-21,2026-03-22,scratch,Side panel was scratched while passing through a narrow street.,13557,8557,Genuine,10,Pending,Pending,Pending,Pending,Pending,Pending
CLM000883,CUST00045,POL00018,2026-07-09,2026-07-09,scratch,Scratches were noticed after the vehicle was parked overnight.,7951,2951,Genuine,31,Pending,Pending,Pending,Pending,Pending,Pending
CLM000884,CUST00099,POL00016,2026-06-18,2026-06-21,scratch,Vehicle was scratched while parking in a shopping mall.,6432,1432,Genuine,5,Pending,Pending,Pending,Pending,Pending,Pending
CLM000885,CUST00026,POL00030,2026-06-16,2026-06-18,glass_break,A stone from a truck shattered the front windshield.,39318,36318,Genuine,15,Pending,Pending,Pending,Pending,Pending,Pending
CLM000886,CUST00011,POL00019,2026-06-14,2026-06-15,glass_break,Windshield cracked after being struck by flying debris.,44939,43939,Genuine,18,Pending,Pending,Pending,Pending,Pending,Pending
CLM000887,CUST00011,POL00019,2026-07-11,2026-07-13,scratch,Vehicle was scratched while parking in a shopping mall.,10220,9220,Genuine,15,Pending,Pending,Pending,Pending,Pending,Pending
CLM000888,CUST00083,POL00027,2026-03-29,2026-04-03,scratch,Vehicle was scratched while parking in a shopping mall.,8605,7605,Genuine,35,Pending,Pending,Pending,Pending,Pending,Pending
CLM000889,CUST00047,POL00010,2026-07-30,2026-08-02,dent,Vehicle was dented after accidental impact with a divider.,29801,28801,Genuine,38,Pending,Pending,Pending,Pending,Pending,Pending
CLM000890,CUST00011,POL00019,2026-05-12,2026-05-13,scratch,Minor scratches occurred due to contact with another parked vehicle.,12902,7902,Genuine,26,Pending,Pending,Pending,Pending,Pending,Pending
CLM000891,CUST00083,POL00027,2026-02-03,2026-02-06,scratch,Driver accidentally brushed the vehicle against a concrete wall while reversing.,8410,7410,Fraud,97,Pending,Pending,Pending,Pending,Pending,Pending
CLM000892,CUST00092,POL00002,2026-03-22,2026-03-25,scratch,Driver accidentally brushed the vehicle against a concrete wall while reversing.,7578,5578,Genuine,35,Pending,Pending,Pending,Pending,Pending,Pending
CLM000893,CUST00047,POL00010,2026-02-08,2026-02-11,glass_break,A stone from a truck shattered the front windshield.,35606,34606,Genuine,25,Pending,Pending,Pending,Pending,Pending,Pending
CLM000894,CUST00078,POL00004,2026-04-24,2026-04-26,dent,Vehicle was dented after accidental impact with a divider.,22021,17021,Genuine,11,Pending,Pending,Pending,Pending,Pending,Pending
CLM000895,CUST00064,POL00014,2026-07-09,2026-07-11,smash,Front portion of the vehicle was severely smashed during an accident.,164849,163849,Fraud,95,Pending,Pending,Pending,Pending,Pending,Pending
CLM000896,CUST00092,POL00002,2026-02-13,2026-02-18,dent,Vehicle suffered a dent after a rear-end collision.,23799,21799,Genuine,15,Pending,Pending,Pending,Pending,Pending,Pending
CLM000897,CUST00094,POL00015,2026-05-27,2026-06-01,dent,Another vehicle hit the car while waiting at a traffic signal.,18698,13698,Genuine,19,Pending,Pending,Pending,Pending,Pending,Pending
CLM000898,CUST00003,POL00012,2026-05-07,2026-05-08,smash,Front portion of the vehicle was severely smashed during an accident.,133040,128040,Fraud,92,Pending,Pending,Pending,Pending,Pending,Pending
CLM000899,CUST00026,POL00030,2026-04-11,2026-04-12,smash,Vehicle collided with a divider resulting in severe body damage.,169297,164297,Genuine,40,Pending,Pending,Pending,Pending,Pending,Pending
CLM000900,CUST00099,POL00016,2026-07-02,2026-07-06,smash,A high-speed accident caused significant structural damage.,64599,63599,Genuine,17,Pending,Pending,Pending,Pending,Pending,Pending
CLM000901,CUST00045,POL00018,2026-06-13,2026-06-16,smash,Vehicle was heavily damaged after colliding with another car.,146589,145589,Genuine,39,Pending,Pending,Pending,Pending,Pending,Pending
CLM000902,CUST00064,POL00014,2026-03-16,2026-03-19,smash,A high-speed accident caused significant structural damage.,136998,134998,Fraud,70,Pending,Pending,Pending,Pending,Pending,Pending
CLM000903,CUST00010,POL00023,2026-06-24,2026-06-29,smash,Major highway collision caused extensive front-end damage.,139126,134126,Fraud,79,Pending,Pending,Pending,Pending,Pending,Pending
CLM000904,CUST00011,POL00019,2026-03-27,2026-03-29,smash,Vehicle was heavily damaged after colliding with another car.,161105,156105,Genuine,18,Pending,Pending,Pending,Pending,Pending,Pending
CLM000905,CUST00010,POL00023,2026-06-16,2026-06-19,smash,Vehicle was heavily damaged after colliding with another car.,77605,75605,Genuine,8,Pending,Pending,Pending,Pending,Pending,Pending
CLM000906,CUST00026,POL00030,2026-05-03,2026-05-06,smash,Vehicle was heavily damaged after colliding with another car.,121819,116819,Genuine,35,Pending,Pending,Pending,Pending,Pending,Pending
CLM000907,CUST00026,POL00030,2026-04-22,2026-04-22,smash,Vehicle collided with a divider resulting in severe body damage.,141275,139275,Genuine,40,Pending,Pending,Pending,Pending,Pending,Pending
CLM000908,CUST00083,POL00027,2026-04-09,2026-04-14,smash,Vehicle was heavily damaged after colliding with another car.,89855,84855,Genuine,13,Pending,Pending,Pending,Pending,Pending,Pending
CLM000909,CUST00010,POL00023,2026-04-30,2026-05-05,smash,Front portion of the vehicle was severely smashed during an accident.,155428,153428,Genuine,5,Pending,Pending,Pending,Pending,Pending,Pending
CLM000910,CUST00026,POL00030,2026-07-17,2026-07-17,smash,A high-speed accident caused significant structural damage.,174570,169570,Genuine,15,Pending,Pending,Pending,Pending,Pending,Pending
CLM000911,CUST00011,POL00019,2026-05-30,2026-05-30,glass_break,Windshield cracked after being struck by flying debris.,34183,29183,Genuine,30,Pending,Pending,Pending,Pending,Pending,Pending
CLM000912,CUST00092,POL00002,2026-02-04,2026-02-09,smash,Major highway collision caused extensive front-end damage.,140175,138175,Genuine,29,Pending,Pending,Pending,Pending,Pending,Pending
CLM000913,CUST00094,POL00015,2026-07-02,2026-07-02,smash,Major highway collision caused extensive front-end damage.,132881,127881,Genuine,12,Pending,Pending,Pending,Pending,Pending,Pending
CLM000914,CUST00098,POL00007,2026-03-02,2026-03-03,glass_break,Windshield developed cracks following a highway incident.,43424,40424,Genuine,11,Pending,Pending,Pending,Pending,Pending,Pending
CLM000915,CUST00092,POL00002,2026-03-16,2026-03-17,dent,Another vehicle hit the car while waiting at a traffic signal.,26724,24724,Genuine,9,Pending,Pending,Pending,Pending,Pending,Pending
CLM000916,CUST00047,POL00010,2026-02-13,2026-02-13,smash,Vehicle collided with a divider resulting in severe body damage.,118013,117013,Genuine,18,Pending,Pending,Pending,Pending,Pending,Pending
CLM000917,CUST00083,POL00027,2026-02-14,2026-02-15,smash,Major highway collision caused extensive front-end damage.,66127,65127,Fraud,76,Pending,Pending,Pending,Pending,Pending,Pending
CLM000918,CUST00011,POL00019,2026-06-18,2026-06-21,dent,Vehicle suffered a dent after a rear-end collision.,24585,21585,Genuine,39,Pending,Pending,Pending,Pending,Pending,Pending
CLM000919,CUST00020,POL00017,2026-02-04,2026-02-06,glass_break,Glass damage occurred due to falling construction material.,31228,26228,Genuine,36,Pending,Pending,Pending,Pending,Pending,Pending
CLM000920,CUST00078,POL00004,2026-06-25,2026-06-27,smash,Vehicle collided with a divider resulting in severe body damage.,62977,61977,Genuine,17,Pending,Pending,Pending,Pending,Pending,Pending
CLM000921,CUST00010,POL00023,2026-04-14,2026-04-14,smash,Front portion of the vehicle was severely smashed during an accident.,97063,94063,Fraud,89,Pending,Pending,Pending,Pending,Pending,Pending
CLM000922,CUST00020,POL00017,2026-02-08,2026-02-11,glass_break,A stone from a truck shattered the front windshield.,22703,17703,Genuine,21,Pending,Pending,Pending,Pending,Pending,Pending
CLM000923,CUST00087,POL00020,2026-02-27,2026-02-28,smash,Vehicle was heavily damaged after colliding with another car.,141331,139331,Genuine,37,Pending,Pending,Pending,Pending,Pending,Pending
CLM000924,CUST00092,POL00002,2026-03-17,2026-03-17,scratch,Scratches were noticed after the vehicle was parked overnight.,3424,1424,Genuine,12,Pending,Pending,Pending,Pending,Pending,Pending
CLM000925,CUST00045,POL00018,2026-06-24,2026-06-25,dent,A low-speed collision caused dents on the front bumper.,10915,7915,Genuine,22,Pending,Pending,Pending,Pending,Pending,Pending
CLM000926,CUST00094,POL00015,2026-06-17,2026-06-21,scratch,Minor scratches occurred due to contact with another parked vehicle.,9203,8203,Genuine,12,Pending,Pending,Pending,Pending,Pending,Pending
CLM000927,CUST00094,POL00015,2026-07-19,2026-07-20,dent,A low-speed collision caused dents on the front bumper.,26748,23748,Genuine,11,Pending,Pending,Pending,Pending,Pending,Pending
CLM000928,CUST00003,POL00012,2026-05-26,2026-05-26,scratch,Scratches were noticed after the vehicle was parked overnight.,14105,9105,Genuine,13,Pending,Pending,Pending,Pending,Pending,Pending
CLM000929,CUST00083,POL00027,2026-02-18,2026-02-20,smash,Vehicle collided with a divider resulting in severe body damage.,99650,96650,Fraud,93,Pending,Pending,Pending,Pending,Pending,Pending
CLM000930,CUST00045,POL00018,2026-05-19,2026-05-21,glass_break,Windshield developed cracks following a highway incident.,40767,37767,Genuine,37,Pending,Pending,Pending,Pending,Pending,Pending
CLM000931,CUST00092,POL00002,2026-07-12,2026-07-17,dent,Driver hit a roadside pole while taking a turn.,21320,18320,Genuine,10,Pending,Pending,Pending,Pending,Pending,Pending
CLM000932,CUST00094,POL00015,2026-07-29,2026-08-01,dent,Vehicle was dented after accidental impact with a divider.,32360,29360,Genuine,36,Pending,Pending,Pending,Pending,Pending,Pending
CLM000933,CUST00092,POL00002,2026-07-30,2026-08-04,glass_break,Windshield developed cracks following a highway incident.,20171,15171,Fraud,76,Pending,Pending,Pending,Pending,Pending,Pending
CLM000934,CUST00064,POL00014,2026-06-04,2026-06-05,smash,Major highway collision caused extensive front-end damage.,108805,106805,Genuine,38,Pending,Pending,Pending,Pending,Pending,Pending
CLM000935,CUST00010,POL00023,2026-07-03,2026-07-05,smash,Vehicle collided with a divider resulting in severe body damage.,105407,100407,Genuine,28,Pending,Pending,Pending,Pending,Pending,Pending
CLM000936,CUST00010,POL00023,2026-06-06,2026-06-08,glass_break,Glass damage occurred due to falling construction material.,31237,28237,Genuine,30,Pending,Pending,Pending,Pending,Pending,Pending
CLM000937,CUST00020,POL00017,2026-05-16,2026-05-18,smash,Major highway collision caused extensive front-end damage.,96628,95628,Genuine,26,Pending,Pending,Pending,Pending,Pending,Pending
CLM000938,CUST00083,POL00027,2026-06-11,2026-06-11,dent,Vehicle was dented after accidental impact with a divider.,19617,18617,Genuine,36,Pending,Pending,Pending,Pending,Pending,Pending
CLM000939,CUST00087,POL00020,2026-06-04,2026-06-07,dent,Another vehicle hit the car while waiting at a traffic signal.,8226,6226,Genuine,21,Pending,Pending,Pending,Pending,Pending,Pending
CLM000940,CUST00099,POL00016,2026-02-13,2026-02-16,glass_break,A stone from a truck shattered the front windshield.,23939,20939,Genuine,33,Pending,Pending,Pending,Pending,Pending,Pending
CLM000941,CUST00083,POL00027,2026-07-21,2026-07-22,scratch,Side panel was scratched while passing through a narrow street.,8885,6885,Genuine,23,Pending,Pending,Pending,Pending,Pending,Pending
CLM000942,CUST00098,POL00007,2026-07-01,2026-07-04,glass_break,Windshield developed cracks following a highway incident.,22506,20506,Genuine,22,Pending,Pending,Pending,Pending,Pending,Pending
CLM000943,CUST00094,POL00015,2026-07-26,2026-07-27,scratch,Driver accidentally brushed the vehicle against a concrete wall while reversing.,9551,4551,Genuine,11,Pending,Pending,Pending,Pending,Pending,Pending
CLM000944,CUST00026,POL00030,2026-04-13,2026-04-17,glass_break,Windshield cracked after being struck by flying debris.,27499,26499,Genuine,26,Pending,Pending,Pending,Pending,Pending,Pending
CLM000945,CUST00098,POL00007,2026-02-23,2026-02-24,smash,Front portion of the vehicle was severely smashed during an accident.,113691,112691,Genuine,20,Pending,Pending,Pending,Pending,Pending,Pending
CLM000946,CUST00098,POL00007,2026-06-11,2026-06-14,glass_break,Windshield cracked after being struck by flying debris.,29270,27270,Genuine,32,Pending,Pending,Pending,Pending,Pending,Pending
CLM000947,CUST00020,POL00017,2026-06-12,2026-06-13,glass_break,Windshield developed cracks following a highway incident.,19894,17894,Genuine,22,Pending,Pending,Pending,Pending,Pending,Pending
CLM000948,CUST00047,POL00010,2026-02-02,2026-02-07,glass_break,A stone from a truck shattered the front windshield.,15339,10339,Genuine,24,Pending,Pending,Pending,Pending,Pending,Pending
CLM000949,CUST00078,POL00004,2026-07-03,2026-07-05,smash,A high-speed accident caused significant structural damage.,58041,53041,Genuine,24,Pending,Pending,Pending,Pending,Pending,Pending
CLM000950,CUST00020,POL00017,2026-07-18,2026-07-23,smash,A high-speed accident caused significant structural damage.,91922,90922,Genuine,5,Pending,Pending,Pending,Pending,Pending,Pending
CLM000951,CUST00098,POL00007,2026-03-28,2026-03-30,smash,A high-speed accident caused significant structural damage.,169076,168076,Genuine,21,Pending,Pending,Pending,Pending,Pending,Pending
CLM000952,CUST00026,POL00030,2026-03-03,2026-03-07,smash,Front portion of the vehicle was severely smashed during an accident.,51790,49790,Genuine,28,Pending,Pending,Pending,Pending,Pending,Pending
CLM000953,CUST00094,POL00015,2026-06-28,2026-07-03,smash,Front portion of the vehicle was severely smashed during an accident.,126588,121588,Fraud,73,Pending,Pending,Pending,Pending,Pending,Pending
CLM000954,CUST00099,POL00016,2026-03-14,2026-03-18,smash,A high-speed accident caused significant structural damage.,142361,137361,Genuine,9,Pending,Pending,Pending,Pending,Pending,Pending
CLM000955,CUST00011,POL00019,2026-04-15,2026-04-19,smash,A high-speed accident caused significant structural damage.,119934,117934,Fraud,76,Pending,Pending,Pending,Pending,Pending,Pending
CLM000956,CUST00010,POL00023,2026-03-30,2026-04-02,smash,Front portion of the vehicle was severely smashed during an accident.,144021,143021,Genuine,9,Pending,Pending,Pending,Pending,Pending,Pending
CLM000957,CUST00083,POL00027,2026-07-16,2026-07-21,dent,Driver hit a roadside pole while taking a turn.,12224,9224,Fraud,88,Pending,Pending,Pending,Pending,Pending,Pending
CLM000958,CUST00020,POL00017,2026-04-20,2026-04-24,dent,A low-speed collision caused dents on the front bumper.,22344,17344,Genuine,29,Pending,Pending,Pending,Pending,Pending,Pending
CLM000959,CUST00010,POL00023,2026-03-22,2026-03-25,dent,Vehicle was dented after accidental impact with a divider.,26739,24739,Genuine,5,Pending,Pending,Pending,Pending,Pending,Pending
CLM000960,CUST00045,POL00018,2026-06-04,2026-06-04,dent,Vehicle was dented after accidental impact with a divider.,31208,28208,Genuine,15,Pending,Pending,Pending,Pending,Pending,Pending
CLM000961,CUST00094,POL00015,2026-07-18,2026-07-23,dent,Driver hit a roadside pole while taking a turn.,12854,9854,Genuine,22,Pending,Pending,Pending,Pending,Pending,Pending
CLM000962,CUST00098,POL00007,2026-05-25,2026-05-30,glass_break,A stone from a truck shattered the front windshield.,34771,31771,Genuine,40,Pending,Pending,Pending,Pending,Pending,Pending
CLM000963,CUST00078,POL00004,2026-05-21,2026-05-22,glass_break,Side window broke after impact from roadside debris.,15752,14752,Genuine,19,Pending,Pending,Pending,Pending,Pending,Pending
CLM000964,CUST00026,POL00030,2026-06-09,2026-06-12,glass_break,A stone from a truck shattered the front windshield.,37033,34033,Genuine,40,Pending,Pending,Pending,Pending,Pending,Pending
CLM000965,CUST00094,POL00015,2026-04-28,2026-04-29,glass_break,Windshield developed cracks following a highway incident.,37917,35917,Genuine,32,Pending,Pending,Pending,Pending,Pending,Pending
CLM000966,CUST00078,POL00004,2026-06-15,2026-06-20,glass_break,Side window broke after impact from roadside debris.,24125,22125,Genuine,36,Pending,Pending,Pending,Pending,Pending,Pending
CLM000967,CUST00045,POL00018,2026-04-13,2026-04-14,glass_break,Windshield developed cracks following a highway incident.,37834,35834,Fraud,72,Pending,Pending,Pending,Pending,Pending,Pending
CLM000968,CUST00094,POL00015,2026-07-03,2026-07-03,glass_break,Windshield cracked after being struck by flying debris.,12772,11772,Genuine,6,Pending,Pending,Pending,Pending,Pending,Pending
CLM000969,CUST00094,POL00015,2026-07-04,2026-07-08,smash,A high-speed accident caused significant structural damage.,68695,67695,Genuine,5,Pending,Pending,Pending,Pending,Pending,Pending
CLM000970,CUST00099,POL00016,2026-05-08,2026-05-11,dent,Driver hit a roadside pole while taking a turn.,32892,27892,Genuine,24,Pending,Pending,Pending,Pending,Pending,Pending
CLM000971,CUST00098,POL00007,2026-07-05,2026-07-09,smash,A high-speed accident caused significant structural damage.,121252,120252,Fraud,71,Pending,Pending,Pending,Pending,Pending,Pending
CLM000972,CUST00003,POL00012,2026-04-24,2026-04-25,dent,A low-speed collision caused dents on the front bumper.,8039,6039,Fraud,83,Pending,Pending,Pending,Pending,Pending,Pending
CLM000973,CUST00020,POL00017,2026-06-04,2026-06-04,smash,A high-speed accident caused significant structural damage.,165896,164896,Genuine,12,Pending,Pending,Pending,Pending,Pending,Pending
CLM000974,CUST00078,POL00004,2026-06-16,2026-06-19,dent,Vehicle was dented after accidental impact with a divider.,19812,18812,Genuine,14,Pending,Pending,Pending,Pending,Pending,Pending
CLM000975,CUST00098,POL00007,2026-02-22,2026-02-24,smash,A high-speed accident caused significant structural damage.,105737,103737,Genuine,24,Pending,Pending,Pending,Pending,Pending,Pending
CLM000976,CUST00083,POL00027,2026-07-31,2026-08-01,smash,Vehicle collided with a divider resulting in severe body damage.,98380,95380,Genuine,9,Pending,Pending,Pending,Pending,Pending,Pending
CLM000977,CUST00045,POL00018,2026-03-06,2026-03-09,smash,A high-speed accident caused significant structural damage.,144547,139547,Genuine,12,Pending,Pending,Pending,Pending,Pending,Pending
CLM000978,CUST00010,POL00023,2026-04-14,2026-04-17,scratch,Side panel was scratched while passing through a narrow street.,5979,1000,Genuine,36,Pending,Pending,Pending,Pending,Pending,Pending
CLM000979,CUST00087,POL00020,2026-03-17,2026-03-21,smash,Vehicle collided with a divider resulting in severe body damage.,104874,99874,Genuine,36,Pending,Pending,Pending,Pending,Pending,Pending
CLM000980,CUST00078,POL00004,2026-04-30,2026-04-30,dent,Driver hit a roadside pole while taking a turn.,26935,24935,Genuine,20,Pending,Pending,Pending,Pending,Pending,Pending
CLM000981,CUST00045,POL00018,2026-06-26,2026-06-28,dent,Another vehicle hit the car while waiting at a traffic signal.,11609,10609,Genuine,28,Pending,Pending,Pending,Pending,Pending,Pending
CLM000982,CUST00094,POL00015,2026-07-01,2026-07-06,dent,Driver hit a roadside pole while taking a turn.,14905,12905,Fraud,74,Pending,Pending,Pending,Pending,Pending,Pending
CLM000983,CUST00083,POL00027,2026-02-12,2026-02-16,dent,Vehicle suffered a dent after a rear-end collision.,21916,18916,Fraud,73,Pending,Pending,Pending,Pending,Pending,Pending
CLM000984,CUST00003,POL00012,2026-07-12,2026-07-12,dent,Vehicle was dented after accidental impact with a divider.,12813,9813,Genuine,20,Pending,Pending,Pending,Pending,Pending,Pending
CLM000985,CUST00099,POL00016,2026-04-02,2026-04-05,smash,A high-speed accident caused significant structural damage.,147459,145459,Genuine,24,Pending,Pending,Pending,Pending,Pending,Pending
CLM000986,CUST00010,POL00023,2026-07-23,2026-07-27,smash,Vehicle collided with a divider resulting in severe body damage.,64583,62583,Fraud,90,Pending,Pending,Pending,Pending,Pending,Pending
CLM000987,CUST00092,POL00002,2026-05-14,2026-05-19,glass_break,A stone from a truck shattered the front windshield.,41772,38772,Genuine,37,Pending,Pending,Pending,Pending,Pending,Pending
CLM000988,CUST00087,POL00020,2026-02-23,2026-02-23,glass_break,A stone from a truck shattered the front windshield.,36743,34743,Genuine,30,Pending,Pending,Pending,Pending,Pending,Pending
CLM000989,CUST00011,POL00019,2026-04-25,2026-04-26,glass_break,Windshield cracked after being struck by flying debris.,42699,37699,Genuine,30,Pending,Pending,Pending,Pending,Pending,Pending
CLM000990,CUST00064,POL00014,2026-02-27,2026-03-01,glass_break,Windshield cracked after being struck by flying debris.,29689,28689,Genuine,28,Pending,Pending,Pending,Pending,Pending,Pending
CLM000991,CUST00094,POL00015,2026-05-13,2026-05-14,glass_break,Glass damage occurred due to falling construction material.,18977,17977,Genuine,5,Pending,Pending,Pending,Pending,Pending,Pending
CLM000992,CUST00099,POL00016,2026-03-09,2026-03-12,glass_break,Windshield cracked after being struck by flying debris.,29640,28640,Genuine,7,Pending,Pending,Pending,Pending,Pending,Pending
CLM000993,CUST00003,POL00012,2026-03-25,2026-03-26,scratch,Minor scratches occurred due to contact with another parked vehicle.,3138,1000,Genuine,30,Pending,Pending,Pending,Pending,Pending,Pending
CLM000994,CUST00098,POL00007,2026-07-06,2026-07-10,scratch,Driver accidentally brushed the vehicle against a concrete wall while reversing.,14512,13512,Genuine,37,Pending,Pending,Pending,Pending,Pending,Pending
CLM000995,CUST00094,POL00015,2026-02-07,2026-02-10,scratch,Vehicle was scratched while parking in a shopping mall.,12606,11606,Genuine,14,Pending,Pending,Pending,Pending,Pending,Pending
CLM000996,CUST00047,POL00010,2026-03-25,2026-03-29,scratch,Scratches were noticed after the vehicle was parked overnight.,14165,12165,Genuine,15,Pending,Pending,Pending,Pending,Pending,Pending
CLM000997,CUST00087,POL00020,2026-07-21,2026-07-26,glass_break,Windshield developed cracks following a highway incident.,31060,28060,Genuine,32,Pending,Pending,Pending,Pending,Pending,Pending
CLM000998,CUST00078,POL00004,2026-06-25,2026-06-27,smash,Front portion of the vehicle was severely smashed during an accident.,124304,119304,Fraud,70,Pending,Pending,Pending,Pending,Pending,Pending
CLM000999,CUST00047,POL00010,2026-07-14,2026-07-16,scratch,Scratches were noticed after the vehicle was parked overnight.,8139,6139,Genuine,15,Pending,Pending,Pending,Pending,Pending,Pending
CLM001000,CUST00026,POL00030,2026-05-27,2026-05-30,scratch,Driver accidentally brushed the vehicle against a concrete wall while reversing.,5935,1000,Genuine,35,Pending,Pending,Pending,Pending,Pending,Pending
CLM001001,CUST00094,POL00015,2026-04-10,2026-04-12,scratch,Scratches were noticed after the vehicle was parked overnight.,8955,5955,Genuine,13,Pending,Pending,Pending,Pending,Pending,Pending
CLM001002,CUST00092,POL00002,2026-02-23,2026-02-28,scratch,Vehicle was scratched while parking in a shopping mall.,9769,4769,Genuine,7,Pending,Pending,Pending,Pending,Pending,Pending
